:020000041000EA
:1000000000B5324B212058609868022188439860DF
:10001000D860186158612E4B002199600221596106
:100020000121F02299502B49196001219960352056
:1000300000F044F80222904214D00621196600F024
:1000400034F8196E01211966002018661A6600F04E
:100050002CF8196E196E196E052000F02FF8012189
:100060000842F9D1002199601B49196000215960AB
:100070001A491B48016001219960EB211966A021F2
:10008000196600F012F800219960164914480160C1
:100090000121996001BC002800D000471248134993
:1000A000086003C880F30888084703B5996A0420EC
:1000B0000142FBD001200142F8D103BD02B5186610
:1000C0001866FFF7F2FF186E186E02BD00000240BE
:1000D000000000180000070000035F00212200005C
:1000E000F4000018222000A00001001008ED00E03C
:1000F00000000000000000000000000074B24E7A12
:1001000000200420F7010010CB010010CD010010E9
:10011000C9010010C9010010C9010010C901001077
:10012000C9010010C9010010C9010010CF01001061
:10013000C9010010C9010010D1010010D301001045
:10014000C1010010C1010010C1010010C101001067
:10015000C1010010C1010010C1010010C101001057
:10016000C1010010C1010010C1010010C101001047
:10017000C1010010C1010010C1010010C101001037
:10018000C1010010C1010010C1010010C101001027
:10019000C1010010C1010010C1010010C101001017
:1001A000C1010010C1010010C1010010C101001007
:1001B000C1010010C1010010C1010010C1010010F7
:1001C000EFF30580103800BE00BE00BE00BE00BECA
:1001D00000BE00BEF2EB88719C7F0010BC7F001057
:1001E0003802001090A31AE71E481F49086006C88D
:1001F00081F3088810471D480068002801D019487D
:10020000F3E70DA40ECC002902D000F012F8F9E7B4
:100210001749184A002000E001C19142FCD116495B
:100220008847164988471649884700BEFDE701C937
:1002300001C29A42FBD37047BC7F0010C00000206F
:10024000101100200C900010000004200000042079
:100250000C9000100010042000100420000000008A
:10026000704700000000000008ED00E0000000D032
:1002700010110020202200208D4700109D04001046
:1002800085470010F8B5C04606480749091A8B1083
:10029000C90FC91810B5491003D0044B002B00D06A
:1002A000984710BD10110020101100200000000020
:1002B000054B10B5002B03D00449054800E000BFF2
:1002C000FFF7E2FF10BDC04600000000B021002093
:1002D0008C770010F0B5C64600B53A4B3A4F1B7804
:1002E0003978C2B0581AC0B28B420ED002AB9846D1
:1002F0001A000024354D0B19DBB2EB5C13700A2B8E
:100300001ED0013401328442F5DB314F314B387855
:100310001A78121AD2B2002A0ED002AB98461900EF
:1003200000242D4D0319DBB2EB5C0B700A2B28D097
:10033000013401319442F5DB42B080BCB846F0BDD7
:10034000002006F0E9F80028DFD0244804F02EFC55
:1003500043465E1C6B463419DD1D00E00136434602
:100360001B7801222B702900002006F0B5F83B789D
:10037000B04601333B70A642F0D1002006F072F87F
:10038000C3E7002006F0C8F80028D5D0144804F0D0
:100390000DFC43465E1C6B463419DD1D00E0013642
:1003A00043461B7801222B702900002006F094F8A8
:1003B0003B78B04601333B70A642F0D1002006F0F6
:1003C00051F8B9E71B22002018220020381B00201A
:1003D000192200201C220020381C002090770010D9
:1003E0009C770010F8B5DE4657464E46454601203C
:1003F000E0B501F0A3FB8346022001F09FFB82469B
:10040000032001F09BFB8146092001F097FB804609
:100410000A2001F093FB07000B2001F08FFB060080
:100420000C2001F08BFB05000D2001F087FB040080
:100430005946124804F0BAFB5146114804F0B6FB85
:100440004946104804F0B2FB41460F4804F0AEFBA9
:1004500039000E4804F0AAFB31000D4804F0A6FB59
:1004600029000C4804F0A2FB21000B4804F09EFB7D
:10047000F0BCBB46B246A946A046F8BDA477001022
:10048000B8770010CC770010E0770010F4770010F8
:10049000087800101C78001030780010F0B5DE46A7
:1004A00057464E464546E0B599B004F0ADFA0221F4
:1004B000082000F019FA0221092000F015FA0022A4
:1004C0000121092000F02AFA02210C2000F00CFA88
:1004D00002210D2000F008FA002201210D2000F079
:1004E0001DFADE49DE4806F073FF062105001020E4
:1004F00000F0FAF90123002110220093D84806F0F9
:10050000E3FF80235B02149314AB9A46EB1CEA01D1
:100510001B031343D34A0520134052465360D24B6A
:10052000D360D24B936001F003FB02F025FCD0496D
:1005300002F007FCEC21890502F000FC061C02F029
:1005400043FC84B20023002C0DD0200002F014FCE8
:10055000011C301C02F0EFFB8721C90502F005FCED
:1005600002F032FCC3B224041B022343BC4C2A0019
:10057000149300215346200007F000F8012223685D
:10058000134380222360520263681D00154013420A
:10059000FAD1B84BB84F2361B84EB94C3A0031008C
:1005A000200004F003FBFFF71DFFB64800F0DEFF5C
:1005B0003A003100200004F0F9FAFFF713FFB148C8
:1005C00000F0D4FFB04804F06DFAE121AF48090211
:1005D00001F030F9E12104000902AD4801F02AF9E7
:1005E000AC4B2100180004F0E1FAAB4804F05AFAD1
:1005F000AA4804F057FA06F0CFFE1F211A2000F097
:1006000073F9002200211A2000F088F900211A2035
:1006100000F098F9E022A24BD2011B689B4E1340D8
:10062000A04A9B4C1360A04B1D639B6A1025089346
:10063000002306930993E1231B0207931023984696
:100640001D33FF339B460593984B0C93984B0D93AA
:10065000984B0493984B99464F46984B0E93984B62
:100660000F93984B1193984B1293984B1393984B6D
:100670000393B3691D4210D0A3691D421ED1049B90
:100680001A78A3691D42FCD12168531CB954A26990
:10069000DBB215420ED11A00F3E7B3691D42FCD15B
:1006A0000C9832680378591C01700D99CA540523BF
:1006B0000593DEE7049A137005239B46FFF70AFEB5
:1006C000002005F06BFE0F2303409946434507D0F9
:1006D000012102005B080A400E98194004F066FAF6
:1006E000002005F071FE002877D15146002005F06A
:1006F0005DFE5346069A5B790A939A4202D011989E
:1007000004F0D0F95346099A1B790B93934202D017
:10071000129804F0C7F953461B689846079B984502
:100720000CD04146594801F085F84146069058489A
:1007300001F080F80699139804F038FA0A9B0693A2
:100740000B9B099343460793039B1B885B0099B25D
:10075000884606F0F1FF039A404483B213805D4A55
:10076000934236D08022120293426FD05A4A93426B
:100770005DD04D4B089A9B6AC8469B1AFA2292009C
:10078000934200D275E79446089B80206344089307
:100790005B46059AD917C91AD3179B1AC90FDB0FE5
:1007A00049015B0319432E4A090240025368034280
:1007B000FCD11161059AC846D3179B1ADB0FD31AD7
:1007C00005935B465A46DB179B1ADB0FD31A9B46F1
:1007D0004FE7354B9B6A1093CBE70122514600202F
:1007E00005F0FCFD534619780F9B00229B5E8B425F
:1007F00016D02022B3691A42FCD10F9B316002222D
:100800009B5E8B4205D02022A3691A42FCD1216055
:100810009AE72022A3691A42FCD10D232360F2E754
:100820002022B3691A42FCD10D233360E1E71E4B4D
:10083000109A9B6A9B1A294A93429AD9284804F035
:10084000B5F90121142001F0EFF9FEE7254804F085
:10085000ADF90121142001F0E7F9FEE7E87A001074
:1008600000002050FFFFFF9F0040002000000640D6
:100870000024F44A004040404478001050780010B2
:100880005C780010EE0200006C780010004003401D
:100890000080034088780010A0780010B078001025
:1008A00000C0044000D00440004005401B2200204E
:1008B000381B00201C220020381C0020C0780010AB
:1008C000F8210020D0780010FC780010307900105A
:1008D0000E220020FF7F0000FFFF00003F420F00BC
:1008E0006079001050790010094A83009A1810B5F9
:1008F00014684022544080322240064CC000A44676
:1009000063441A60044B9C466044416010BDC0467D
:1009100004C0014004D0014000400140074B80006A
:10092000C3181B68C90092000A435A400C231340A5
:10093000034A9446604403607047C04604C00140C7
:1009400004D001408000002905D0064B9C4640237E
:10095000604403607047044B9C464023604403603E
:10096000F8E7C04604E0014004F001408023DB05C5
:100970001868000F7047C0460FB400B5084883B030
:1009800004F090F8049B002B07D005A918000191F2
:1009900003F0DEFE034804F085F8012003F0F0FECA
:1009A0008079001090790010EFF3108072B6034A3E
:1009B0001368002BFCD0BFF35F8F70472C0100D071
:1009C000BFF35F8F0022024B1A6080F310887047DC
:1009D0002C0100D070B5EFF3108C72B60D4D2B6862
:1009E000002BFCD0BFF35F8F0724CB08C618C05C78
:1009F00001230C40A3401C000440034207D11843CC
:100A00003070BFF35F8F2C608CF3108870BD1000C6
:100A1000FFF7B2FF2C0100D0F8B54746CE46884616
:100A200080B5EFF3108C72B61C4D2C68002CFCD0F6
:100A3000BFF35F8F9A4222D807210126894602E040
:100A40000132934218D34D4637001540AF40D408C9
:100A50000119045D2742F3D110003C430C70BFF331
:100A60005F8F00220D4B1A608CF3108800280EDB7C
:100A7000C0BCB946B046F8BD01204042EFE7BFF325
:100A80005F8F00232B608CF3108801204042434687
:100A9000002BEDD00898FFF76FFFC0462C0100D067
:100AA000044A1078431CDBB2172B00D910231370B3
:100AB0007047C0464810002010B5064B064C82B067
:100AC0000100009318221F232000FFF7A5FF02B0AA
:100AD00010BDC04694790010401D00200021044B39
:100AE000044ABFF35F8F02C39342FAD17047C046F6
:100AF000000100D0800100D0054B064A1360064A71
:100B0000136053609360D3601361536193617047C6
:100B10008080808000E400E004E400E01F231840AF
:100B20001E3B8340002905D0C021044A4900535090
:100B300013607047802201498B50FAE700E100E022
:100B400001228240034B1B6813405A1E9341D8B2C6
:100B50007047C04600E100E001238340014A136072
:100B60007047C04600E200E0064B10309B688000F2
:100B7000C358054A00209B1A2F229A424041C0B216
:100B80007047C04600ED00E04C10002070B50D002D
:100B9000EFF3108672B60F4A1368002BFCD0BFF338
:100BA0005F8F0D4B10309B6884001B590B4A93429A
:100BB00003D09D4201D001F02BF9074B9B681D51DA
:100BC000BFF35F8FBFF35F8F0022024B1A6086F383
:100BD000108870BD240100D000ED00E0C1010010BC
:100BE000F0B557464E46DE464546E0B585B00600B0
:100BF00000911700EFF3108B72B66A4A1368002B4E
:100C0000FCD0BFF35F8F0025674B5D579A46002DE0
:100C100000DAA9E06B00654C01935B199B009846D4
:100C2000A146C1444B4652469B7910361370604B27
:100C3000B6009B6899590B1B2F2B33D95D4B9942FA
:100C400000D0ACE0019B42469C465B4B6544AD0046
:100C500063535A4B0232A218043B9B1A1B05584A95
:100C60005B0D651913436B80564B0121AB80FF234D
:100C7000AB71009BEF71AB604B460B4319004C4BC3
:100C80009B689951BFF35F8FBFF35F8F0022454B85
:100C90001A608BF3108805B0F0BCBB46B246A9467B
:100CA000A046F0BD01200A008243D3798C46BB42A6
:100CB00031D84546130044491B1B5B415943090D7C
:100CC0003D4B63533D4B02356519043B5B1B1B05D4
:100CD0003B4D5B0D2B43AA464D466B800425AC462D
:100CE0005546E044131F44441B1B1B055B0D1D436D
:100CF0004B46997100999D8099604946DF71334B4D
:100D000001431360BBE75800C01880002018C17968
:100D1000B9422FD902000623D356002BF3DA0293EF
:100D20002B4B61460393131D9A4604235B429C465A
:100D3000E14450464B461B1A1B055B0D9C46204B5D
:100D4000957198466346404603439380019B5A1928
:100D50009200039BA418A380029B1C4AA371009BD2
:100D60002260E771A3608AE701F052F8002553463C
:100D70005D574FE7908802934005131D9A4603156F
:100D800061469C464046D444634604302018181AF5
:100D9000E0230005400D1B0218430390C5E701F056
:100DA00037F84FE7240100D0142200204C10002017
:100DB00000ED00E0C101001000A1FFFF7C10002049
:100DC00000E0FFFF01BDFFFFAAAA00000148804725
:100DD00001BD000070B501240443EFF30581EFF37A
:100DE000108C72B6214A1368002BFCD0BFF35F8FC2
:100DF0001F4B05001F4AED1A6D416A43120D1E4D2F
:100E00008900AE6852B27658A6421CD006215956C7
:100E100091421CD012215956914222D01E2159567E
:100E2000914220D02A2159560324914210D0134BCD
:100E300019781A708171BFF35F8F00220B4B1A6013
:100E40008CF3108870BDAB680D4C5C50EFE700244C
:100E50006100091989005B18FF219971094999807E
:100E6000E5E70124F4E70224F2E7C046240100D0BC
:100E70004C100020AAAA000000ED00E0142200207F
:100E8000C101001001BDFFFF10B5084B084C82B036
:100E900001000093002205232000FFF7BDFD00287C
:100EA00001DB1F23181A02B010BDC046B079001034
:100EB0001A220020024B9C46614489000160704761
:100EC0004000003470B5114C114DAC420FD2FF26DA
:100ED0002368002B0CD0FFF7E3FD01002000FFF793
:100EE000E9FFA680BFF35F8F0834AC42F0D370BD3A
:100EF000FFF7D6FD01002000FFF7DCFF2671BFF3EE
:100F00005F8F0834AC42E3D3F1E7C04608110020FC
:100F10001011002010B50400FFF7C2FD01002000F1
:100F2000FFF7C8FFFF232371BFF35F8F10BDC046DB
:100F300010B504000120FFF7BFFD034BC3189B0051
:100F40002360BFF35F8F10BD40000034034B9C460D
:100F5000614489000160BFF35F8F70474000003437
:100F60000A4B1968EFF3108072B60A68002AFCD0A9
:100F7000BFF35F8F1B68BFF35F8F00221A6080F39F
:100F8000108840BF002000217047C046EC2100209F
:100F9000F0B5DE4657464E464546E0B587B0EFF31E
:100FA0000583032201251A40954091008846A946F1
:100FB000B34B03925C58B34B1D60B34B04934B4649
:100FC000B24843630823E55E002D37DAA3881BB2DD
:100FD000002B00DBADE0A379002B00D0EEE008236E
:100FE000E05E002820DB430062691B18DB00D31899
:100FF0009E68DD68731C00D111E1A44801004144E2
:10100000826A0B69B71A9B1A9F4215D30123026AA1
:10101000039883401A420FD09C4800F0B5FB8D42E4
:1010200002DCCCD18642CAD940BF07B0F0BCBB4677
:10103000B246A946A046F0BD0E61EDE762696B00BD
:1010400092465B19DB009A4453469E68DF6800F0C5
:101050009BFB8F42BADC00D103E1002F00DAE8E00D
:101060005246534652691B699346049A934200D1F3
:10107000D9E052460821605E528800045946104368
:101080009847009001910099019A0B0010001343BA
:1010900000D1CEE013000A00B61A9F41002806DBFB
:1010A0007A4800F071FB009E019F36184F4153466D
:1010B0009E60DF6000229A5E002A00DA86E7530015
:1010C00099186069C900411802938B68C9689B46EA
:1010D000B94200DD7AE702D1B34200D976E70823AE
:1010E0009C46A444059565462281A446029B2C009B
:1010F00006E053009918C90041188D68C968AB46CD
:101100009B18DB00C318B94206DC00D1B3E01C0019
:101110000023E25E002AECDA230064469C46534634
:101120001A806346059D1D80A3881BB2002B00DA40
:1011300051E72269EFF3108172B61368002BFCD0DF
:10114000BFF35F8F0123A7885B42A3803FB223696F
:10115000BFF35F8F00221A6081F31088002F00DA3E
:1011600039E72300083322009A4666697B00DB19C1
:10117000DB00F318996850468C460824115FDD683F
:10118000002910DB029306E0AB4244D00023E15E6D
:101190002000002906DB4C006418E4003419E368E1
:1011A000AB42F1DD029B078000201F5E1980002FFB
:1011B000DCDA1400A379002B00D110E70023A3711F
:1011C00026000823E15E08364B1C00D12CE70800FE
:1011D000A246656902E03E004B1C1AD04B005B182A
:1011E000DB00EF180A008C46E95E7B881BB2002BFF
:1011F000F1DA01235B42DC17BB60FC60824205D060
:10120000534631801B893B8053461A8160464B1CF4
:10121000E4D15446E5E6A3686345B7D9C2E76B1C41
:1012200000D0EAE6F8E65B4658461B699847002876
:101230001BD153461B8822692381EFF3108372B6BA
:1012400011680029FCD0BFF35F8F514662880A8085
:1012500022696580BFF35F8F0021116083F31088DE
:10126000B4E6864200D8F8E6B0E65B461A685B68EA
:101270000092019307E7B34500D848E74CE7C04622
:10128000D02100203C700540910F00100040054027
:1012900070B52E4C2569002D04D00A212C48FFF78B
:1012A00009FE70BD2B4E0321300000F063FAE660AA
:1012B000FFF7F6FB284B03229C46D02322701B0627
:1012C0001B6801216370254B6044A3600F238000DD
:1012D00020610220638063694942A1801980023144
:1012E000198647311D83585218315A5275325C396C
:1012F00099521832013199521832013199521832EB
:1013000001319952083518329D52023118329952E2
:101310001832013199521832013199521832013183
:1013200099521832013199521832013199520C4BAD
:101330000C49DC6001303562FFF728FC01210320F5
:10134000FFF7ECFB084B1D60A7E7C0469410002098
:10135000EC2100200040054040000034FFFF100059
:10136000D0210020910F00103860054000487047E0
:1013700094100020F8B51F0008AB1B78040016007D
:10138000002B08D100F008FA32003B00121A8B4102
:10139000002B00DA52E02269EFF3108072B6136876
:1013A000002BFCD0BFF35F8F0223E15E63694A002C
:1013B0005218D2009B182269002936DB1D886580EF
:1013C000BFF35F8F0025156080F31088069A9E603A
:1013D000DF601A61079A5A615A8801325204520C2E
:1013E000101C002A1FD082B25880080410432669BE
:1013F000EFF3108772B63268002AFCD0BFF35F8F1C
:10140000A2881A80A1802369BFF35F8F00221A602F
:1014100087F310880A4923788C4601329A40E368A2
:1014200063441A60F8BD0120DDE7BFF35F8F00233E
:10143000136080F3108801204042F3E70020F1E7B9
:101440003C20000070B501000469EFF3108C72B607
:1014500020680028FCD0BFF35F8F02200D5E4C692E
:1014600068004019C00024180869002D36DB268862
:101470004E80BFF35F8F002606608CF31088E36018
:1014800063880498013320615B0405985B0CA260BB
:1014900060611A1C002B1FD093B22804628018438D
:1014A0000A69EFF3108C72B61368002BFCD0BFF3FF
:1014B0005F8F8B8823808D800B69BFF35F8F002245
:1014C0001A608CF310880B7801329A40CB68084977
:1014D0008C4663441A6070BD0122DDE7BFF35F8F65
:1014E000002303608CF3108801204042F3E7C046DC
:1014F0003C20000010B543890A1493421ADD5300C2
:101500009B184269DB00D3180469EFF3108C72B6A4
:101510002268002AFCD0BFF35F8F5A88090494B276
:10152000090C8A4208D00369BFF35F8F00221A605A
:101530008CF31088002010BD8022120214435C80BE
:10154000012302698371BFF35F8F002111608CF367
:101550001088044902788C469340C2680120624496
:101560001360E8E73C20000040787047F0B5C646BD
:1015700000B582B0040000F00FF9FA2206000F0057
:10158000200000230021920001F0B8FB801979416E
:1015900004000D1E02DA01242E4D64420626764216
:1015A000F71736196F41AF4214D811D000F0F4F894
:1015B00032003B00121A8B41002B15DC002B46D069
:1015C0002000290000F026F902B080BCB846F0BD2A
:1015D000A642EBD90026002700F0DEF832003B00DF
:1015E000121A8B41002BE9DD00F0D6F832003B00E7
:1015F000121A8B41002B0ADB00230193164B320099
:10160000009316483B00FFF71DFF0130D8D00023A0
:101610003900B0469C46124A1248536A994204D88F
:10162000966A4645CCD29942CAD10668EFF3108734
:1016300072B63368002BFCD0BFF35F8F0368BFF333
:101640005F8F66461E6087F3108820BFE5E7002A9B
:10165000B6D0C9E7FFFFFF7F610F00109410002094
:1016600000400540EC210020F0B557464E46DE46CE
:101670004546E0B506000F0085B0EFF305839946B7
:101680008B46002B12D0384900204B6ABB4206D350
:101690008A6ADB1B591E8B41B2424041184305B098
:1016A000F0BCBB46B246A946A046F0BD2F4B9A46B9
:1016B000DB68984653461B784046039300F064F875
:1016C0004246039B040004339B009B580D001B1AE9
:1016D00039003000001BA941894510DC0DD020BF26
:1016E000214A0020536A5B45D9D3926ADB1B591EFD
:1016F0008B41B24240411843D1E78342EFD900F019
:101700004BF832003B00121A8B41002B1ADB0023EE
:101710000193174B3200009350463B00FFF792FEB7
:10172000011E0FDD104B5A6A5A451BD39B6AB34208
:1017300016D35046FFF7DEFE0B4A0020536A5B4586
:10174000ADD3D2E7084A0020536A5B45A7D30020F7
:10175000926ADB1BB24240415A1E934118439EE7F6
:101760005A45E6D120BFE4E7004005409410002030
:10177000610F001010B5024A0248FFF72BF910BDA7
:10178000CC790010441D00200300416A0A00986AC9
:10179000596A8A42FAD17047034B596A0A00986A1B
:1017A000596A9142FAD170470040054070B5040073
:1017B0000D00174A536A1900966A536A8B42FAD190
:1017C0003000190024184D41AB4216D813D0104BED
:1017D0002A005B6A9D4203D90D494B6A9342FCD3B0
:1017E000934207D10A4A02E0516A994202D1916AB2
:1017F000A142F9D370BDA642E9D9054B5B6A1C0032
:101800005A1CEFD0012201246442E5175242E3E75B
:1018100000400540064A536A9942FCD807D1044B60
:1018200002E05A6A914202D19A6A9042F9D870470E
:1018300000400540F8B5040006200D0000F078F9DE
:10184000002844D0374B3849E3185A1E9341802270
:10185000120494465B429B0D344A9B05634413601B
:10186000334A136018000A689043FBD12D4B314A6C
:10187000E31859424B4180215B00490006209952F0
:1018800000F056F92900C00000F014FC0130C30933
:101890001ED1402701226262A362266BF30722D485
:1018A000E36A254B0620E51800232B60266300F031
:1018B0003FF93900800000F0FDFB7023E26A5A40D6
:1018C0000E3313402B601D4B23630323A364F8BD29
:1018D0001B4A93421ED900231A4A1B4F6262A3621D
:1018E000266BF307DCD5194B144AE3181A60656AB6
:1018F000A36A0620AD01ED1800F01AF9144900F0B2
:10190000D9FBAD020100280000F0D4FB0021FFF755
:101910004DFFC5E74006800E9F011A003F180300E7
:10192000B9E7C0460080FCBF08C0004000E00040AE
:1019300000F00040F82100202C10000001030000FE
:10194000FEFF0000FFFF0000C0FF3F00303000003E
:101950004E0E0000F8B5DE464E4657464546E0B509
:101960008B4605000A991800160000F0A3FB0A9B9D
:101970006C001F02324B64199C46A40064446368E7
:1019800081469F4200D967602B1FDBB29846012B2E
:1019900030D9C02380229B01E31812011A60294B21
:1019A000AD0059599A4600291BD17301E0262268DF
:1019B00053401E40802342465B01E3181E60012A0B
:1019C00030D9802380229B01E31812011A6053460C
:1019D0004A4667605A51F0BCBB46B246A946A0468B
:1019E000F8BD586900F066FB013043001B18033B4B
:1019F000FDD2DAE75B46012BCBD1C02303229B014A
:101A0000E3181A60023AA3681A42FCD07301E02678
:101A10002268AD0053401E4080230A4A5B01924673
:101A2000E3181E605A462168514003220A401A609A
:101A300001225B469A40A3681A42FCD0C1E7C04627
:101A400000800040481D0020F0B546464F46D6466F
:101A5000C0B51F00344B44009C462418A4006444C5
:101A6000636888461600FF2B02D880235B00636002
:101A7000031FDBB29A46012B30D9C02380229B0181
:101A8000E31812011A60294B85005959994600291B
:101A90001BD17301E026226853401E40802352462A
:101AA0005B01E3181E60012A30D9802380229B014C
:101AB000E31812011A6080235B0063604B465F519C
:101AC000E0BCBA46B146A846F0BD586900F0F2FA4B
:101AD000013043001B18033BFDD2DAE74346012BDC
:101AE000CBD1C02303229B01E3181A60023AA368FA
:101AF0001A42FCD07301E0262268850053401E4044
:101B000080230A4A5B019146E3181E604246216821
:101B1000514003220A401A60012342469340A268C2
:101B20001342FCD0C1E7C04600800040481D0020A1
:101B3000014B8000C0587047481D0020802270B5BE
:101B400006000E4C5200A3691D0015401342FAD145
:101B5000FA210B4B8900186900F0ACFA0A23102116
:101B60002060064A23610B3B6560A3606661936950
:101B70001942FCD0D069400970BDC0468080004049
:101B8000481D0020F8B5040021481E0017000D0074
:101B900000F090FA0100380000F08CFA069B360441
:101BA0001B031E432368002B20DB1A4B1A49E31842
:101BB0005A1E93418022920194465B421B0B174AA6
:101BC0001B0363441360164A13601F000A6897439F
:101BD000FBD1144B2560E2182123A0601360236819
:101BE000002BFCDA0823E6601360F8BD3F2322686F
:101BF0001340AB42D9D1A3681B051B0D8342D4D13E
:101C0000EE22E368D2021340B342CED1EDE7C046E4
:101C1000001BB7000040FDBF08C0004000E00040CE
:101C200000F0004004300000194B1A4A10B5DA6188
:101C30008022194BD2051A60184C194A14600029E9
:101C40000AD0E022174BD2041A60002809D1802262
:101C5000144B12061A6010BDE022D2041A6000284C
:101C6000F5D043011B1A9B001818802300015B0468
:101C7000984209D203000C4A13608022044BD2051B
:101C80005860084B1A60E6E7084B1800F3E7C046B7
:101C9000008005402131B76A00B00540FCFF01001B
:101CA0000820014000A00540A8210020FFFFFF0000
:101CB00010B580241C4BE4051C6000281AD00123B9
:101CC0001A4C18431A4BDC611A4C44401C6259628E
:101CD00098628021144BC90519601748174908609C
:101CE000E021C9041960002A07D18022144B120692
:101CF0001A6010BD0E4BD861EBE753019B1A9B0095
:101D00009A18802312015B049A4209D213000D49EC
:101D10000B60074B5A608022094BD2051A60E8E736
:101D2000094B1A00F3E7C04600B00540D3C007B026
:101D3000008005402D3FF84FFCFF010008200140C6
:101D400000A00540A8210020FFFFFF008023024AD9
:101D50009B000B43D362704700800540002310B501
:101D60000100988A1B8B984710BDC046162310B5FA
:101D70000100188802331B88984710BDF8B5474604
:101D8000CE4680B50F1E18D01423994604330400A4
:101D90000025012698464B461888434621681B8833
:101DA000984701C4431E984101350640AF42F2D125
:101DB0003000C0BCB946B046F8BD0126F8E7C046C1
:101DC000002370B504000D00988A05491B8B9847C5
:101DD00003000020002C01DB0130A04029009847BF
:101DE00055420000AA23064A1B0113608D235B00A5
:101DF000D3600449044B19605368002BFCDA704728
:101E00000040024000B0FA00006002407047C04647
:101E100010B50148FEF7B0FDF079001070B5074D20
:101E2000074EB54209D20024013E761BB60808CD04
:101E3000984723000134B342F9D170BD48770010B0
:101E400084770010054B064A06491A60064A074B7C
:101E50001A6010000B689843FBD1704700E0004007
:101E6000BFCDFBFE08C00040FE7F3C0000F00040FC
:101E7000044BDB6C002B03D18022034BD2021A608F
:101E80007047C046000011504C201150044A054BC9
:101E90001A60054A1368DB018033FBD17047C046E6
:101EA000FFFFFF0100F0004008C000404022034B4C
:101EB0009A675A671A67DA667047C04600F00140B1
:101EC00010B5FEF70BFE10BDF8B52749274C284D7D
:101ED000641AA6103200302E00D930222800920059
:101EE00000F0CEFFBC2C3BD830202F232C196407E8
:101EF000204A801BE40F9B1B052B16D93700002CB2
:101F000002D0B300771CEA50001B33199B00410834
:101F1000EB18C900C9181A605A6008339942FAD1FF
:101F2000012303421CD09843C619B300EA50731C26
:101F30002F2E15D09B00EA50B31C2E2E10D09B00E4
:101F4000EA50F31C2D2E0BD09B00EA50331D2C2E93
:101F500006D09B00EA50731D2B2E01D09B00EA5047
:101F6000054B9D60F8BDC04600010010C001001087
:101F700000000020C101001000ED00E0002310B5BA
:101F8000294C82B0A367FFF72DFF0122274B1A606F
:101F9000636C012BFCD10322254B1A60224A936B00
:101FA000012BFCD1013300930121224A2248043342
:101FB000FFF7E8FD052301210093204A2048FFF7A1
:101FC000E1FD0022022104201E4BFFF73DFD00220F
:101FD000012105201C4BFFF737FD002200210720BF
:101FE0001A4BFFF731FD002200210820174BFFF7A5
:101FF0002BFD8023DB000093002200210920134BDE
:10200000FFF7A8FC0022104B00210620FFF71CFD63
:102010000420FFF78DFD0E4900F04CF80100002070
:10202000FFF794FE02B010BD008000403CB00040BD
:1020300030B00040002F685900800240008C864775
:1020400000C00240001BB70040597307006CDC025F
:1020500040420F0001480421014B1847B0100020F6
:102060007D1D0010124A936F9B0815D29066D166B1
:10207000002905D0FFE7FFE7FFE7516F106F7047BA
:1020800004B580210906C2175140002800D0C8437A
:1020900005F022FB002104BDF0B5146E556E576F9C
:1020A000166FFFF7E3FF1466556657671667F0BDB6
:1020B000000000D0114A936F9B0813D2106651663E
:1020C000002905D0FFE7FFE7FFE7516F106F70476A
:1020D00004B5002801D00020C04305F0FDFA00211E
:1020E00004BDC046F0B5146E556E576F166FFFF7FE
:1020F000E5FF1466556657671667F0BD000000D00F
:1021000094464A4A926F9208624601D228E0C0463D
:10211000F0B5464E346E756E776F366F00F020F86E
:102120009446424A14665566576716676246F0BD84
:1021300094463E4A926F9208624601D254E0C046ED
:10214000F0B53A4E346E756E776F366F00F04CF81E
:102150009446364A14665566576716676246F0BD60
:10216000002B24DB11D000293EDA00B5C9434042E0
:1021700000D1013100F038F8C943404200D10131AB
:10218000DB43524200D1013300BD002AEBD10028CD
:1021900001D1002905D00020C90FC90701D1C043D2
:1021A000410800B505F088FA0022002300BD00B503
:1021B00000290ADBDB43524200D1013300F014F85E
:1021C000C943404200D1013100BDC943404200D162
:1021D0000131DB43524200D1013300F005F8DB430B
:1021E000524200D1013300BD002923D1002B18D168
:1021F000002A0CD0BC460D4F38667A6600210023B9
:10220000FFE7FFE7FFE77A6F386F67467047002800
:1022100001D00748010000B505F04EFA0022002366
:1022200000BD02000B00002000217047000000D01C
:10223000FFFFFFFF002B00D0BFE0130C28D1002AC6
:10224000E7D080B4114F39667A66FFE7FFE730B414
:10225000040C7B6F396F1B0423433B667A66FFE7F0
:10226000FFE7FFE7C04684B27B6F3D6F1B0423434B
:102270003B667A66FFE7FFE7C04600232C042D0C7F
:102280007A6F386F00196941B0BC7047000000D008
:10229000F0B594460025140E01D112020835140F32
:1022A00001D112010435940F01D192000235D40FEF
:1022B00001D152000135D40B0134254F7C66254CE9
:1022C0003C660E0C93B2FFE7FFE7FFE73C6F664307
:1022D000360C7703BE467343DF0B5B04C01AB9416B
:1022E000130C7343DB18C91ACE086643360CB64488
:1022F00093B273431F0F1B01C01AB941130C7343F0
:102300001F0B1B05C01AB941860D8F023E43664361
:10231000360C092D24DB520A7243801A7703460AD1
:102320006643360C16235B1BDE40DF40BF19644654
:102330006643821B7046043506330100D940A8402D
:10234000C01900D30131A24206D20023F0BD000023
:10235000000000D0FFFFFFFF121B0130F3D3F1E7B5
:1023600009277F1BFE406446A2B27243801A00D246
:102370000139220C7243130C1204821A99410B008A
:102380007046043513370100F940A840801900D386
:102390000131002B02D1A2420AD2F0BD013000D39C
:1023A0000131121BFAD2013BF8D1A24200D2F0BD9A
:1023B000013000D30131121BF7E7F0B51C0C00D03F
:1023C00080E00CB400251C0A04D11B02160E334316
:1023D000120208351C0B04D11B01160F33431201E6
:1023E00004359C0B04D19B00960F334392000235B9
:1023F000DC0B02D192185B4101351C009718644137
:102400000134464F7C66464C3C660E0CFFE7FFE706
:10241000FFE7C0463C6F6643360C7703BE4697B273
:102420007743C01B00D20139C01B00D201399FB2D3
:102430007743C91BC91B170C77437E04FF0B801B16
:10244000B941CE086643360C0C2D33DBB644120B73
:102450001F053A431B0B97B27743C01B00D20139CB
:102460009FB27743C91B170C77433E043F0C801B78
:10247000B941860D8F023E43664329277F1BFE40EC
:102480000C3D7746AF40BF1930BCA2B2ABB272432D
:102490007343801A9941220C7243130C1204801A60
:1024A000994102000B000137001BA941F9D2781EA7
:1024B0000021F0BD0C277F1BFE4077467F0BAF400D
:1024C000FF19E0E700245D1C07D0144F7D663966D4
:1024D000FFE7FFE7FFE7FFE73C6F95B29EB265437A
:1024E0006643401BB141150C1E0C65436643360420
:1024F0002F0C3E432D04401BB141994204D20200EF
:102500000B0020000021F0BD01D19042F7D3801ACA
:10251000994101349942F2D3F6E70000000000D05F
:10252000FFFFFFFF48404140484018B41B4B5B6829
:10253000FC46019308BD04DFCF27001018B4174BE9
:102540001B68FC46019308BD00DFD92700109446A4
:10255000134A926F920809D2624618B40F4BDB6897
:10256000FC46019308BD0CDF912A00100C4AF0B51F
:10257000146E556E576F166F6246FFF7EEFF084AEE
:102580001466556657671667F0BD18B4034B9B6811
:10259000FC46019308BD08DF352900109812002081
:1025A000000000D0FFB550404240504059404B40E1
:1025B000594000E0FFB5154F4C00640D03D0BC42FC
:1025C00004D10C0314D80020090D09055C00640D2A
:1025D00003D0BC4204D11C030AD800221B0D1B05EA
:1025E00001264B4009D44B4003D58B4200D1824297
:1025F000FFBD9942FCD19042FFBD0B43DB18034362
:102600001343F5D0C9434918FFBD0000FF07000080
:1026100000B5FFF7CFFF804100BDC04600B5FFF712
:10262000C9FF01D9002000BD012000BD00B5FFF7A2
:10263000B9FF01D9002000BD012000BD00B5FFF7A2
:10264000B1FF804100BD012040054A00121804D8A6
:102650005A00121801D8002070470120704700006E
:102660000021002805D17047C1174840401AFAD010
:10267000C90713B5064B1B6898470CBC441CA24005
:102680001005120B0349091B09051943114310BD1D
:10269000E82100201F04000010B54C00620D8023CB
:1026A000D218DB00D21A5B057E2A10DD9E3A13DABF
:1026B000CC170903490819435242D1406400013440
:1026C0001532202A05DAD0400843604310BD0020AF
:1026D00010BD0846604310BDC80FC018013810BDBA
:1026E00018B4044B5B6AFC46019308BD24DF412CFF
:1026F0000010000098120020132370B51D78012DE2
:1027000019D014DD1F48FFF731FB06001E48FFF704
:102710002DFB1E4C80223100200000F0B1FB022D69
:102720002DD01B48FFF71AFB1A4B186070BD1A4BCF
:10273000164CA364F5E7184B144C23606360A36048
:10274000E36023616361A361E36123626362A36267
:10275000E36223636363A363E36323646364A36447
:10276000E36423656365A365E36523666366A36627
:10277000E36623676367A367E367A364D1E7064B58
:10278000A364CEE753440000534600009812002093
:102790004C330000E82100209D27001007B560465B
:1027A00001880A0A0230DF2AFAD1C9B2820804D3AA
:1027B000028840880004104300E00068014A50503D
:1027C000039007BD981200200FB403BC0CBCF0B5F9
:1027D0000124E407634000E0F0B50C0DCF0F661E46
:1027E0003605891B640503D3C943404200D3013138
:1027F000640D03D0661CF60A07D0E41B00207F009E
:10280000791C89078912803C24031D0DDF0F6E1E81
:1028100036059B1B6D0503D3DB43524200D30133C6
:102820006D0D03D06E1CF60A07D0ED1B00227F0051
:102830007B1C9B079B12803D2D032F1B661B58D4CE
:10284000A446202E46DA20371400BC401D00BD40AF
:10285000F24033412A4380185941CB0F05D0C94378
:10286000C043002264425041514162464D0D28D17F
:102870000D0D07D100281FD0241940414941013ACC
:102880000D0DF9D0640006D3013000D30131002CC6
:1028900001D140084000013A0BD4941CE40A04D151
:1028A00012051144DB071944F0BDD907204B194329
:1028B00000E0D9070020F0BD0029DDD1002CDBD1DC
:1028C000F0BD0132C6074008CD0728434908002E55
:1028D000E1D0D9E73C2E29DA203E40371400BC4035
:1028E00000D00124F24014431A00BB401C43D3170C
:1028F000ACE7AC46202F08DA20360400B4400D00C7
:10290000B540F84039412843A5E73C2F0CDA203F79
:1029100040360400B44000D00124F84004430800CD
:10292000B1400C43C117EAE710001900002494E7F6
:102930000000F07FF0B50C0D661E3605891BE60A17
:102940006405640D02D0651CED0A04D0002001214D
:102950000905803C2403A4461C0D671E3F05DB1BB4
:10296000E70A6405640D02D0651CED0A04D000225C
:1029700001231B05803C24037740644497B484B250
:1029800096B27443070C7E43150C6F4380B26843C4
:10299000361802D3012000043F183004350C00190A
:1029A0007D41844688B29AB250430C0C62431F0C9E
:1029B0007C438EB27E43921902D301263604A419B9
:1029C0001604170C3618674101BC81B29AB2514304
:1029D000040C62431B0C5C4380B25843121802D3B0
:1029E0000120000424181004130C401863412D1812
:1029F0005E410020474106BC88B293B258430C0C9C
:102A00006343120C544389B251435B1802D3012132
:102A10000904641819041A0C091862416D1856410A
:102A20000020474118BCF902720D1143F0026A0DF3
:102A30001043ED020A0D03D16D1940414941013B9C
:102A4000124E9B1B7600B3420ED26D0007D30130AD
:102A5000002671416646354301D1400840001B0500
:102A6000C918E4072144F0BD0BDA013306D1013067
:102A700004D101314F0D01D04908F2E7E1070020F0
:102A8000F0BD013631050020EBE70000FF03000038
:102A9000F0B51C0D671E3F05DB1BE70A6405640DDE
:102AA00002D0661CF60A04D0002201231B05803CDC
:102AB0002403D0252D060026F6432E661E096E66D9
:102AC000CE0FF619B44649004F0D02D07E1CF60A0F
:102AD00003D000200021403F3F033E1BB600B4441A
:102AE000013F7F05C91B49082E6F013676089C02FD
:102AF000950D25437543ED137543AD1301356D10E9
:102B0000F603761B0CB4CC02450D2C43A2B2B3B233
:102B10005A43270C7B43350C6F43A4B26C431B19FB
:102B200002D3012424043F191C041D0CA4187D4168
:102B300024196D41009A91B2ACB26143170C7C43E9
:102B40002B0C5F4392B25A43A41802D30122120401
:102B5000BF182204230C52187B41019C6C431B19A3
:102B6000520ED9010A434401A01A81B2B2B25143B4
:102B700003145A43360C734387B27743D617D219DE
:102B800000277E4136049B191704160C7F185E41FE
:102B90007316ED18F301002680337541A90F06D195
:102BA0006400690AE8055B0A184309D22FE0042291
:102BB000944480337541A90AA8059B0A184326D37B
:102BC000404149412404009A019B0D005543641B78
:102BD0004343E41A95B286B27543170C7E43030C47
:102BE0005F4392B25A43B61802D301221204BF18AF
:102BF0003204330C52197B4152429C41002C02D4C6
:102C00000022013051414008CA071043490802B070
:102C10006246D7079210084BD218084B9A4203D24B
:102C200012058918C919F0BD0020002A01DC3900FD
:102C3000F0BD01331905F5E7FD030000FE070000B4
:102C4000002200B5203200F004F8080000BD0000AA
:102C500000220B150AD410B5944600F031F8141474
:102C6000013400DA0021CB17144C2047002000214A
:102C700070476244343A0CD40C2A07DA04009140BD
:102C8000904052422032D440214310BDD843D94312
:102C900010BD203207D40C469440524220321141DC
:102CA000D040204310BD0800C917203203D452423F
:102CB0002032104110BD1800190010BD732C0010F7
:102CC0000A0DCC0F531E1B05C91A520503D3C94365
:102CD000404200D30131520D03D0531CDB0A07D010
:102CE000121B00206400611C89078912803A1203BC
:102CF000014BD21A70470000FF03000051434343C9
:102D0000C9188C46110C83B24B4310B4040C6143B8
:102D100092B280B2504362431C041B0C001910BCD9
:102D200059411304120CC01851416144704700000E
:102D30004840414048400E4B5B6818470C4B1B68AD
:102D400018470C4A936F9B0802D2094BDB6818475F
:102D5000F0B5146E556E576F166FFFF7F6FF054A04
:102D60001466556657671667F0BD014B9B68184798
:102D700098130020000000D0491A002808D1084606
:102D800070470000C10FC90700D54042002817D086
:102D9000F44603B40B4B1B68984706BC81409E3831
:102DA0004042803107D20B0607D04900490AC005CE
:102DB0001043084360470130F8E7490A8902F5E704
:102DC00070470000E8210020014B5B6A18470000B3
:102DD00098130020132310B512481C78FEF7C6FF85
:102DE0000100012C0AD003DD80220F4800F048F8D2
:102DF0000E48FEF7B3FF0E4B186010BD0A4C54226C
:102E0000200000F03DF80B4B6365A365E365236686
:102E10006366A366E36623676367A367E36723626A
:102E2000E361E5E753460000981300204C330000AF
:102E3000E8210020392E001007B5604601880A0AF3
:102E40000230DF2AFAD1C9B2820804D3028840884E
:102E50000004104300E00068014A5050039007BD91
:102E60009813002001480421014B1847C01000208E
:102E70007D1D0010014B1B6818470000C01000208A
:102E8000014B5B6818470000C01000207047C04627
:102E9000F8B55746DE464E464546E0B599460A9B8C
:102EA00007009A460D9B884693460B9C9B073BD197
:102EB0000C9B9C423DD21E1B0B9415000C005E44E3
:102EC0002A004B46013521002020B847B542F7D1F2
:102ED000A0460B9C002C20D0454636195346321B89
:102EE000013C185D29004B46B847002CF6D12B0059
:102EF000350098460D9B9B070FD55B46EC1A0C9B43
:102F0000A3420AD9464698462A004B463100202063
:102F10000134B84701354445F6D32800F0BCBB4620
:102F2000B246A946A046F8BD16001500002CD3D124
:102F3000E0E716001500002CCED1EEE7F0B54546CF
:102F4000DE4657464E46E0B585B09C4610AB1B7832
:102F5000149F934698460F9C129E139DBB074CD41A
:102F6000002D42D1B44248D201233B4099460E9BEA
:102F7000013B9A46302304E0524601341355A642E1
:102F800001D9202CF8D14B46002B00D183E00E9BB9
:102F9000013B99463023A54205D82EE04A4601342C
:102FA0001355AC4229D0202CF8D1FB060CD57B055B
:102FB00054D4A64263D0A54261D0119B102B50D0AF
:102FC000022B57D0202C32D1202301930E9B5A463E
:102FD0000093039763460295FFF75AFF05B0F0BCD4
:102FE000BB46B246A946A046F0BD01233B409946E8
:102FF00001233B422AD1B442B9D3FB061CD57B0541
:10300000DBD4002CD5D1119B102B5BD0119B022B54
:103010006BD0302301240E9A13704346002B10D13D
:103020007B073ED52B260E9A631C1655CDE7230051
:10303000013430260E9AD654202CC5D04346002B9E
:10304000EED02D260E9A631C1655BEE74346002B84
:103050002FD0013DB44200D289E798E7119B102B95
:10306000B2D1BB0637D5202CAED058230E9A1355BB
:103070000134A7E7202CA7D02300013407E0631E0A
:10308000012CC0D0119A102A31D0022AD1D1622647
:103090000E9AD65496E7FB06CED57B0500D488E77A
:1030A0008BE723003E0790D520260E9A0133165554
:1030B0008BE70C233B405A1E9341ED1AB44200D2D9
:1030C00055E764E7BB060ED478230E9A02241370EA
:1030D00030235370A1E7202C00D175E778230E9A96
:1030E000135501346EE75823EFE76033EDE70E9A8E
:1030F000A61E91464E44BA0602D55822327098E771
:103100007822327095E7C04610B5002800D110BD76
:1031100001F07EFCFBE7C0460B0010B5002802D092
:1031200049681B68984710BDF0B55746DE464E46C5
:103130004546E0B595B083460F00924698461E9AE4
:103140001F9B10001900209EFFF77DFA002800D079
:10315000EAE11E981F990122C54B5242FFF758FA27
:10316000002800D014E11E981F990122C14B524241
:10317000FFF764FA002800D0E9E01E981F990022AA
:10318000BD4BFFF75BFA002800D0C8E01E981F99DE
:103190000022BA4BFFF73CFA002800D0BFE01E988F
:1031A0001F9900220023FFF733FA002800D0E4E043
:1031B00000230B93229B5B0500D4062600243023BA
:1031C00007E0172106AA013452181355013E202C9E
:1031D00001D0092EF5D81E981F99FFF75DFAA84B6C
:1031E000F2009B181A685B68050008920993FFF7C4
:1031F0003BFA02000B001E981F99FFF796F9089AF8
:10320000099BFFF7C2F906900791FFF769FA81461B
:10321000FFF726FA02000B0006980799FFF785F9D9
:103220000022984B06900791FFF708FA002800D17A
:103230000DE101239C46E1444846FFF711FA0200E4
:103240000B0008980999FFF7E9F9002802D000233C
:1032500099460135002E00D1D9E006954D46B94674
:1032600014E006AA944617230A2163442800013477
:103270001F19FEF71FFF3031397028000A21013E67
:10328000FEF718FF092D00D817E10500202CE8D122
:103290004F46069D20240CAE06AA1723944663448D
:1032A00099465B46B34606930FE04B4628000A2139
:1032B0000134E618FEF7D6FE3031280031700A21BD
:1032C000FEF7D0FE051E00D1E4E0202CEDD1069BD8
:1032D0005E469B460323229A1340012B18D1219B63
:1032E000002B15D00B9B002B00D1FDE0219B013B57
:1032F0002193202B0CD93023219A07E0172006A90F
:10330000013409180B55944200D3CCE0202CF5D1A0
:10331000229B01940393219B0096029322E0229B1F
:1033200052460493219B3900039358461E9B1F9CD1
:10333000029600930194434600F04AF904002000ED
:1033400015B0F0BCBB46B246A946A046F0BD229BD4
:103350005B070FD403224C4B2299019203912199D0
:10336000009302914346524639005846FFF790FDBC
:103370000400E4E70422454BEEE71E9A1F9B002061
:103380000021FFF7D2F801231E901F910B9311E744
:10339000229B54469B0711D1219B042B0ED9219BC4
:1033A00055469C465E46043C64442A00434601352B
:1033B00039002020B047A542F7D1B346344D26004E
:1033C0002B1F99465B46A3461C003200E878434613
:1033D0003900013DA04701364D45F6D123005C463A
:1033E0009B46229B04349B07A9D55346219AE31A96
:1033F0009A42A4D95E461500220043463900202097
:10340000B04753460134E31A9D42F5D897E72800A8
:10341000FFF72AF902000B001E981F99FFF785F8A5
:103420000022184B06900791FFF7F2F80CAE002827
:1034300000D031E7069807990022124BFFF7FEF8FB
:10344000002800D028E7012301359D4324E700220E
:10345000069807990B4BFFF7DBF8002800D0F9E638
:103460004B46002B5CD101239C46E144F2E6C0466A
:10347000FFFFEFFFFFFFEF7F65CDCD4165CDCDC1F4
:10348000E87C00100000E03F3C7A0010347A001025
:10349000447A0010069B5E469B460323229A134003
:1034A000012B00D181E0202C00D131E70B9B002BB8
:1034B00027D02D23335501342AE74F46069D202C73
:1034C00000D1E7E63022331907E0172006A90134BE
:1034D00009180A55202C00D1DCE6A342F5D12E2292
:1034E0000CAE0134F254D7E60C23229A134257D083
:1034F000219B013B2193A34200D9FCE6202C00D163
:1035000006E7229B5B0703D52B2333550134FFE6E7
:10351000229B1B0700D4FBE6202333550134F7E63A
:10352000DB0700D496E69EE7229B55469B0711D108
:10353000219B032B0ED9219B54469C465E46033D9E
:10354000654422004346013439002020B047AC4294
:10355000F7D1B346B9465F461C4EEC1C2A00B07842
:10356000434649460135B847013EAC42F6D1229B5D
:10357000BB464F469B0700D4E1E65346219AE31A27
:103580009A4200D8DBE65E46150022004346390029
:103590002020B04753460134E31AAB42F5D3CEE6C0
:1035A000219BA34200D9A6E6B2E6219B002B00D1C5
:1035B00079E70B9B002B97D0219B013B21939C42E9
:1035C00000D298E6202C00D073E7A1E6407A0010E4
:1035D000F0B5DE4657464E464546E0B599B08146C1
:1035E0008B4692469846229A239B10001900FFF7BB
:1035F0002AF8002800D0CAE0229823990122824BA1
:103600005242FFF71BF8002800D0C0E0229823990F
:1036100001227E4B5242FEF7FBFF002800D0B6E0AD
:103620002298239900220023FEF7F2FF002800D001
:10363000C9E1229B239C0893099408980999802347
:10364000269ADB001A400D928022269C120114401B
:1036500022000B94269C07000E001C4200D0ADE017
:103660000B00034300D0D5E0002A00D00AE222007C
:1036700006332493022313400C930223134200D0F9
:1036800002E2259B042B00D20FE2043B0B930023A4
:1036900004250A930022229823990023FEF7B8FFFD
:1036A000002800D003E25A4B269A134004930B9B48
:1036B0000393249B0293089B099C00930194594611
:1036C000434652464846FFF72FFD02002020269B26
:1036D0001F27034059424B415B421840531C08933B
:1036E000594643464530C8470A9AD317D4185C4018
:1036F000D30F0A936B1E0B9308AB9C4600256744BF
:1037000001E0202D0FD020000A21FEF7D3FC013567
:103710007E193031317020000A21FEF7CBFC2600E3
:103720000400092EEDD8052306930B9B59460593FB
:10373000002304930A3303930A9B4846029310AB79
:103740000093089A43460195FFF7F8FB0C9B002B6A
:103750002DD05346C41A259BA34228D94D465F4617
:1037600081461E00534639001A1920204346013471
:10377000A847A642F6D8534648462599C21A0132B0
:103780000023914200D386E1013018180FE0269BF8
:103790000493259B0393249B0293229B239C0093D9
:1037A00001944346524659464846FFF7BDFC19B0BE
:1037B000F0BCBB46B246A946A046F0BD01432BD1A2
:1037C0000B9B2200002B00D154E700230A93249B7B
:1037D0000A9A0024934200DD85E122982399002271
:1037E0000023FEF715FF002800D035E1269B084A8C
:1037F00002941A408023DB0013430493259B039318
:10380000089B099CCBE7C046FFFFEF7FFFFFEFFF60
:10381000FFF7FFFF06232493B44B70009C46400D36
:103820006044FEF721FFB24AB24BFEF7AEFEB24A49
:10383000B24BFEF783FE3603B14B360B3343040025
:103840000D00380019000022AE4BFEF76EFEAE4AA6
:10385000AE4BFEF79AFE02000B0020002900FEF797
:103860006DFEFEF719FF0A90FEF7FEFEA84AA94B6F
:1038700004000D00FEF789FE0022A74BFEF75EFE56
:10388000FEF70AFFA54A0600A54B20002900FEF717
:103890007CFE040030000D000C96FEF7E5FEA14A08
:1038A000A14BFEF772FE02000B0020002900FEF77C
:1038B0003CFE02000B0006000F00FEF766FE320021
:1038C00004000D003B0030003900FEF737FE0022F7
:1038D0000E900F91954B20002900FEF738FE002234
:1038E000934BFEF72BFE02000B0020002900FEF791
:1038F0002EFE00228F4BFEF721FE02000B0020005F
:103900002900FEF724FE0D008021040032003B0058
:103910000020C905FEF709FE02000B002000290067
:10392000FEF70CFE02000B000E980F99FEF70FFE3B
:103930000022734BFEF702FE7F4B0C9C9C466444B6
:1039400000222305FEF721FE06000F0002000B00F7
:1039500008980999FEF75CFE00280AD00A9B3000FF
:10396000013B39000A930022714BFEF7F0FD06007F
:103970000F000A9A330063323900C62A12D8022295
:103980002698042510400B9A0C90002A25D1259BDF
:10399000042B05D9002800D0A1E0259B043B0B9304
:1039A000042541E00222269810400B9A0C90002A30
:1039B00012D1259B052B76D9002872D1259B052590
:1039C000053B0B9334E0802212069446229B089319
:1039D000239B6344099330E605250B4300D1F6E6AB
:1039E00008980999554A564BFEF720FE002808D042
:1039F000089809990022534BFEF70AFE002800D0D0
:103A0000E5E6249B002B1CD00D9B002B19D0249B9A
:103A1000013B2493259BAB4204D90C9B002B5AD02D
:103A200002230C9300230B930A9B002B00D131E659
:103A30000898099932003B00FEF789FD089009912A
:103A400028E6259BAB42EDD90C9B002B43D00023ED
:103A50000B9302330C93E7E78020269B3A4A00063B
:103A60001A40802384460294089C099D2900DB00AB
:103A700013430493259B6144220003930B0000929F
:103A800001938EE60524A8E600230B930A930233E4
:103A900004250C93FEE553468C46013B63441B1AF8
:103AA00072E602230C930525C2E70423EDE580208E
:103AB000089E099F000639008446269A224B6144DD
:103AC000134004930B9B32000393249B02930B003F
:103AD00000920193F3E5259B5B1B0B93A4E7022364
:103AE00004250C93A0E79C1A013C76E601FCFFFF3D
:103AF000FB799F501344D33FB3C8608B288AC63FDD
:103B00000000F03F0000F83F61436F63A787D23F9A
:103B100071A379094F930A400000E03F1655B5BBE9
:103B2000B16B0240EF39FAFE422EE63F00002C4016
:103B30000000244000001840FF0300002D431CEB50
:103B4000E2361A3F80842E41FFF7FFFFF0B5DE46D4
:103B500057464E464546E0B5A5B01E002E9B924600
:103B60000C93CD4ACD4B80468B461A60002900D17C
:103B7000EAE1002330789946002800D1ECE1C84BF7
:103B80004C460B93C74B454657460E930AE0631CC1
:103B9000984622003B005946A84744463078002802
:103BA00000D187E001362528F1D108239A46043B4D
:103BB0009946023B9846013B00229C460D94307882
:103BC000711C0300203BDBB2102B03D80B9C9B0025
:103BD000E3589F460300303B89460D9C092B3AD998
:103BE000002398462A2800D1C1E000239A462E28B7
:103BF0004BD00300683BDBB2122B1ED80E999B0002
:103C0000CB589F4663460E001A43D8E743460E0042
:103C10001A43D4E74B460E001A43D0E710230E0098
:103C20001A43CCE753460E001A43C8E780235B00D3
:103C30001A43FF3B9C467078E1444E4667284FD8B4
:103C40002428A4D90300253BDBB2422B9FD89649F8
:103C50009B00CB589F46002394461E0000E0013194
:103C6000B3009B195B001E180878303E0300303B00
:103C7000092BF4D90123624689469C460023B046AD
:103C80009A460E00E1442E28B3D1302180204942CB
:103C90008C46C000024370784B4684446146092933
:103CA00000D86CE12A2800D17AE101239C464E46D7
:103CB000E1449EE7A146A846BA46CA4503D8012377
:103CC0005B425344994653464A4659460020C047F2
:103CD000200025B0F0BCBB46B246A946A046F0BDC8
:103CE0000300693BDBB20D930F2B00D94FE7012195
:103CF00099408C466D49894661464B4619400F9163
:103D0000634649460B4200D028E10D9B0A2B3AD06E
:103D1000072B00D03BE70C9B190008C98846002BF5
:103D200000D14BE121200243914614A98C461F2269
:103D30000F2162448C4651460D950C91A246150008
:103D40000F9902E020290CD0130064461C4020008B
:103D50003730092C00D80738013168541A090F2B65
:103D6000F0D80C9B54460D9D9A460F9133E10C9B65
:103D700002CB8846002947DB0C9301239C467078D0
:103D80004E46E14431E70C9B02CB14935346002B83
:103D900000D138E19C4608780B000C908C44002838
:103DA00001D100F098FC89466146944603E05A78B8
:103DB0000133002A01D08B42F9D1494662465B1A91
:103DC0000C900F93530500D520E1022318001040FA
:103DD0000D90134200D1CBE30D930B1BB1469A46D5
:103DE0005E460C9822003B003100A8475346013440
:103DF000185D0028F6D1B3464E460D9B002B00D02F
:103E0000C7E1149B0C93C9E60C9301239C46283808
:103E100049420243884670784E46E144E5E67078B0
:103E20006C2800D17FE180235B001A43FF3B9C4656
:103E3000E14402E780239B001A4301239C467078EB
:103E4000E144FAE67078682800D173E180231A43D0
:103E50007F3B9C46E144F0E6672800D103E1472818
:103E600000D15AE1452800D15AE104920721424687
:103E70000C9B0392073352468B43190002920CC9E4
:103E80002800009201930C9122003B005946FFF755
:103E90009FFB040082E6C0464D3B0010A421002099
:103EA0004C7B0010907B0010DC7B001041900000E8
:103EB000462800D1DBE00492072142460C9B039286
:103EC000073352468B43190002920CC92800009216
:103ED00001930C9122003B005946FFF725F904009D
:103EE0005CE6631C984622003B0059462520A84703
:103EF000444653E60C9B04330D93631C994692078A
:103F000000D422E10C9B2200187859463B00A847B8
:103F100043464444012B00D885E23300B8462E00C6
:103F20005F4625004C46994622004346013439003D
:103F30002020B047AC42F7D12C00BB4635004746A5
:103F40004E460D9B0C9329E6DB4B307898460023B8
:103F50009946002800D012E60024AEE66F2800D172
:103F600088E000D80BE31023782800D1CFE09A43F3
:103F70000A239C4600230F930A330D9380E0564694
:103F8000B1008919490001330E181878303E01003C
:103F900030390929F4D9B2461E000133994628E682
:103FA0000C9B023602CB8A46C9435046C9170840CB
:103FB00082460C933078731C99461AE61023100041
:103FC000984311331843814680201300C0000340FA
:103FD000024200D1A9E64B460693082305935346B7
:103FE000049310230393002302930F9B2200019359
:103FF0001CAB009359463B002800FEF79FFF434649
:1040000004000C93CAE501235B42C3E60F9B5345B2
:1040100001D953460F930223180010400D9013420C
:1040200000D1B7E10D93D1460B1B9A463300A14452
:104030002E0022004D460C98B9465F469B4608E08C
:104040004B463900541CB0475346185D002877D0C2
:1040500022009542F4D15B46BB464F46A946350047
:104060004C461E00C9E680231B011A43FDE62023AF
:104070001A4320E708239C4600230F9308330D932F
:1040800080231100DB0019401A4200D116E10D23F4
:104090009A431000802302009B001A401492184299
:1040A00000D0C2E1802302005B001A4091460C9AC6
:1040B00004320F92184200D0B7E2430600D59FE1C8
:1040C000030600D419E30C9B1B880993002B00D036
:1040D000FCE110339843002900D1F7E10023994611
:1040E00043460593534604930D9B06900393002388
:1040F000D2E0582808D0622867D102239C460023CA
:104100000F9302330D93BBE720231A43103B9C46C9
:1041100000230F9310330D93B2E780231B011A4342
:1041200020231A43A1E6C0239B001A43F31C99469F
:10413000B07882E5C0231A43F31C9946B0787CE539
:1041400035005E46BB464F4657E64346012B00D836
:1041500063E1631E43449A463300B9462E005F462E
:1041600055469B46A24622004B460134390020208A
:10417000B047AC42F7D135005E46BB464F46A1463C
:1041800054460C9B4A46187859463B004444A8477D
:10419000D7E6A1460F9B984500D832E64444E41A7E
:1041A0003300B8462E005F4625004C469946220053
:1041B0004346013439002020B047AC42F7D12C00EF
:1041C000BB46350047464E461BE680231000DB0009
:1041D00018401A4200D10FE1112118008A430D92B4
:1041E0000D9A802311009B0019408C461A4269D118
:1041F000802311005B00194089460C9904310F910E
:104200001A4200D0CAE113005B0600D5F0E01300AB
:104210001B0600D459E20C9B00229B5ED9175A184A
:104220004A4092B2D90F0C91002B00D1F9E1100055
:1042300014AA944642461F23149252466344A84649
:1042400016944D460400B946B2461F00159201E08F
:10425000202D0FD020000A21FDF72CFF01357E19FB
:104260003031317020000A21FDF724FF26000400C0
:10427000092EEDD8149B4F46A94645469846159BF6
:1042800056469A46169C0D9B069343460593534605
:1042900004930A2303930C9B02934B4601931CAB9C
:1042A0002200009359463B002800FEF747FE0F9B73
:1042B00004000C9372E4C0468D2E00100C239A4328
:1042C0001000E7E607220C9B073393430132944624
:1042D0009C4462460C920CCBD90F0F9111001943EC
:1042E00000D191E0D9171391129151401091139977
:1042F0005940119110981199129A139B801A994163
:104300001090119114AA00239446424699461492A3
:1043100052461F336344A846B24616944E46109C3C
:10432000119DB94615921F0001E0202E10D02000EB
:1043300029000A220023FDF7FBFE013630322B0054
:10434000BA550D0022000400002BEED1092AECD84A
:10435000149B1094119545469846159B4F46B146BF
:1043600056469A46169C0D9B069343460593534624
:1043700004930A2303930F9B02934B4601931CABB8
:104380002200009359463B002800FEF7D7FD0400A9
:10439000FFF704FC0F9B984500D8C1E18023DB00A8
:1043A0000D9343460F9A1B199B1A994633002E0012
:1043B0004D46B9465F469B460C9122004B46013460
:1043C00039002020B047AC42F7D143460C99013365
:1043D0000F930B7835000C935E46BB464F46002B7F
:1043E00000D10EE50D9B002B00D1F6E4002319E669
:1043F0000C9B1B781A0015E710239A430D92EFE6E9
:104400000C9B1B78099361E6002399460028AAD1EA
:10441000002200231092119374E70C9B220018785D
:1044200059463B00A8474C468BE50C9AFA3BFF3BAC
:1044300007329A430133994691444B460C931368D3
:10444000526815921A4306D1103290430022099205
:10445000002900D081E06122810600D54122D2B23C
:104460000A9214AA91460A9A00210A3A14924246E4
:104470001792524618925A460991B3461F311E00B0
:104480000F9B4944BA4619941A95002467469846EA
:104490008946159D16901B920AE03032D2B24B46E7
:1044A00001341A55A8454AD0202C4AD006000D00E8
:1044B0003A00002330002900FDF73AFED2B2092A63
:1044C000EBD9149B9C466244D2B2E8E76123820692
:1044D00000D54123DBB20A3B0C93434614A91F22AB
:1044E0008C46159353466244A046B2464C461797F5
:1044F000A9461700099D0D9E1490169308E03033CD
:10450000DBB201343B55B5420ED3202C0CD0050054
:1045100031002800FDF7CEFDCBB20929EFD90C9A66
:1045200094466344DBB2ECE7159B4D46A1464446F6
:104530009846169B564614989A46179FD0E5B74260
:10454000B2D9179B57469846189B5E469A461B9BC6
:1045500009949B461698199C1A9D43460593534609
:1045600004930D9B0690039300230293099B05E798
:104570000F9B984500D914E701330F932DE41023C6
:10458000110099430D91692800D0BAE080231000F2
:10459000DB0018401A4200D122E61DE60C9B1B6886
:1045A000DA0F1100002B00D18CE0DA179818504078
:1045B00014AA914642461F23149252464B44A046E9
:1045C000A946169704006546B2461F000C91159245
:1045D00001E0202D0FD020000A21FDF76BFD0135F1
:1045E0007E193031317020000A21FDF763FD26006D
:1045F0000400092EEDD8149B444698460C9BAC460B
:104600001900159B56464D469A46169F0D9B0291E2
:10461000069343460593534604930A230393634644
:104620003CE6002800D02EE602E60C9B1B6899466B
:10463000002B03D110339843002938D1612382061F
:1046400000D54123DBB20A3B0C93434616935346F5
:1046500014A91F228C4617932B006244A0464D4696
:10466000B246189799461700149C0D9E159008E0C5
:104670003033DBB201343B55B5420ED3202C0CD085
:10468000050031002800FDF715FDCBB20929EFD94F
:104690000C9A94466344DBB2ECE7169B14944446B0
:1046A0009846179B56464D469A461598189F43467E
:1046B0000593534604930D9B0690039300230293A6
:1046C000149BEBE50028A1D172E70C9B1B68D9175E
:1046D0005A184A40A6E580231000DB0018409C468B
:1046E0000F901A420FD00220030013400F93104284
:1046F00019D00023A1460F934CE50C9B1B6809932E
:10470000E4E40A0034E40223180010400D90134240
:1047100000D03EE54346002B00D042E6FFF771FB98
:1047200001330F937FE463460D93F3E710B50C005C
:1047300084B00394012402A902900093034813005B
:104740006242FFF703FA04B010BDC04619310010F1
:1047500010B5094A0300146884B0002C08D0012267
:1047600000910648524203A9A047012004B010BDA1
:1047700000F098F90020F9E7A42100200931001089
:1047800000BEFDE710B5FFF7FBFFC04670B5FDF7B3
:1047900045FB074D074EB54209D20024013E761B6A
:1047A000B60808CD984723000134B342F9D170BD53
:1047B000847700108C770010030010B508001100FA
:1047C0001B68984710BDC046F0B5C64600B5437D8E
:1047D00007000C001600002B46D0002A17DD0B78CE
:1047E0000A2B24D000239846012E13D0012529003E
:1047F000635C01350A2B26D0B542F8D1464509DC69
:10480000A419013C23780D3B5A4253413B7580BCAF
:10481000B846F0BD4346E018A419F11A013C3B68C4
:10482000984723780D3B5A4253413B75EFE7037D90
:10483000002BD7D102210F483B689847012EDFD0CB
:1048400001239846D2E7631E5B5C0D2BD4D08845CC
:1048500004DA4346C91AE0183B6898470221054824
:104860003B68A8469847C7E70368110020009847AF
:10487000CDE7C046387D0010F0B5C6460B6806008F
:104880000C0000B5802B06D05A1C2260E41826715B
:1048900080BCB846F0BD0F4B1D68002D16D00B1D17
:1048A00098460D4F02E02D69002D0FD02B68002B8C
:1048B000F9D03B68002B01D0AB42F4D1280041462F
:1048C0002268FFF781FF2D69002DEFD1012200231F
:1048D000DBE7C046981D0020A01D0020F0B545462E
:1048E000DE464E465746E0B583B091461C008046F2
:1048F0000D00FCF751FF0023304A12184B41002BEA
:1049000002DA01222E4B52422E4908008A4602F05A
:10491000FBFE07006B1C03D1404602F07DFE050044
:10492000002C27D0284E294B1C68002C18D04B4651
:10493000002B21D1264B994602E02469002C0FD090
:104940002368002BF9D04B461B68002B01D09C42FA
:10495000F3D120002A004146B0472469002CEFD152
:10496000002F26D1280003B0F0BCBB46B246A946B2
:10497000A046F0BD174ED6E7154B99460A239B4635
:1049800002E02469002CEBD02368002BF9D04B46C1
:104990001B68002B01D0A342F3D12A00414620001E
:1049A000B0476B465A462000DA71D91D0122B04744
:1049B000E7E7504602F078FED4E7C04640420F00D9
:1049C000FFFFFF7F08110020C9470010981D00203D
:1049D000A01D0020B94700100A4A1368002B05D11A
:1049E0000CE01A001B691032002B07D08342F8D16B
:1049F000002902D118691060196170470029FCD0A4
:104A00001060FAE7981D002010B500F0F1FA10BD13
:104A1000F0B5CE46474680B583B06B460600DD1D37
:104A20002870FCF7B9FE0023194A12184B41002BDD
:104A300002DA0122174B524217490800884602F059
:104A400063FE164B81461C68002C14D0144F02E004
:104A50002469002C0FD02368002BF9D03B68002B71
:104A600001D09C42F4D1200001222900FFF7ACFEC6
:104A70002469002CEFD14B46002B05D1300003B048
:104A8000C0BCB946B046F0BD404602F00DFEF5E7A9
:104A900040420F00FFFFFF7F08110020981D0020FB
:104AA000A01D002070B5040002F0B6FD0123010036
:104AB000050001222000FFF711FF084B1C68002CA5
:104AC00006D06368002B05D098472469002CF8D1E4
:104AD000280070BD2469002CF3D1F9E7981D00204F
:104AE000F0B5CE46474680B5A3B004000D00FCF7F4
:104AF00053FE0023274A12184B41002B02DA0122F1
:104B0000254B5242254E300002F0FEFD00232200CC
:104B1000019307002B00224801A9FFF707FE214B54
:104B2000804699461C68019B002B1AD0002C2FD080
:104B30001D4D02E02469002C0FD02368002BF9D012
:104B40002B68002B01D0A342F4D12000019A02A9C6
:104B5000FFF73AFE2469002CEFD14B461C68002376
:104B60000193002C06D06368002B0BD09847246972
:104B7000002CF8D1002F07D1404623B0C0BCB94665
:104B8000B046F0BD2469ECE7300002F08DFDF3E79C
:104B90000194EFE740420F00FFFFFF7F0811002064
:104BA00079480010981D0020A01D00200FB400B50A
:104BB00083B004A901C90191FFF792FF03B008BCBB
:104BC00004B018477047C0460022014B1A70704766
:104BD000152200204B790020FF2B0BD18B79002B65
:104BE00008D1CB79012B05D1082A03D9024B8A7849
:104BF00009301A707047C046152200200120704706
:104C000010B5012913D112495379107909781B0283
:104C100003430020994200D010BD5378012B08D0E7
:104C2000022BF9D1642200210020FDF741F8012078
:104C3000F2E7D37891781B021943480ADB0501D4C7
:104C4000012040427F238A05D20F1940FDF7B8F8B2
:104C50001522002000487047047E001070B5050042
:104C600014000120012909D153780020012B05D11E
:104C7000637912791B021343072B00D070BD21000A
:104C80002800024A9F3301F055FAF7E75C7D0010D7
:104C900001230370004870473C7D00104B780A7870
:104CA0001B0213438A7810B512041A43CB781B06F3
:104CB00013439622D200934200D010BD002201205F
:104CC00011004042FDF77CF8024B1860024B19605E
:104CD0007047C046381D00203C1D002010B5024B17
:104CE0001878FBF739FF10BD16220020154B70B560
:104CF0001A68002A22D0EFF3108172B610680028DB
:104D0000FCD0BFF35F8F00200F4A596010701B6802
:104D1000BFF35F8F186081F31088002400250B4ECD
:104D20003078FBF70DFF002804D10024002529006E
:104D3000200070BD3078FBF70FFFF8E7FA2400255C
:104D4000A400ECE7C8210020172200201622002032
:104D500070B5040000200E0001F00AFB002834D0DA
:104D6000002001F031FB00282FD0FCF715FD0023B7
:104D7000174A12184B41002B16DB164D280002F083
:104D8000C3FC002821D0002001F0F2FA00280FD146
:104D900001200021404200F001FD0324644228006C
:104DA00002F082FC200070BD01220B4B5242E4E76E
:104DB000002001F009FB0028EAD021003200002089
:104DC00001F00CFB041EEAD1E7E703246442E9E7A3
:104DD00040420F00F0210020FFFFFF7F10B5FCF7DD
:104DE000DBFC00230D4A12184B41002B02DA012292
:104DF0000B4B52420B4C200002F086FC00280CD0DA
:104E000001200021404200F0C9FC002001F02AFBF3
:104E10000028F5D1200002F047FC10BD40420F00F1
:104E2000FFFFFF7FF0210020F8B5DE46574680B532
:104E300005000C00FCF7B0FC0023364A12184B4169
:104E4000002B02DA0122344B5242344908008A46D0
:104E500002F05AFC002803D1C0BCBB46B246F8BDE4
:104E6000002001F085FA00284AD00026002C43DDFE
:104E70002B4B9B4614E0A919002001F02DFB0700E5
:104E800001200021404200F089FC002001F0EAFAF4
:104E9000FCF782FC224BF61918605960B4422BDDF6
:104EA000002001F039FBA71B0200B84200DD3A00E8
:104EB000002AE0D101200021404200F06FFC0020D8
:104EC00001F0D0FA002001F053FA002814D000209D
:104ED00001F022FB0028E1D1FCF75EFC5B460F00ED
:104EE0001A685B68002184460E4812184B419F42A5
:104EF00002D8D3D19445D1D9504602F0D5FBABE7C7
:104F000000200021064B18605960504602F0CCFB8F
:104F1000A2E7C04640420F00FFFFFF7FF0210020C4
:104F20009012002020A1070030B52A4C85B0002146
:104F3000200002F0D9FB00281CD1274B1A68002A58
:104F400016D0EFF3108172B610680028FCD0BFF3C2
:104F50005F8F01242148596002781B68D2B2047027
:104F6000BFF35F8F0020186081F31088002A17D0EC
:104F700005B030BD01200021404200F00FFC0020B0
:104F800001F022FA0500200002F08EFB002DEFD088
:104F9000134B1B68002BEBD0124A10689847E7E7C9
:104FA000FCF7E4F90400FCF7F7FBFA220023920077
:104FB00012184B41002B02DA01220B4B5242012105
:104FC000029100210191094920000091FCF7D2F9DA
:104FD000CEE7C046F0210020C82100201722002083
:104FE000381D00203C1D0020FFFFFF7FED4C00100E
:104FF000D02310B51B0684B01C68FCF7B7F9FCF78A
:10500000B3FAA04202D0002004B010BD294B002109
:1050100000201B7801F074FD27480368002B45D061
:105020000120FBF731FFFF23244C25492070184055
:10503000FBF7ACFD20780121FBF770FD0520FBF7A5
:1050400093FD002824D1082200211E48FDF712FFFD
:10505000FCF78CF90400FCF79FFBFA220023920076
:1050600012184B41002B02DA0122174B5242012148
:10507000029100210191154920000091FCF77AF975
:105080000028C0DB12480121FFF7A6FC0120BBE786
:105090000120FBF711FD0B4B01001800FBF756FF39
:1050A000002205200B49FBF79BFDEBE7FBF732FFE6
:1050B000B6E7C046B87F0010F0210020162200207D
:1050C000294F0010C8210020FFFFFF7FED4C00108A
:1050D000D0100020DD4C001000487047A07E00106A
:1050E000004870474C7E001010B504001748037844
:1050F000002B20D0002C06D1154B16484380063BD0
:10510000FF3B038010BD052C1DD8134BA400E058B5
:1051100012490123013804E001330A800231142BC3
:105120000DD0C25C002AF7D1C022DBB25B00920036
:1051300008481343E5E7112100F01AF8DAE7CA231B
:1051400004489B00DDE70020DCE7C046FC2100208E
:1051500009040000701D0020347E0010721D002024
:1051600010B5024800F0D8F810BDC046E02100207C
:1051700030B54B1E012900D1A7E0664A11780D0910
:105180002C0030349F2900D9A2E00470012B00D1FB
:10519000BEE00F21147821400C003034092900D9D9
:1051A00098E04470022B00D1B2E054782509290020
:1051B00030319F2C00D990E08170032B00D1A7E003
:1051C0000F2121400C003034092900D987E0C47038
:1051D000042B00D19CE094782509290030319F2CC4
:1051E00000D97FE00171052B00D191E00F21214012
:1051F0000C003034092900D976E04471062B00D127
:1052000086E0D4782509290030319F2C00D96EE042
:105210008171072B00D17BE00F2121400C0030343D
:10522000092966D8C471082B00D171E014792509C9
:10523000290030319F2C5FD80172092B68D00F21D3
:1052400021400C003034092958D844720A2B5FD011
:1052500054792509290030319F2C52D881720B2BAB
:1052600056D00F2121400C00303409294BD8C4728C
:105270000C2B4DD094792509290030319F2C00D971
:10528000073101730D2B43D00F2121400C00303426
:10529000092901D937310C0044730E2B38D0D1794C
:1052A0000C09220030329F2900D9073282730F2B5C
:1052B0002ED00F220A4011003731092A01D830328E
:1052C0001100C173102B23D010300023037030BDA8
:1052D00007345AE737310C0063E707316CE73731A1
:1052E0000C0074E707317DE737310C0085E70731A3
:1052F0008EE737310C0095E707319DE737310C0019
:10530000A3E70731AAE737310C00C4720C2BB1D1E7
:10531000C018DAE7E021002010B588B004000D22A3
:1053200000216846FDF7A6FD0D22002104A8FDF727
:10533000A1FD4B236A466846137004A90D2202F0B2
:10534000A3F91521082220006944FDF799FD08B052
:1053500010BDC046F8B500F047F90C23194DFF22E7
:10536000AB6705201849FBF73BFC184C4022002195
:105370002000FDF77FFD4027002301262121144A4C
:1053800066702783A260136063545F31618445397E
:105390006354104A10496360E2602787A1620B6082
:1053A0006362E26202F090F980239B052E64EB6455
:1053B00090230A4A0120EA508022094B5202DA6403
:1053C000F8BDC04600001150A9050020A41D002012
:1053D00084001050000110508000105010D00100C7
:1053E0000020115010B501210520FBF797FB10BDDF
:1053F00010B500220021024800F016F910BDC04689
:10540000C41D0020044B1970002904D08021902372
:10541000024A8902D1507047112200200020115009
:105420000B785B0602D14B78052B00D070478A7849
:10543000014B1A60FAE7C04600001150F0B5C646AD
:10544000C87800B58007830F1800012B60D08F78D3
:105450000A794B797F213940FC091B024E00134326
:10546000334D32195201AA189770012767405770BF
:1054700000275B055B0DD7701383D076B846CA0052
:10548000012C32D02B4FBC468F016244BC46AC4449
:105490006746BA6047461760002932D0264AC900DD
:1054A00090466246414451603F223F339343022875
:1054B00037D0224937190A687F01D3180B60204979
:1054C000EF19FA608B422ED836197601AD19EB7EB2
:1054D0001C499B064A4013438022120613436A6804
:1054E0001360012080BCB846F0BD174FBC468F0149
:1054F0006244BC46AC446746BA624746176000291E
:1055000008D1002364012C196360104BE360E8E7C5
:105510000020E7E70B4AC9009046624641445162C9
:10552000C2E75B00C5E7FCF773FCFA68CCE7C0464E
:10553000A41D00208400105004001050AC21002055
:10554000FF0F10500000105080001050000110504C
:1055500010B502F0B9F810BD10B57F200C00204046
:105560004000E409110000191A00034B4001C01863
:1055700000F05AF8012010BDA41D00207F23180060
:1055800000B5084083B00B4204D14B424B41084A5E
:10559000013393668022C9094000064B4018400140
:1055A0000021C018120102F0BFF803B000BDC046D0
:1055B00000201150A41D00207F22130010B50B40C5
:1055C0000A4200D110BDC9095B005B1804485B01A9
:1055D000C018002300220349C37002F0A5F8F1E7C8
:1055E000A41D0020FFF7FFFF80220A4B520410B5D4
:1055F0001A60094B09491A6010000B689843FBD1E7
:105600008022002152010648FDF734FC0922054B97
:105610005A6710BD00E0004000F0004008C00040A4
:105620000000105000001150002310B5C382013358
:10563000828283760161040002F01EF8002804D003
:1056400080219023074A8902D150200002F024F8DB
:10565000002802D00123237710BD200002F05CF85F
:10566000FAE7C046002011507047C0467047C04658
:1056700000207047002070477047C0467047C04602
:105680007047C0467047C046024B5878431E984149
:10569000C0B2704748160020024B18784007C00F70
:1056A0007047C04648160020F0B5D6464F464646DD
:1056B000C0B52F4B07009A461B780E00FF2B50D128
:1056C000002941D0002154222A48FDF7D3FB0022B3
:1056D000294C2A4B20001A70FBF71CFC284B1C603D
:1056E000284C2000143CFBF723FC200001F010FEA6
:1056F000254B264D1C60264B002B04D02800FFF7BD
:10570000C7FA244B18602449002489462149002304
:1057100088462A7810E043461B6862019B18002BDC
:1057200012D05B68002B0FD098472A780134E4B27E
:10573000511C2300A14209DBA242ECD89B1A5B0159
:105740004B445B68002BEFD100200BE05346310047
:1057500038001F70FFF7FEFD0028F5D03800FFF776
:1057600041FE0120E0BCBA46B146A846F0BDC046A5
:1057700004110020481600204016002012220020AC
:105780009C160020FC100020A016002010220020F3
:10579000914C0010981400205C7F0010F0B5DE469C
:1057A00057464E464546E0B5C84B91B002931B782C
:1057B000FF2B00D13EE1C64BC64E9B465F46C64B13
:1057C0000DAC0193C54B009335686A69EFF3108106
:1057D00072B61368002BFCD0BFF35F8FA96128005D
:1057E000210001F0C5FB6A69AB69BFF35F8F00213F
:1057F000116083F31088002800D11BE16378082B27
:10580000E2D89B00FB589F466368002BDCD0A06861
:105810009847D9E77F222179AF4D0A405300EB1812
:105820009846C809804440460123303005799D439D
:105830000571057903339D430571002A00D100E10C
:105840004346A74A1B7D1278934200D3EFE0A54A56
:105850005B011568ED18002D00D1EBE0A3686279BB
:105860002078AD69A847AFE79F4A1378002B00D195
:10587000E0E01378013BDBB213701378002BA3D167
:105880000122954D01212B78042013432B703423E2
:10589000EA5C8A43EA54EA5C8243EA540133EA5CF4
:1058A0008A43EA54EA5C8243EA54237800209B4608
:1058B00000F09EFC602223791A40602A00D1EFE0BC
:1058C000402A00D1F5E0DB06DB0E012B00D113E10D
:1058D000022B00D1C7E0002B00D0E1E0202A00D14C
:1058E0001CE2002A00D0DBE06379092B00D9D7E065
:1058F0007E4A9B00D3589F46774D2B78DB0700D418
:1059000062E7FFF7BFFE5FE7019BDB78DB0700D4B0
:105910005AE76068FFF7AAFE56E76F4D2B78DB0762
:1059200000D451E728780007C00FFFF7A9FE4BE726
:1059300023786A4999468B46694B6A4998468A4654
:1059400039001A7847460023B04600254E4689465E
:1059500010E053461B686A019B18002B00D176E0CB
:10596000DB68300098473A780135EDB2511C2B00C6
:105970008D4244DC9542ECD39B1A5B015B44EFE71C
:10598000237858499946564B8A4698463100BB467B
:105990004E461A7800250023474689460FE05346B5
:1059A0001B686A019B18002B55D0DB6830009847B4
:1059B0003A780135EDB2511C2B008D4207DC95423F
:1059C000EDD39B1A009A5B0194466344EDE7019D79
:1059D000542200212800FDF74DFA1022FF214448EF
:1059E000FDF748FA28002022FF2114304E465F467A
:1059F000FDF740FA00F0F2FBFFF740FEE4E6364D1B
:105A0000542200212800FDF735FA1022FF21281D1D
:105A1000FDF730FA28002022FF21143046464F4679
:105A2000FDF728FA00F0DAFB2379AB70CCE6501CC6
:105A3000984213DA11B0F0BCBB46B246A946A04664
:105A4000F0BDA3686279207800F0E6FBBCE646462C
:105A50004F46214DE6E74E465F46CBE71F4D9B1A6A
:105A60005B015D19FAE67023217A0B4218D1C8094F
:105A700082460F330B405B0098461948EB1853449D
:105A80001B7D00789946834266D216485B01006808
:105A900081469944002A00D15FE14B46002B68D132
:105AA00020780021FFF76AFD80212078FFF766FD4E
:105AB0008AE6104800F09CFB012158460EAAFFF729
:105AC000CDF8002800D07FE6EAE7C04604110020A8
:105AD000B47E0010A0160020481600205C7F001045
:105AE000102200209814002012220020D87E0010DE
:105AF0004C1600205D4C0010237A0F2BD0D8CF4AD3
:105B0000EB181B791578AB423ED3691C9942C7DB71
:105B10005D1BCB4B6D01ED18686900F069FB01213D
:105B200058466B690EAA9847002800D04CE66022C0
:105B3000150023791D401A42B2D163790A3B012B2B
:105B4000AED800F055FB63790A2B00D199E1584695
:105B50000EA900F0D9FA37E6431C4B4500DAF7E00E
:105B60004B461B1A5B019946B5488144002A00D177
:105B7000F3E04B46586900F03BFB4B460121584689
:105B80005B690EAA98479CE7AE4A5B011568ED1861
:105B9000002DC1D184E7A37999466B789945D6D079
:105BA0006B78002B00D033E14B466B70002B00D19B
:105BB0002BE148460138C0B2FFF792FA002800D125
:105BC0007EE143780793022B00D079E10122C1796D
:105BD000B1468B11491113400A40302112015B017B
:105BE00013432A78A8468A4313432B7009239A4605
:105BF00082445646BA46C37882781B021343C318C0
:105C000005938E4B04938E4B08938E4B09938E4BCA
:105C10000A93059BB34200D855E1737801220B2B00
:105C200003D13378F278F6187378042B00D044E16E
:105C3000059B00279B1B9BB20693049B0B921D7830
:105C4000002303931BE0099A7B011568ED18002DD2
:105C500000D132E1310058462B69069A98478446B4
:105C6000082803D9069A824200D313E1049B013726
:105C70001D78FFB26B1C03979F4200DD1DE1BD4202
:105C8000E1D8039B5D1B089B6D019C466544E1E7E1
:105C90006B780CAA02321370584601230EA900F04B
:105CA00049FA91E5E3881A0AD8B20F2A00D9F7E633
:105CB00066499300CB589F460EA800F09FFA5846BD
:105CC000A179FFF795FB02222B7813432B707BE51C
:105CD000E388012B00D0E3E608222B785846934353
:105CE0000EA92B7000F010FA6EE5022029780CAB9B
:105CF0009A1C8B068908DB0F01400B431380584622
:105D000002230EA900F016FA5EE5E388012B00D00D
:105D1000C6E608222B7813432B7018E7237A0F2B43
:105D200000D9BDE6EB181D79444B1B789D4228D263
:105D3000444B6D011B685D19002D00D1B0E6686908
:105D400000F056FA012158466B690EAA9847B8E64A
:105D5000002A00D0A4E600239946627902201300AD
:105D600003928343012B15D0002A00D098E62B0024
:105D70004344534430331B790CAA9B07DB0F023298
:105D8000BCE75A1CAA4200DA8AE6ED1A2C4B6D01D8
:105D9000ED18D4E7E388002B12D1029B1878039BFF
:105DA000012B23D0FFF7EAFB43460221EB185344B3
:105DB00030331A790A4301211A711A790A431A7188
:105DC0004B46002B00D1FFE4586900F011FA4B4616
:105DD00001215B690EAA58469847002000F008FA96
:105DE0003523EB5CDB0700D5EEE4B0E6FFF7E4FB20
:105DF00043460221EB18534430331A798A431A710F
:105E00001A7903998A431A71DAE7FFF737FC9EE69D
:105E100000215846FFF7F6FA5846FFF799FBAB7892
:105E2000074903930491054B064998461A78059152
:105E3000002329001D008A461BE0C04610220020D6
:105E40005C7F0010981400205C160020007F00107A
:105E5000059B6A011B689B18002B4DD0DB685846D8
:105E6000984743461A780135EDB2511C2B008D42FC
:105E70002EDC9542ECD39B1A049A5B019446634452
:105E8000ECE70CAB9A1C584601230EA9157000F0E4
:105E900051F999E40B9A012A4FD0002A3CD00023F3
:105EA000B07804E00133DBB20F71934234D2C118F1
:105EB000C9B241440D79FF2DF4D04E4645465746B0
:105EC00000236B70ECE54E465746FFF7D5FB3EE6E8
:105ED0005546542200212800FCF7CCFF1022FF2158
:105EE000281DFCF7C7FF28002022FF211430FCF7F3
:105EF000C1FF039BAB7057E65546FAE7FEF7AAFED3
:105F0000021E00D1CCE5D37891781B020B43584692
:105F10000EA900F00FF9D4E565463B002A003100D8
:105F20000A9800F095FEAC46049B039A1B786644E1
:105F30000133934200DB6CE6BFE7174B29699942B6
:105F4000ADD1079AABE7FFF793FB021E00D1A7E59F
:105F5000584613780EA900F0EDF8B2E52189FFF755
:105F6000C3F8021EF4D19BE5022A0FD0FFF782FB93
:105F7000021EC8D194E5FFF7AFF8021E00D18FE5ED
:105F8000122358460EA900F0D5F89AE5FFF7A8F8B5
:105F9000021EB8D184E5C04619660010F8B5574610
:105FA0004E46DE4645460C00E0B516001F00002AAE
:105FB0003CD0702398461E4B00259B461D4B9A46AD
:105FC0001AE05B461B78200099465346997800F00A
:105FD00001FE00281CD021004846FFF72FFA0028B8
:105FE00016D0A378DA09012A19D00A9A013513705C
:105FF0002378E418B54219DA6378052B08D1E378E1
:106000009B079B0FBB4203D14246A3781A42D8D0CC
:106010000020F0BCBB46B246A946A046F8BD0B9A8C
:10602000013513702378E418B542E5DB0120F0E771
:106030000411002048160020702270B58B780C00E7
:106040001A4201D0002070BD064B20001D78064B7F
:10605000997800F0BFFD0028F4D021002800FFF758
:10606000EDF9F0E704110020481600200B007F2016
:1060700010B51840DB0934334000044AC018044B03
:106080001168C01800F062FD10BDC0469C160020CB
:10609000481600200B007F2010B51840DB09343370
:1060A0004000044AC018044B1168C01800F076FD87
:1060B00010BDC0469C1600204816002070B57F24F5
:1060C0000F480C4064000419CD096419303420795C
:1060D000C00701D5002070BD012625790948354348
:1060E00000782571FFF738FA0028F4D101222379CE
:1060F000934323712379033293432371EAE7C04624
:10610000481600200411002070B5094C0600082232
:1061100020000D00FCF7B4FE00238021E360A360A3
:106120002B783000994300220023FFF7C7FF70BD92
:1061300028160020F8B5CE4647469046254E80B535
:106140008146082230000D001F00FCF799FE4346EF
:10615000B3600023F381EC79AB7924021C43231C48
:10616000BC4200D93B1C9FB2B381002C0DD0002F44
:1061700017D04246002A2BD0402F1BD89FB233782D
:106180007F2B1CD80021144A0FE080212B7800229D
:10619000994348460023FFF791FFC0BCB946B0467B
:1061A000F8BD7F230022317899433B004846FFF732
:1061B00085FFF2E740239FB233787F2BE2D9064C6C
:1061C0003A0041462000FCF75BFE80212200ECE70C
:1061D0000020E2E728160020E815002010B5142260
:1061E00000210248FCF746FE10BDC04628160020DC
:1061F000014B18617047C0462816002010B5054CA9
:10620000010008222000FCF73BFE0023A360E360AE
:1062100010BDC0462816002070B5384C1D002378EC
:106220000600DA09C9098A4210D00020002D00D0EA
:1062300070BD21003000FFF7F3F82369002B03D075
:1062400022000321300098470120F1E77F2B06D878
:10625000A068002834D02A002949FCF711FEE28901
:10626000A1685219E38892B24919E281A160934270
:1062700014D03F2D12D9A389981A051C80B240284A
:106280002AD82078ADB27F2828D800219A4232D06F
:106290001B4A2B003000FFF711FFC9E72369002BD1
:1062A00005D0220002213000984700280AD0802122
:1062B00023780022994330000023FFF7FFFEB7E761
:1062C0000020B5E700213000FFF758F930008021A9
:1062D000FFF754F90120ABE74025D2E79A4207D0F7
:1062E000074C2A002000FCF7CBFD80212200D0E7DC
:1062F00080210022CDE70022CBE7C04628160020EF
:10630000E815002070B50400FFF7BEF9002800D1A1
:1063100070BDFFF7C1F90028FAD1C8236343124DBD
:10632000EE18F1780029F3D010335D19280000F041
:1063300009FE3F28ECD90020F178FFF797FE0028EE
:10634000E6D0280000F0FEFDF1783F2807D9074B82
:10635000E201D21800204023FFF7B0FED8E700206A
:10636000FFF798FED4E7C046201500209C140020BB
:1063700010B50400FFF788F9002801D1002010BDF6
:10638000FFF78AF90028F9D1C8226243024B013095
:106390009B181B791840F2E720150020C8224243C1
:1063A000014B9B1818797047201500200300080046
:1063B000C82110B55943034B0722C918FCF760FDEB
:1063C00010BDC04628150020C82310B5434302481D
:1063D000181800F099FD10BD30150020F8B5C8243C
:1063E000802344431C4F103405003C195B029A4241
:1063F00000D31A4A200092B200F008FE0600FFF710
:1064000043F9002801D13000F8BDFFF745F9002815
:10641000F9D1C8236B43FF18FB78002BF3D0200081
:1064200000F090FD3F28EED90020F978FFF71EFE1E
:106430000028E8D0200000F085FDF9783F2807D932
:10644000074BEA01D21800204023FFF737FEDAE7B6
:106450000020FFF71FFED6E720150020FFFF0000F9
:106460009C140020F8B50400FFF70EF9002801D1B4
:106470000020F8BDFFF710F90028F9D1C8256543C1
:106480002E00134F2436F619300000F03DFD002891
:10649000EED07F190020B978FFF7E8FD0028E7D09B
:1064A0000C4DE401651929004022300000F0AEFDDA
:1064B000B978041E08D003002A000020FFF7FEFD73
:1064C0000028D5D02000D4E70020FFF7E3FDCFE778
:1064D00020150020DC14002070B5C82444430C4B68
:1064E0000500E41880235B029A4200D3094A200089
:1064F00092B200F051FE0600200000F005FD3F289A
:1065000001D8300070BD2800FFF7ACFFF9E7C046A6
:1065100044150020FFFF0000C82310B54343024884
:10652000181800F00FFD10BD44150020F0B500252F
:10653000184C83B0C82200212000FCF79BFC164BAE
:1065400021001D70FF236371E1235B02A360200023
:1065500008234022A37338310095073B103000F028
:106560009DFC2700012321002000260040227831D5
:106570000093B837243000F091FCC0363800FAF7A9
:10658000C9FC3000FAF7C6FCE56127622663656343
:1065900003B0F0BD201500201C1500200A4A116B25
:1065A000136A00290CD0002B07D00023D36153635A
:1065B0001363002313620120704753631363FAE7E8
:1065C000002BF8D0D161F4E72015002070B50F4CF6
:1065D000052200212000FCF74DFC0D4D2B78DA0739
:1065E00007D50C4C9B070CD50121200000F0B0FE14
:1065F00070BD2000103000F08BFE2B78054C9B07FF
:10660000F2D4200000F084FEEEE7C0462015002002
:106610001C15002044150020F0B54B79060083B00E
:10662000022B02D18B79022B03D00025280003B066
:10663000F0BD204FBB78002BF7D18B7809253B703C
:106640000C780C196378242B07D00CE02378E4181D
:106650005D196378ADB2242B05D19542F6D900209F
:10666000FFF750FEE2E71A00052B15D0042AF6D1F9
:1066700063790A2BF3D1104B2778019301330093F0
:1066800030000223E119023AFFF788FC0028CCD041
:106690000E35ED19ADB2E2E721003000FFF7CCFC7A
:1066A0000028C2D0A3787B7023785D19E418627843
:1066B000ADB2DBE72015002022150020F8B56023DD
:1066C00014001278050013400020202B07D1304A17
:1066D0006379277916781B023B439E4200D0F8BDB0
:1066E0006378222B1AD007D8202B34D0212BF6D157
:1066F00001293ED00120F2E7232BF0D1012940D01F
:106700000329F7D1234B002BF4D0E178A3780902B9
:106710000020194300E000BF0120E0E7012930D04C
:106720000329E7D101252E00A378E4780239240259
:106730001C431471264024321000714000F008FE02
:10674000154B002BD6D06208002031002A4000E013
:1067500000BF0120C3E701290BD00329CAD10F4B89
:10676000002BC7D0083200201100FEF797FA012055
:10677000B5E7072321002800094AFFF7DBFC0120C9
:10678000ADE721002800FFF7BFFC0120A7E7C046C6
:106790002015002000000000000000009D4C0010AB
:1067A00028150020F0B54F464646D646C0B5364DB2
:1067B0008046EA780C001F008A423CD0AB788B42BE
:1067C00010D00020E0BCBA46B146A846F0BD2F4B21
:1067D000002B04D02E4800F0ADFB002851D0002043
:1067E000FFF790FDAB78A34201D00120EAE7294BE7
:1067F000002B02D0002000E000BF0020FFF732FE97
:106800000028F2D1244C200000F07EFB0028ECD1BF
:10681000002FEAD0BF06E8D1243C4046A178FFF71C
:1068200025FC0028E1D0002300224046A178FFF794
:1068300045FC0120C6E79AB210239A46174EAA4497
:106840003100504600F0A8FC154B002BBFD06B79EF
:10685000FF2BBCD0002FBAD0F219914603E00136CD
:106860004E45B4D06B7932789A42F8D1504600F058
:1068700061FB0028F3D15346103B597900E000BF7B
:10688000EDE700E000BFAAE72015002000000000AF
:106890003015002000000000441500209C1400204A
:1068A000000000009322F0B5134C85B000212000B9
:1068B0009200FCF7DFFA23002000802640270F4DCE
:1068C0004D337600FF3329300295009300220023D8
:1068D000002103970196FF3000F0D4F94035201DC8
:1068E0002834002301220021039702950196009489
:1068F00000F0C8F905B0F0BDEC1700206C170020BF
:1069000010B5054C200000F0F3F920002538FF38C1
:1069100000F0EEF9012010BD1419002070B5084CEC
:10692000002520003130FF30257000F0F1FC200000
:106930000C3000F0EDFC2A23FF33E554657170BD87
:10694000EC170020F8B557464546DE464E46E0B502
:106950004B7980460F00FF2B5BD1404B99462A2391
:106960004946FF33CB5C002B53D14E79002E50D1DA
:10697000BB783C780B703B793C19002B46D09823B0
:106980005B004B449A460C234B449B46A51803E0FE
:10699000AC423BD22378E4186378052BF8D1AC42A3
:1069A00034D221004046FFF747FB002831D0A378BE
:1069B0000136F6B2DB09012B32D0504600F0A8FCBC
:1069C0002A234946A278FF33CA54637922791B02ED
:1069D0001343234A5B0594465B0D942163445A425A
:1069E00053414A4602204900525C5B0082431343F4
:1069F0004A46535451464046083900F0E3F900280E
:106A000007D02378E4183B79B342C5D8E01B80B2A5
:106A100000E00020F0BCBB46B246A946A046F8BD47
:106A2000584600F075FC5A46A3780C3A53716379C6
:106A300021791B020B430A495B058C465B0D6344BD
:106A400059424B41022011795B0081430B43594667
:106A500000200839137100F081F9D2E7EC1700200B
:106A600000FEFFFFF8B52A2506001F48FF35455DEB
:106A70001F008D4215D043798B4201D00020F8BD14
:106A80001A4B002B04D039040020090C00E000BF91
:106A9000174C3000210000F061F900281DD00120C2
:106AA000EDE79A235B00C35A002B0DD1114B002B4D
:106AB00004D000201049BAB200E000BF30000F49F6
:106AC00000F080F90120DAE796235B00C1583130ED
:106AD000BAB2FF3000F060FBE8E73A002100300076
:106AE00000F008F90120CAE7EC17002000000000C0
:106AF000F0170020000000006C170020141900207F
:106B000000B5030083B0002910D00020012B07D866
:106B10000A78002A04D00C48C2540120012A01D06E
:106B200003B000BD1800FEF7BFFDF9E701236A4678
:106B3000002001A99380FEF7B7FD0028F0D00122C4
:106B4000014B1A70ECE7C0463C160020037870B584
:106B5000DB0704000E00DD0F002B17D103785B0765
:106B600001D5280070BD01213000494200F0C4FD6C
:106B70002378DB07DD0F002B0AD123785B0708D4CD
:106B80000422237801251343237002E00025E8E75F
:106B90000025300000F088FDE3E7C04670B50C002A
:106BA000012106004942200000F0A6FD33785B0772
:106BB000DD0F002B04DB200000F076FD280070BD07
:106BC0003378DB0704D40422337893433370F2E73D
:106BD0000025F0E7437902791B021343C2785B0575
:106BE00092075B0D920F022A1DD0032A0CD00020C1
:106BF000012A08D102394A425141124A944661445D
:106C000099424041C0B2704702394A1E91410E4A32
:106C1000494211408022D2009446002061449942AA
:106C20004041C0B2EFE7022905D0002040229A423D
:106C30004041C0B2E7E7054A981843425841C0B204
:106C4000E1E7C046FF03000040FCFFFF00FEFFFF3E
:106C50008A1870B5914207D27F264C78052C04D053
:106C60000C7809198A42F8D870BD34008D782C4010
:106C700064000419ED0963550C7809198A42ECD8AF
:106C8000F2E7C046F0B5C64600B582B0150008AAC6
:106C900040CA040017886A46928D012090460A0077
:106CA0002178024081432000114321703A00009373
:106CB00031000123083000F0F1F8002E01D0002F40
:106CC00008D10A9B012063604346638002B080BC08
:106CD000B846F0BD26001C363000FAF71BF9002339
:106CE000002D01D0330000266361A661E9E7C046AC
:106CF00001207047F8B502240B7807001C4063425E
:106D00005C41144B64421C40134B08009C46083005
:106D10000D001600644400F0F7F8002807D1002E9B
:106D200005D0344203D101242B781C4201D000202D
:106D3000F8BD38006978FFF799F90028F7D02B786B
:106D40001C42F4D10023002238006978FFF7B6F91D
:106D5000EEE7C04640FEFFFFFF010000F8B50D0062
:106D60000835060028000C0000F0CEF8002803D0FB
:106D7000012723781F4201D00020F8BD3000617840
:106D8000FFF774F90028F7D028006288616800F0E6
:106D90003DF9237805001F4000280BD0002FEBD1D0
:106DA0000300626830006178FFF788F90028E3D0BB
:106DB0002800E2E7002FDFD130006178FFF76AF9A1
:106DC000DAE7C046F8B5CE46474680B58A89060060
:106DD0000C000B78002A07D101251D4240D000206D
:106DE000C0BCB946B046F8BD9B0733D42A4B4025FA
:106DF000994627000837380000F0A4F88542EED8FD
:106E00000122237890461A42E9D130006178FFF7D9
:106E10002DF90028E3D0380000F094F8424623789A
:106E20001A40854231D8002AD9D14A4663880240A7
:106E30001D1C934200D9151CADB200226178002DB3
:106E400000D062682B003000FFF738F90028C6D068
:106E50002800C5E7FE2380251B029946AD00C8E740
:106E60004978FFF703F90028B9D023781D42B6D13D
:106E7000638800226178002B00D062683000FFF741
:106E80001DF90028ABD06088AAE7002AA7D13000FE
:106E90006178FFF7FFF8A2E7C0FF0000F0B5C64633
:106EA00000B504006846057E8020884617001E0055
:106EB0000002824226D8E068002803D0012149421E
:106EC00000F01AFC2069002803D00121494200F09B
:106ED00013FC4346236073045B0CED031D43002346
:106EE000E0686381A780E5802381002801D000F05D
:106EF000DBFB2069002801D000F0D6FB012080BC1C
:106F0000B846F0BD0020FAE710B5048941898288AF
:106F1000A3B288B28C4207D31B1A9BB2101C9A42B0
:106F200000D9181C80B210BD5100091A5B189BB221
:106F3000F4E7C04603894089181A43425841C0B259
:106F40007047C04610B5048941898288A3B288B2CF
:106F50008C4207D31B1A9BB200209A4201D9D21A45
:106F600090B210BD5100091A5B189BB2F4E7C046FD
:106F700070B5040000690E00002803D001214942C9
:106F800000F0BAFB25896089A288A9B283B2854244
:106F900032D3CD1AADB2002D28D0AA4208D29142E8
:106FA0002FD3891A8BB263819A4203D89B1A9BB262
:106FB0009A42FBD9E28821685204520C53433000B4
:106FC000C918FBF75DFF63890125591C89B2A288A6
:106FD0008B420DD900215200891A89B22069618142
:106FE000002801D000F060FB280070BD618989B2E3
:106FF00052009142F2DBEFE75500ED1A4D19ADB2A8
:10700000C9E789188BB26381CEE7C046F0B5464622
:107010004F46D646C0B5060000698946904600280E
:1070200003D00121494200F067FB31897289B5889C
:107030008BB294B2914254D31F1BBFB2002F4AD0DF
:10704000BD4205D2AB4251D25B199CB22F00748174
:107050004346B8453DD89FB2A54203D8641BA4B2AD
:10706000A542FBD9F28831685204520C9046624323
:107070002B1B9BB2891842469F4225D953439BB292
:107080001A0048469A46FBF7FBFE434648467D1BDE
:1070900064195C4331685044A2B2FBF7F1FE718978
:1070A000B588CB199BB26A00994216D99B1A9BB23C
:1070B00030697381002801D000F0F6FA3800E0BC96
:1070C000BA46B146A846F0BD48467A43FBF7D8FE1B
:1070D000E5E73B1CBFE773899BB26A009342E7DB9D
:1070E000E4E76F003F1BDF19BFB2A7E75B1B9CB251
:1070F000ACE7C046F8B50400C0680E00002803D015
:107100000121494200F0F8FA258920896189A28885
:10711000ADB283B28FB2884229D3DB1B9BB29A42B5
:1071200009D8E779FF0906D1E068002801D000F00E
:10713000BBFA3800F8BD2B0095421DD39B1A9BB2B9
:107140009342FBD2E28820685204520C5343310030
:10715000C018FBF795FE6B1C9BB2A2889D4217D905
:10716000002352009B1A9BB201272381DCE75100C8
:10717000C91B5B189BB2D2E7E28820685204520C0C
:1071800053433100C018FBF77BFE0135A288ABB238
:1071900052009342E8DBE5E7F0B54E465746DE463F
:1071A0004546E0B589460600170083B0002A67D03F
:1071B000C068002803D00121494200F09DFA3389BC
:1071C000F2799BB298467389B5889BB2D20940D1B7
:1071D00098455ED26A00D31A43449BB2AB425DD25B
:1071E000EB1A1A1C9BB2BB4200D93A1C97B27B1B0C
:1071F0009BB20193F3885B045B0C9A464346DB1910
:107200009BB29B464446A84503D3641BA4B2AC4240
:10721000FBD25346634330682D1BADB2C018BD424C
:107220004BD3524649467A43FBF72AFEB3885B00AC
:10723000D84501D89B4503DB5A46D31A9BB29B46DF
:107240005B463D003381F06800281AD000F02CFA2C
:1072500017E0F2885204520C9246AF4220D2984571
:107260004DD34246D21A92B26900781B80B2D2192D
:1072700001908A4233DA4346FB189BB29B46C1E732
:107280000025280003B0F0BCBB46B246A946A04684
:10729000F0BD4246D31A9BB2AB42A1D30025D2E740
:1072A000002DD0D07F1B574398465A19002392B225
:1072B000B94493462F000193A4E753465D43ADB212
:1072C0002A004946FBF7DCFD019B2900E2185346E2
:1072D0005A43306892B24944FBF7D2FDA6E75A19E7
:1072E00092B29346D21B92B2904693420CD9434637
:1072F000591A8BB29846FB189BB29B4682E76900ED
:10730000CA1A424492B2B0E7914200DD7AE7EEE752
:1073100010B50400C068002803D00121494200F0E4
:10732000EBF92069002803D00121494200F0E4F97B
:107330000023E06863812381002801D000F0B4F9C4
:107340002069002801D000F0AFF9012010BDC0462F
:1073500070B50400C0680D00002803D00121494227
:1073600000F0CAF92069002803D00121494200F049
:10737000C3F97F21E379ED011940E0682943E17108
:10738000002801D000F090F92069002801D000F019
:107390008BF9012070BDC04601230121084A13600A
:1073A000084A1360084A080013689843FBD1074A4B
:1073B00011608021490013680B42FCD07047C04621
:1073C00000E0004000F0004008C0004000C0044061
:1073D000F0B557464546DE464E468846E0B583B092
:1073E00006000525F9F7E0FA434684465D5718790B
:1073F000334B344AF3181B0D9B009246D758012299
:1074000020248240241A013A002D41DBA54232DCBF
:107410001100A9400F422ED14146096889464146D4
:107420008979002945D12C00AA40934659463A4013
:10743000394241D1802189018846002816D0614611
:10744000A44634004E469946030001915100705AFB
:10745000404500D24019A918123189000132085163
:107460009A42F3D3019B64469C464B465A461743C7
:107470005246D75001E0012464426046F9F7A0FA71
:10748000200003B0F0BCBB46B246A946A046F0BD02
:10749000002C02DA10E0013C0ED31100A1402500BF
:1074A0000F42F8D141460968894641468979002949
:1074B000BAD014246442E0E709246442DDE7C04600
:1074C0000000E0AF64170020F0B54E464546DE46AA
:1074D0005746E0B583B089460CA984460D781F2A2B
:1074E00045D84946490088464944C90046183700EE
:1074F0003400DC373868CC34834620683100019092
:107500001C4880248246A40251440C6069424D41CB
:107510001E216D428D4318498A465544052B0CD9CE
:10752000A0201F214005D836540104430532053BF5
:107530003C600A403560052BF6D852019B06134388
:1075400042464A44D20062441000DC321360030019
:10755000D8331D605B461360019BCC300360002074
:1075600003B0F0BCBB46B246A946A046F0BD05201C
:107570004042F5E7CC3000009FE00000F0B5012567
:107580008D400468AC430460002B2ED04D006C1875
:10759000E400041926001F68C83637609F68043667
:1075A00077605F68DB68DC34376023606B18184DE8
:1075B000DB00AC468025C41864442D062560256098
:1075C000144C0D1D8C40846001242600AE408025A3
:1075D00008318C401F21AD014519C0180A40D83030
:1075E0002E602C6002600020F0BD4D006C18E4009D
:1075F000041926008027C8367F023760C0273F0362
:10760000B760F82704367F02DC3437602360CDE7AB
:10761000D01000000101010110B583070AD003005A
:10762000032102E001330B4205D01A78002AF9D178
:10763000181A10BD030019680C4A0D4C8A188A43A9
:1076400022420FD15968094A04338A188A432242D8
:1076500008D15968054A04338A188A432242F1D076
:1076600000E001331A78002AFBD1E1E7FFFEFEFEBD
:1076700080808080F8B5C04601B40248844601BCD1
:10768000604700BF7D0C002001B40248844601BC65
:10769000604700BF6503002001B40248844601BC76
:1076A000604700BFA50C002001B40248844601BC1D
:1076B000604700BF8902002001B40248844601BC33
:1076C000604700BFC10F002001B40248844601BCDE
:1076D000604700BFA104002001B40248844601BCF9
:1076E000604700BFC10F002001B40248844601BCBE
:1076F000604700BF2501002001B40248844601BC58
:10770000604700BFFD01002001B40248844601BC6F
:10771000604700BF6501002001B40248844601BCF7
:10772000604700BF350D002001B40248844601BC0B
:10773000604700BFE50C002001B40248844601BC4C
:10774000604700BFC1000020451E0010711E0010E0
:1077500055200010652E0010F9260010D52D0010C0
:107760007D1F00108D1E0010AD1E0010C11E0010E8
:10777000C50E0010C91E0010911200100D1E001041
:0C778000F90A001061510010B102001065
:10779000504F5254303A000000000000504F5254F5
:1077A000313A0000706C6C5F73797320203D2025A6
:1077B000646B487A0A000000706C6C5F757362201D
:1077C000203D2025646B487A0A000000726F7363C5
:1077D00020202020203D2025646B487A0A000000EC
:1077E000636C6B5F73797320203D2025646B487A4E
:1077F0000A000000636C6B5F70657269203D202594
:10780000646B487A0A000000636C6B5F75736220DA
:10781000203D2025646B487A0A000000636C6B5F92
:1078200061646320203D2025646B487A0A000000D3
:10783000636C6B5F72746320203D2025646B487A13
:107840000A00000030393A33323A33390000000080
:107850004175672020352032303236000A42756982
:107860006C642025732025730A0000000AEFBC9287
:10787000E3839DE383BCE383882020E383A2E38347
:107880008BE382BFE383BC000AE3839CE383BCE316
:1078900083ACE383BCE38388203D2025640A000099
:1078A0006770696F28392920706F72743100000089
:1078B0006770696F2831332920706F72743000004F
:1078C0000A5254533D2564204454523D25640A0015
:1078D0000AE38391E383AAE38386E382A3E383BC81
:1078E000E381AEE8A8ADE5AE9AE381AFE381A7E31B
:1078F000818DE381BEE3819BE38293000AE382B939
:10790000E38388E38383E38397E38393E38383E3DE
:107910008388E381AEE8A8ADE5AE9AE381AFE38169
:10792000A7E3818DE381BEE3819BE38293000000A6
:107930000AE5A489E69BB4E5BE8CE3839CE383BCA3
:10794000E383ACE383BCE38388203D2025640A0005
:107950000AE383AAE382BBE38383E3838800000016
:107960000AE38396E383BCE38388E383ADE383BCCC
:10797000E38380E38292E8B5B7E58B9500000000D1
:107980000A2A2A2A2050414E4943202A2A2A0A003C
:107990000A0000004E6F207370696E6C6F636B732A
:1079A0002061726520617661696C61626C650000BE
:1079B0004E6F207573657220495251732061726554
:1079C00020617661696C61626C6500004861726477
:1079D0007761726520616C61726D20256420616C35
:1079E000726561647920636C61696D656400000093
:1079F00048617264206173736572740052656C65CE
:107A000061736500626F6F74325F77323571303841
:107A100030000000322E322E300000007069636F9B
:107A20000000000032504F52546D6F6E69746F72D7
:107A300000000000666E692B00000000666E6900A1
:107A40006E616E00666E692D000000005553422085
:107A5000737464696E202F207374646F75740000F2
:107A60005261737062657272792050690000000083
:107A70005069636F00000000426F617264204344EC
:107A8000430000005265736574000000556E686124
:107A90006E646C65642049525120307825780A0064
:107AA000657020253032582077617320616C7265D3
:107AB00061647920617661696C61626C65000000C7
:107AC00043616E277420636F6E74696E75652078EC
:107AD000666572206F6E20696E61637469766520D9
:107AE0006570202530325800F07A001004FF000045
:107AF00021622311001442A406005250D3F07542B3
:107B0000FC79001006005250E182887F047A001050
:107B100006005250ABB36053147A00100600525066
:107B2000BBFF3CB61C7A001006005250861C0302B4
:107B3000247A0010060052505422A29D5078001062
:107B400005005250DE65F4680C900010243C0010D3
:107B5000D43B0010D43B00101C3C0010D43B001060
:107B6000D43B0010D43B0010D43B0010D43B001099
:107B7000D43B0010D43B0010143C0010D43B001048
:107B80000C3C0010D43B0010D43B0010043C00100F
:107B9000443E00103A3C0010343E00103A3C0010C5
:107BA0001E3E00103A3C00103A3C00103A3C0010D7
:107BB0003A3C00103A3C00103A3C00103A3C0010AD
:107BC0002C3C00103A3C00103A3C00103A3C0010AB
:107BD0003A3C00103A3C00102C3C0010E23E0010F1
:107BE0008E3B00108E3B00108E3B00108E3B001031
:107BF0008E3B00108E3B00108E3B00108E3B001021
:107C00008E3B00108E3B00108E3B00108E3B001010
:107C10008E3B00108E3B00108E3B00108E3B001000
:107C20008E3B00108E3B00108E3B00108E3B0010F0
:107C30008E3B00108E3B00108E3B00108E3B0010E0
:107C40008E3B00108E3B00108E3B00108E3B0010D0
:107C50008E3B00108E3B00108E3B0010583E0010F3
:107C6000B03E0010583E00108E3B00108E3B0010BE
:107C70008E3B00108E3B00108E3B00108E3B0010A0
:107C80008E3B00108E3B00108E3B00108E3B001090
:107C90008E3B00108E3B00108E3B00108E3B001080
:107CA0008E3B00108E3B0010F24000108E3B001007
:107CB0008E3B00108E3B00108E3B00108E3B001060
:107CC0008E3B00108E3B00108E3B00108E3B001050
:107CD000F2400010F43E0010F2400010583E001038
:107CE000B03E0010583E0010000000000000F03FC1
:107CF0000000000000002440000000000000594087
:107D00000000000000408F40000000000088C340D9
:107D100000000000006AF8400000000080842E414E
:107D200000000000D01263410000000084D797419A
:107D30000000000065CDCD410D0A000000000000EC
:107D4000C54B001000000000C94B0010D54B0010BF
:107D5000014C0010FD4B0010000000000A00000064
:107D600000000306A6000800020002009C001400A8
:107D7000030057494E555342000000000000000028
:107D80000000800004000100280044006500760027
:107D900069006300650049006E00740065007200B0
:107DA000660061006300650047005500490044001B
:107DB00000004E007B006200630037003300390092
:107DC0003800630031002D00370033006300640089
:107DD0002D0034006300620037002D0039003800A8
:107DE000620038002D003900310033006100380096
:107DF00066006300610037006200660036007D00A7
:107E000000000000050F2100011C100500DF60DDEF
:107E1000D88945C74C9CD2659D9E648A9F0000030B
:107E200006A60001000000000600525053B4F4A161
:107E30004C7A001000000000607A0010707A001088
:107E4000FC210020787A0010847A00100902540086
:107E5000030100807D080B000202020000090400FB
:107E60000001020200040524002001052401000194
:107E700004240206052406000107058103080010FA
:107E800009040100020A0000000705020240000088
:107E9000070582024000000904020000FF000105FE
:107EA00012011002EF0201408A2E0A0000010102B5
:107EB00003010000C857001030590010805900100D
:107EC000085900101A590010F8580010685800108E
:107ED0001458001008580010EA5C0010D05C001024
:107EE000A05A00100A5D0010A05A0010B85C0010E3
:107EF000A45C0010A05A0010905C0010965B00106B
:107F0000A05A0010765F0010685F00105C5F0010E0
:107F1000A05A0010A05A0010465F0010685F0010C1
:107F2000A05A0010A05A0010A05A0010A05A001029
:107F3000A05A0010A05A0010A05A0010FC5E0010B9
:107F4000020E0020020E00204C0E00206C0E0020BD
:107F5000B00E0020C20E0020F80D0020000000002E
:107F60002D6500109D650010CD650010196600108C
:107F7000BD660010A56700100000000000000000B2
:107F8000A5680010016900101D6900104569001006
:0C7F90005D4C0010656A0010000000004D
:107F9C00F87A0010047B0010107B00101C7B001082
:107FAC00287B0010347B0010407B0010287E0010D2
:107FBC0082B0EFF3108172B6144B1A6880239B01C8
:107FCC005340C02292011340114A13600023FA223D
:107FDC000193019B9200934205DA019B01330193BB
:107FEC00019B9342F9DBD023C0221B069868074BF8
:107FFC0092011B681340064A136081F31088012319
:10800C008007C00F5840C0B202B070470C800140CE
:10801C000C90014003000068EFF3108C72B60268FC
:10802C00002AFCD0BFF35F8F04229A56002A0BDB88
:10803C00002900D00A6000201B68BFF35F8F00226C
:10804C001A608CF310887047D02212061268012037
:10805C001A71F1E7F0B5C646150000B504001E0014
:10806C000268EFF3108172B61368002BFCD0BFF3DB
:10807C005F8F0423E3562268002B2BDBBFF35F8F4B
:10808C000020106081F31088D0221206127800278D
:10809C0052B290469A420ED1002080BCB846F0BD38
:1080AC00BFF35F8F176081F310882800310000F058
:1080BC003BFF0028F0D12268EFF3108172B61368F1
:1080CC00002BFCD0BFF35F8F237922687F2BE7D97D
:1080DC00434602E0D0231B061B682371BFF35F8F5E
:1080EC000023136081F310880120D6E7F0B5C64653
:1080FC0000B50D00040000F0FFFEFA2206000F0090
:10810C00002328000021920000F006FF36184F4192
:10811C00002F02DA0126174F7642D0231B061B686C
:10812C00002598460AE0BFF35F8F156081F3108835
:10813C003000390000F0F8FE002818D12268EFF367
:10814C00108172B61368002BFCD0BFF35F8F2379BC
:10815C0022687F2BE7D943462371BFF35F8F00233F
:10816C00136081F31088012080BCB846F0BD00205C
:10817C00FAE7C046FFFFFF7F0268EFF3108172B68B
:10818C001368002BFCD0BFF35F8FFF2303710368D0
:10819C00BFF35F8F00221A6081F3108840BF7047D5
:1081AC0010B5084C2378002B0AD1802306480749C8
:1081BC005B051A68C25004338B42FAD10123237039
:1081CC0010BDC04613220020381A00100001001008
:1081DC0010B5014B984710BD391A0020064B5A6850
:1081EC0002609A684260DA6882601A69C2605A69F1
:1081FC0002619B6943617047000002400268064BB4
:10820C005A6042689A608268DA60C2681A610269D0
:10821C005A6142699A61704700000240034B1A6828
:10822C00C0239B009343024A136070470C800140AB
:10823C000C900140054B1A6880239B005340C022D0
:10824C0092001340024A13607047C0460C800140F4
:10825C000C9001400023F0B5DE4657464E4645468D
:10826C009A46E0B589B001900E00988A45491B8B5F
:10827C0014009847534681464349988A1B8B98476C
:10828C00534642490500988A1B8B98478046FFF756
:10829C0087FF02A8FFF7A2FFC847A847FFF7CAFF4E
:1082AC00251E22D00823C0219C4602204905624687
:1082BC008B6A1A4018423FD0631B002D2FD1002A25
:1082CC0011D1002C11D0C0235B059B4602239A468A
:1082DC00063399465B464A4657469B6A1A401F42EC
:1082EC0042D0002AF6D0002C30D1FFF797FFC047C0
:1082FC00FFF76EFF02A8FFF781FF09B0F0BCBB4689
:10830C00B246A946A046F0BD002C2FD1C022520582
:10831C00926A914608224F463A40BF072DD50D2B45
:10832C001BD9002AF0D1C0225205926A914608222C
:10833C004F463A40BF07F2D4002A04D12B00234306
:10834C00002BB4D1D1E72B00002CF9D00B6E013CE3
:10835C003370230001362B43F2E7019F013D3B783C
:10836C0001370B660197E7E70025E5E7C0235B05BE
:10837C001B6E013C3370013699E72B00002ADFD1CC
:10838C00DCE7C04649460000455800004643000063
:10839C000022154B10B59A60DA601A615A619A6125
:1083AC00DA611A625A629A62DA621A635A639A63DF
:1083BC00DA631A645A649A64DA641A655A659A65BF
:1083CC00DA651A665A669A66DA661A675A679A679F
:1083DC00DA67F03292000021044800F085FD044B6E
:1083EC00044A1A6010BDC04600001050E41D002065
:1083FC00AC21002080011050F0B54E464546DE46BB
:10840C005746E0B5214B00249E6D012585B0002E0A
:10841C0022D01F4B9A46012399461E4B984601E0E9
:10842C00202C19D02A00230001342F003240E4B252
:10843C006D00002AF4D0524697654A465B085B00F3
:10844C0022409B185B01434418009B4600F01EFC25
:10845C00002808D1BE43E3D105B0F0BCBB46B24600
:10846C00A946A046F0BD5B46E0219A78DB8A01A8BC
:10847C0083600023C900018001210271437100F067
:10848C0025FC584600F0A0FBE4E7C0460000115064
:10849C0000301150A41D00209823F0B5C646C84AE0
:1084AC0000B5D55880232E009B02102484B01E40AA
:1084BC001D4274D0C34BC44C9A6AC44B00261A603C
:1084CC003B23E35C022B00D14FE17B23E35C022BCB
:1084DC0000D1F3E0BB23E35C022B00D1FAE0FB23D9
:1084EC00E35C022B00D101E13C23FF33E35C022B64
:1084FC0000D12DE17C23FF33E35C022B00D10EE194
:10850C00BC23FF33E35C022B00D13FE1FC23FF33A0
:10851C00E35C022B00D1F5E0AD4BE35C022B00D108
:10852C0074E1AC4BE35C022B00D105E1AA4BE35C9C
:10853C00022B00D175E1A94BE35C022B00D132E197
:10854C00A74BE35C022B00D1A0E1A64BE35C022B12
:10855C0000D171E1A44BE35C022B00D1A1E1A34B50
:10856C00E35C022B00D17FE1002E08D1A04B1B78DD
:10857C00002B04D180219F4A90338902D150C02214
:10858C0069468F4B92009B6C80265B058A805B0D45
:10859C00012101A8029300F099FB974CB602EB065F
:1085AC0000D57FE080235B021D4231D01E430123A6
:1085BC0002249846844FBB7E002B14D000F07CFC28
:1085CC00012800D972E0C02200213800920100F08D
:1085DC0001FB380000F0F8FA00F06EFC012802D91B
:1085EC00844B5C661C664346FB702037012C22D101
:1085FC00C0236A46DB009380804A02AB03CA03C3E4
:10860C00012101A800F062FB80227A4B92021A65CC
:10861C0080235B011D4210D18023DB011D4223D13D
:10862C0080231B021D422FD1AE4200D0C0E104B00A
:10863C0080BCB846F0BD0124BDE700241E43604B4E
:10864C001C60FFF7A5FE80236A465B0093801472C2
:10865C00012101A800F03AFB8022664B12031A6537
:10866C008023DB011D42DBD01E4380236A46DB00E6
:10867C009380012101A800F029FB10225D4B1A65A3
:10868C0080231B021D42CFD01E43A0236A46DB0071
:10869C009380012101A800F019FB8022554B120197
:1086AC001A65C1E7FFF7A8FE26007BE7544B444A46
:1086BC001C66536E2340A342FBD184E77833E75CFE
:1086CC00002F00D106E70233E25C002A00D00DE156
:1086DC003E00FFE6B833E75C002F00D1FFE6023323
:1086EC00E25C002A00D0F9E03E00F8E6F833E75CE3
:1086FC00002F00D1F8E60233E25C002A00D041E101
:10870C003E00F1E6F933FF33E75C002F00D103E7BD
:10871C000233E25C002A00D02BE13E00FCE6793308
:10872C00FF33E75C002F00D1EAE60233E25C002A5B
:10873C0000D015E13E00E3E6324BE75C002F00D1A0
:10874C00F4E60233E25C002A00D001E13E00EDE6E3
:10875C003933FF33E75C002F00D1CBE60233E25C08
:10876C00002A00D0EBE03E00C4E63833E65C002E75
:10877C0000D1AAE60233E25C002A00D1A5E6200073
:10878C0000222030E25400F04DFA9EE6B933FF335C
:10879C00E75C002F00D1B9E60233E25C002A00D07E
:1087AC00C4E03E00B2E6184BE75C002F00D1C7E6F0
:1087BC000233E25C002A00D0B0E03E00C0E6C046C6
:1087CC000000115000400540A41D00209C1D0020FD
:1087DC003B0200007B020000BB020000FB02000019
:1087EC003B0300007B030000BB030000FB03000005
:1087FC001122002000301150100002000000105017
:10880C00002011507A020000FA0200006B4BE75C6A
:10881C00002F00D185E60233E25C002A76D13E00BF
:10882C007FE6674BE75C002F00D184E60233E25C05
:10883C00002A63D13E007EE6624BE75C002F00D13C
:10884C0088E60233E25C002A00D0A3E05E4BE35CD6
:10885C00022B30D15D4BE35C002B27D15C4BE35CEE
:10886C00022B00D08BE63E005A4BE35C002B00D170
:10887C007AE6FF239B00E25C002A00D17FE600220F
:10888C00E2541C3BE01800F0CDF978E6524BE75C63
:10889C00002F00D159E60233E25C002A16D13E00CB
:1088AC0053E64A4BE35C002B00D158E6EF239B00C8
:1088BC00E25C002A75D1464BE35C022B00D05EE6ED
:1088CC00444BE35C002B00D159E6D2E70022E25482
:1088DC001C3BE01800F0A6F93E0036E62000002212
:1088EC00A030E2543E0000F09DF9F8E52000002293
:1088FC006030E2543E0000F095F9EBE50022E254C2
:10890C001C3BE01800F08EF93E0014E60022E25405
:10891C001C3BE01800F086F93E0002E60022E2540F
:10892C001C3BE01800F07EF93E0009E62000002216
:10893C00A130FF30E2543E0000F074F9E6E520006F
:10894C0000222130FF30E2543E0000F06BF9D1E5FB
:10895C000022E2541C3BE01800F064F93E00E5E50F
:10896C00200000226130FF30E2543E0000F05AF942
:10897C00C6E520000022E130FF30E2543E0000F05A
:10898C0051F9C9E520000022E030E2543E0000F02D
:10899C0049F9A9E50022E2541C3BE01800F042F929
:1089AC0054E70022E2541C3BE01800F03BF982E74C
:1089BC0031000A48694000F087FAC0463A020000CC
:1089CC00BA0200007A030000BB030000BA030000E7
:1089DC00FB030000FA0300003A0300008C7A00103D
:1089EC00F0B5C64600B50200838A008B8C46011C8C
:1089FC00984200D9191CD47880252000461EB0411D
:108A0C0089B2ED000D434003284301256C405B1AED
:108A1C00D47054789BB29382002C31D16446D568C3
:108A2C00A4014E1E2D19B0461469002923D0062E20
:108A3C0032D92B0023439B072ED1631CEB1A022B3C
:108A4C002AD900238F08BF00E658EE5004339F420A
:108A5C00FAD14346ED19DB1BE419B94209D026784B
:108A6C002E70002B05D066786E70012B01D0A37888
:108A7C00AB701469938A641814618022120210433B
:108A8C00002B02D18023DB0118436346002B00D05E
:108A9C00000480BCB846F0BD0023E65CEE54013304
:108AAC009942FAD1E5E7C0468368F0B51A6804002C
:108ABC00002900D0120C63789205900D002B08D180
:108ACC00E38AC318E382238B834201D90023A38258
:108ADC00F0BDE368890125695E18471E002822D085
:108AEC00062F26D901315B18EB1A022B21D92B004A
:108AFC0033439B071DD10023120E9200F158E9500D
:108B0C0004339A42FAD1BF1AAD18B618904209D064
:108B1C0032782A70002F05D072786A70012F01D03C
:108B2C00B278AA702569E38A2D18C318E3822561EF
:108B3C00C9E70022B35CAB5401329042FAD12569EB
:108B4C00F1E7C04610B50400836800211B68FFF7ED
:108B5C00ABFF63681B685B0002D5238B834200D09C
:108B6C0010BD01212000FFF79FFFF9E7084A030021
:108B7C00126C0020920703D49A78D209012A00D0F3
:108B8C007047D87E023843425841C0B2F8E7C0461D
:108B9C000000115010B5FFF7E9FF00280CD0074971
:108BAC00074B8C46074A9B6A126863449B1A002049
:108BBC00C6229A424041C0B210BDC046E0FCFFFF45
:108BCC00004005409C1D0020002383764361036117
:108BDC007047C04610B58368002901D01C6821403D
:108BEC00002A12D08024E400114322420DD01A68CE
:108BFC0022420CD1084A0A401A60084A126C9207A9
:108C0C0003D40C23033BFDD28368196010BD81781B
:108C1C00034800F059F9C046FFFBFFFF000011505C
:108C2C00A07A0010436870B50021802504001E68EE
:108C3C00FFF7D6FE124B6D011A6C0543A378920711
:108C4C000ED55B060ED00F4B1E4080239B05334385
:108C5C0062680021136020002A00FFF7BBFF70BD83
:108C6C00DB09F0D0A38A002BEDD001212000FFF707
:108C7C00B7FEA023044ADB05324005431343E7E764
:108C8C0000001150FFFFFFAFFFFFFFDF70B5857EC7
:108C9C000400002D14D0FFF755FFA38A002B01D13F
:108CAC00280070BD2000FFF775FF002803D00123BA
:108CBC0000252377F4E72000FFF7B4FF0025EFE74A
:108CCC008178014800F000F9C07A0010F0B5CE466A
:108CDC00474680B5437805000E0085B0062B08D8B2
:108CEC006C4A9B00D3589F466B4A13780133DBB216
:108CFC0013706A4B1C686269EFF3108172B61368CB
:108D0C00002BFCD0BFF35F8FA1612000290000F085
:108D1C00E3F86269A369BFF35F8F0021116083F3ED
:108D2C001088002804D105B0C0BCB946B046F0BDCF
:108D3C0032006978287800F0E7F8F4E70121584B05
:108D4C001A788A431A701A7801318A431A700022F1
:108D5C005A701A7802318A431A70CAE75149524F35
:108D6C00894652490024002388463A7812E043464B
:108D7C001B6861015B18002B06D0DB69002B03D04C
:108D8C006968287898473A780134E4B2511C23007A
:108D9C00A14217DBA242EAD89B1A5B014B44ECE7D9
:108DAC003F4B1A78D207BED504211A780A431A70A1
:108DBC009FE73B4B1A78D207B5D504211A788A4322
:108DCC001A7096E7364F3B785B072BD504223B781D
:108DDC00002193433B706B460632981D00F084F8DB
:108DEC002B7801AC2370052363702C4B1B689846C1
:108DFC005A69EFF3108172B61368002BFCD0BFF3E5
:108E0C005F8F434640469961210000F065F8434668
:108E1C005A699B69BFF35F8F0021116083F310883F
:108E2C00002831D1FB78DB0700D47CE76B460A22A3
:108E3C000021981D00F058F82B7801AC2370032307
:108E4C0063706B686360154B1D686A69EFF3108182
:108E5C0072B61368002BFCD0BFF35F8FA96128009A
:108E6C00210000F039F86A69AB69BFF35F8F00210C
:108E7C00116083F31088002800D154E73200617828
:108E8C00207800F041F84EE732006178207800F04D
:108E9C003BF8C7E7407F001012220020A0160020EC
:108EAC00481600205C7F001010220020981400202F
:108EBC007047C0460000000001B40248844601BC63
:108ECC00604700BF6D09001001B40248844601BC24
:108EDC00604700BF7909001001B40248844601BC08
:108EEC00604700BFF570001001B40248844601BC15
:108EFC00604700BF752E001001B40248844601BCC7
:108F0C00604700BF9917001001B40248844601BCA9
:108F1C00604700BF6956001001B40248844601BC8A
:108F2C00604700BFFD2C001001B40248844601BC10
:108F3C00604700BF69160010100000000000000020
:108F4C000000010000000000000000000000020012
:108F5C000000000000000000000003000000000002
:108F6C00000000000000FF000000000001B5486890
:108F7C0001318E460047704609380149884701BDCA
:108F8C00D50D0010000000000000000000000000E3
:108F9C000000000000000000101100200000000084
:108FAC00503300004C3300005433000052330000A7
:108FBC004D5300004D430000533400004334000077
:108FCC00294E0010DD4D0010514D0010C94C001001
:108FDC000000000000010000A416002010000C008E
:108FEC000000000000000000000000000000000075
:108FFC0000000000FF000000000000000000000066
:04000005100001E9FD
:00000001FF
