
C:/Users/usada/Desktop/2PORTmonitor-main/build/2PORTmonitor.elf:     file format elf32-littlearm

Sections:
Idx Name          Size      VMA       LMA       File off  Algn
  0 .boot2        00000100  10000000  10000000  00001000  2**0
                  CONTENTS, ALLOC, LOAD, READONLY, CODE
  1 .text         0000768c  10000100  10000100  00001100  2**3
                  CONTENTS, ALLOC, LOAD, READONLY, CODE
  2 .rodata       0000080c  10007790  10007790  00008790  2**3
                  CONTENTS, ALLOC, LOAD, READONLY, DATA
  3 .binary_info  00000020  10007f9c  10007f9c  00008f9c  2**2
                  CONTENTS, ALLOC, LOAD, READONLY, DATA
  4 .ram_vector_table 000000c0  20000000  20000000  0000b000  2**2
                  ALLOC
  5 .uninitialized_data 00000000  200000c0  200000c0  0000a110  2**0
                  CONTENTS
  6 .data         00001050  200000c0  10007fbc  000090c0  2**4
                  CONTENTS, ALLOC, LOAD, READONLY, CODE
  7 .tdata        00000000  20001110  20001110  0000a110  2**0
                  CONTENTS, ALLOC, LOAD, DATA, THREAD_LOCAL
  8 .tbss         00000000  20001110  20001110  00000000  2**0
                  ALLOC, THREAD_LOCAL
  9 .bss          00001110  20001110  1000900c  0000a110  2**3
                  ALLOC
 10 .heap         00000800  20002220  1000900c  0000a220  2**2
                  ALLOC, READONLY
 11 .scratch_x    00000000  20040000  20040000  0000a110  2**0
                  CONTENTS
 12 .scratch_y    00000000  20041000  20041000  0000a110  2**0
                  CONTENTS
 13 .stack_dummy  00000800  20041000  20041000  0000b000  2**5
                  ALLOC, READONLY
 14 .ARM.attributes 00000028  00000000  00000000  0000a110  2**0
                  CONTENTS, READONLY
 15 .comment      00000045  00000000  00000000  0000a138  2**0
                  CONTENTS, READONLY
 16 .debug_info   000386b4  00000000  00000000  0000a17d  2**0
                  CONTENTS, READONLY, DEBUGGING, OCTETS
 17 .debug_abbrev 00009765  00000000  00000000  00042831  2**0
                  CONTENTS, READONLY, DEBUGGING, OCTETS
 18 .debug_loclists 0001e67a  00000000  00000000  0004bf96  2**0
                  CONTENTS, READONLY, DEBUGGING, OCTETS
 19 .debug_aranges 00001828  00000000  00000000  0006a610  2**3
                  CONTENTS, READONLY, DEBUGGING, OCTETS
 20 .debug_rnglists 00004feb  00000000  00000000  0006be38  2**0
                  CONTENTS, READONLY, DEBUGGING, OCTETS
 21 .debug_line   00028253  00000000  00000000  00070e23  2**0
                  CONTENTS, READONLY, DEBUGGING, OCTETS
 22 .debug_str    0000981d  00000000  00000000  00099076  2**0
                  CONTENTS, READONLY, DEBUGGING, OCTETS
 23 .debug_frame  00003434  00000000  00000000  000a2894  2**2
                  CONTENTS, READONLY, DEBUGGING, OCTETS
 24 .debug_line_str 00000360  00000000  00000000  000a5cc8  2**0
                  CONTENTS, READONLY, DEBUGGING, OCTETS

C:/Users/usada/Desktop/2PORTmonitor-main/build/2PORTmonitor.elf:     file format elf32-littlearm


Disassembly of section .boot2:

10000000 <__boot2_start__>:
10000000:	4b32b500 	.word	0x4b32b500
10000004:	60582021 	.word	0x60582021
10000008:	21026898 	.word	0x21026898
1000000c:	60984388 	.word	0x60984388
10000010:	611860d8 	.word	0x611860d8
10000014:	4b2e6158 	.word	0x4b2e6158
10000018:	60992100 	.word	0x60992100
1000001c:	61592102 	.word	0x61592102
10000020:	22f02101 	.word	0x22f02101
10000024:	492b5099 	.word	0x492b5099
10000028:	21016019 	.word	0x21016019
1000002c:	20356099 	.word	0x20356099
10000030:	f844f000 	.word	0xf844f000
10000034:	42902202 	.word	0x42902202
10000038:	2106d014 	.word	0x2106d014
1000003c:	f0006619 	.word	0xf0006619
10000040:	6e19f834 	.word	0x6e19f834
10000044:	66192101 	.word	0x66192101
10000048:	66182000 	.word	0x66182000
1000004c:	f000661a 	.word	0xf000661a
10000050:	6e19f82c 	.word	0x6e19f82c
10000054:	6e196e19 	.word	0x6e196e19
10000058:	f0002005 	.word	0xf0002005
1000005c:	2101f82f 	.word	0x2101f82f
10000060:	d1f94208 	.word	0xd1f94208
10000064:	60992100 	.word	0x60992100
10000068:	6019491b 	.word	0x6019491b
1000006c:	60592100 	.word	0x60592100
10000070:	481b491a 	.word	0x481b491a
10000074:	21016001 	.word	0x21016001
10000078:	21eb6099 	.word	0x21eb6099
1000007c:	21a06619 	.word	0x21a06619
10000080:	f0006619 	.word	0xf0006619
10000084:	2100f812 	.word	0x2100f812
10000088:	49166099 	.word	0x49166099
1000008c:	60014814 	.word	0x60014814
10000090:	60992101 	.word	0x60992101
10000094:	2800bc01 	.word	0x2800bc01
10000098:	4700d000 	.word	0x4700d000
1000009c:	49134812 	.word	0x49134812
100000a0:	c8036008 	.word	0xc8036008
100000a4:	8808f380 	.word	0x8808f380
100000a8:	b5034708 	.word	0xb5034708
100000ac:	20046a99 	.word	0x20046a99
100000b0:	d0fb4201 	.word	0xd0fb4201
100000b4:	42012001 	.word	0x42012001
100000b8:	bd03d1f8 	.word	0xbd03d1f8
100000bc:	6618b502 	.word	0x6618b502
100000c0:	f7ff6618 	.word	0xf7ff6618
100000c4:	6e18fff2 	.word	0x6e18fff2
100000c8:	bd026e18 	.word	0xbd026e18
100000cc:	40020000 	.word	0x40020000
100000d0:	18000000 	.word	0x18000000
100000d4:	00070000 	.word	0x00070000
100000d8:	005f0300 	.word	0x005f0300
100000dc:	00002221 	.word	0x00002221
100000e0:	180000f4 	.word	0x180000f4
100000e4:	a0002022 	.word	0xa0002022
100000e8:	10000100 	.word	0x10000100
100000ec:	e000ed08 	.word	0xe000ed08
	...
100000fc:	7a4eb274 	.word	0x7a4eb274

Disassembly of section .text:

10000100 <__VECTOR_TABLE>:
10000100:	20042000 	.word	0x20042000
10000104:	100001f7 	.word	0x100001f7
10000108:	100001cb 	.word	0x100001cb
1000010c:	100001cd 	.word	0x100001cd
10000110:	100001c9 	.word	0x100001c9
10000114:	100001c9 	.word	0x100001c9
10000118:	100001c9 	.word	0x100001c9
1000011c:	100001c9 	.word	0x100001c9
10000120:	100001c9 	.word	0x100001c9
10000124:	100001c9 	.word	0x100001c9
10000128:	100001c9 	.word	0x100001c9
1000012c:	100001cf 	.word	0x100001cf
10000130:	100001c9 	.word	0x100001c9
10000134:	100001c9 	.word	0x100001c9
10000138:	100001d1 	.word	0x100001d1
1000013c:	100001d3 	.word	0x100001d3
10000140:	100001c1 	.word	0x100001c1
10000144:	100001c1 	.word	0x100001c1
10000148:	100001c1 	.word	0x100001c1
1000014c:	100001c1 	.word	0x100001c1
10000150:	100001c1 	.word	0x100001c1
10000154:	100001c1 	.word	0x100001c1
10000158:	100001c1 	.word	0x100001c1
1000015c:	100001c1 	.word	0x100001c1
10000160:	100001c1 	.word	0x100001c1
10000164:	100001c1 	.word	0x100001c1
10000168:	100001c1 	.word	0x100001c1
1000016c:	100001c1 	.word	0x100001c1
10000170:	100001c1 	.word	0x100001c1
10000174:	100001c1 	.word	0x100001c1
10000178:	100001c1 	.word	0x100001c1
1000017c:	100001c1 	.word	0x100001c1
10000180:	100001c1 	.word	0x100001c1
10000184:	100001c1 	.word	0x100001c1
10000188:	100001c1 	.word	0x100001c1
1000018c:	100001c1 	.word	0x100001c1
10000190:	100001c1 	.word	0x100001c1
10000194:	100001c1 	.word	0x100001c1
10000198:	100001c1 	.word	0x100001c1
1000019c:	100001c1 	.word	0x100001c1
100001a0:	100001c1 	.word	0x100001c1
100001a4:	100001c1 	.word	0x100001c1
100001a8:	100001c1 	.word	0x100001c1
100001ac:	100001c1 	.word	0x100001c1
100001b0:	100001c1 	.word	0x100001c1
100001b4:	100001c1 	.word	0x100001c1
100001b8:	100001c1 	.word	0x100001c1
100001bc:	100001c1 	.word	0x100001c1

100001c0 <__unhandled_user_irq>:
100001c0:	f3ef 8005 	mrs	r0, IPSR
100001c4:	3810      	subs	r0, #16

100001c6 <unhandled_user_irq_num_in_r0>:
100001c6:	be00      	bkpt	0x0000

100001c8 <isr_invalid>:
100001c8:	be00      	bkpt	0x0000

100001ca <isr_nmi>:
100001ca:	be00      	bkpt	0x0000

100001cc <isr_hardfault>:
100001cc:	be00      	bkpt	0x0000

100001ce <isr_svcall>:
100001ce:	be00      	bkpt	0x0000

100001d0 <isr_pendsv>:
100001d0:	be00      	bkpt	0x0000

100001d2 <isr_systick>:
100001d2:	be00      	bkpt	0x0000

100001d4 <__default_isrs_end>:
100001d4:	7188ebf2 	.word	0x7188ebf2
100001d8:	10007f9c 	.word	0x10007f9c
100001dc:	10007fbc 	.word	0x10007fbc
100001e0:	10000238 	.word	0x10000238
100001e4:	e71aa390 	.word	0xe71aa390

100001e8 <_entry_point>:
100001e8:	481e      	ldr	r0, [pc, #120]	@ (10000264 <data_cpy_table+0x2c>)

100001ea <_enter_vtable_in_r0>:
100001ea:	491f      	ldr	r1, [pc, #124]	@ (10000268 <data_cpy_table+0x30>)
100001ec:	6008      	str	r0, [r1, #0]
100001ee:	c806      	ldmia	r0!, {r1, r2}
100001f0:	f381 8808 	msr	MSP, r1
100001f4:	4710      	bx	r2

100001f6 <_reset_handler>:
100001f6:	481d      	ldr	r0, [pc, #116]	@ (1000026c <data_cpy_table+0x34>)
100001f8:	6800      	ldr	r0, [r0, #0]
100001fa:	2800      	cmp	r0, #0
100001fc:	d001      	beq.n	10000202 <hold_non_core0_in_bootrom+0x4>

100001fe <hold_non_core0_in_bootrom>:
100001fe:	4819      	ldr	r0, [pc, #100]	@ (10000264 <data_cpy_table+0x2c>)
10000200:	e7f3      	b.n	100001ea <_enter_vtable_in_r0>
10000202:	a40d      	add	r4, pc, #52	@ (adr r4, 10000238 <data_cpy_table>)
10000204:	cc0e      	ldmia	r4!, {r1, r2, r3}
10000206:	2900      	cmp	r1, #0
10000208:	d002      	beq.n	10000210 <hold_non_core0_in_bootrom+0x12>
1000020a:	f000 f812 	bl	10000232 <data_cpy>
1000020e:	e7f9      	b.n	10000204 <hold_non_core0_in_bootrom+0x6>
10000210:	4917      	ldr	r1, [pc, #92]	@ (10000270 <data_cpy_table+0x38>)
10000212:	4a18      	ldr	r2, [pc, #96]	@ (10000274 <data_cpy_table+0x3c>)
10000214:	2000      	movs	r0, #0
10000216:	e000      	b.n	1000021a <bss_fill_test>

10000218 <bss_fill_loop>:
10000218:	c101      	stmia	r1!, {r0}

1000021a <bss_fill_test>:
1000021a:	4291      	cmp	r1, r2
1000021c:	d1fc      	bne.n	10000218 <bss_fill_loop>

1000021e <platform_entry>:
1000021e:	4916      	ldr	r1, [pc, #88]	@ (10000278 <data_cpy_table+0x40>)
10000220:	4788      	blx	r1
10000222:	4916      	ldr	r1, [pc, #88]	@ (1000027c <data_cpy_table+0x44>)
10000224:	4788      	blx	r1
10000226:	4916      	ldr	r1, [pc, #88]	@ (10000280 <data_cpy_table+0x48>)
10000228:	4788      	blx	r1
1000022a:	be00      	bkpt	0x0000
1000022c:	e7fd      	b.n	1000022a <platform_entry+0xc>

1000022e <data_cpy_loop>:
1000022e:	c901      	ldmia	r1!, {r0}
10000230:	c201      	stmia	r2!, {r0}

10000232 <data_cpy>:
10000232:	429a      	cmp	r2, r3
10000234:	d3fb      	bcc.n	1000022e <data_cpy_loop>
10000236:	4770      	bx	lr

10000238 <data_cpy_table>:
10000238:	10007fbc 	.word	0x10007fbc
1000023c:	200000c0 	.word	0x200000c0
10000240:	20001110 	.word	0x20001110
10000244:	1000900c 	.word	0x1000900c
10000248:	20040000 	.word	0x20040000
1000024c:	20040000 	.word	0x20040000
10000250:	1000900c 	.word	0x1000900c
10000254:	20041000 	.word	0x20041000
10000258:	20041000 	.word	0x20041000
1000025c:	00000000 	.word	0x00000000
10000260:	4770      	bx	lr
10000262:	0000      	.short	0x0000
10000264:	00000000 	.word	0x00000000
10000268:	e000ed08 	.word	0xe000ed08
1000026c:	d0000000 	.word	0xd0000000
10000270:	20001110 	.word	0x20001110
10000274:	20002220 	.word	0x20002220
10000278:	1000478d 	.word	0x1000478d
1000027c:	1000049d 	.word	0x1000049d
10000280:	10004785 	.word	0x10004785

10000284 <_init>:
10000284:	b5f8      	push	{r3, r4, r5, r6, r7, lr}
10000286:	46c0      	nop			@ (mov r8, r8)

10000288 <register_tm_clones>:
10000288:	4806      	ldr	r0, [pc, #24]	@ (100002a4 <register_tm_clones+0x1c>)
1000028a:	4907      	ldr	r1, [pc, #28]	@ (100002a8 <register_tm_clones+0x20>)
1000028c:	1a09      	subs	r1, r1, r0
1000028e:	108b      	asrs	r3, r1, #2
10000290:	0fc9      	lsrs	r1, r1, #31
10000292:	18c9      	adds	r1, r1, r3
10000294:	b510      	push	{r4, lr}
10000296:	1049      	asrs	r1, r1, #1
10000298:	d003      	beq.n	100002a2 <register_tm_clones+0x1a>
1000029a:	4b04      	ldr	r3, [pc, #16]	@ (100002ac <register_tm_clones+0x24>)
1000029c:	2b00      	cmp	r3, #0
1000029e:	d000      	beq.n	100002a2 <register_tm_clones+0x1a>
100002a0:	4798      	blx	r3
100002a2:	bd10      	pop	{r4, pc}
100002a4:	20001110 	.word	0x20001110
100002a8:	20001110 	.word	0x20001110
100002ac:	00000000 	.word	0x00000000

100002b0 <frame_dummy>:
100002b0:	4b05      	ldr	r3, [pc, #20]	@ (100002c8 <frame_dummy+0x18>)
100002b2:	b510      	push	{r4, lr}
100002b4:	2b00      	cmp	r3, #0
100002b6:	d003      	beq.n	100002c0 <frame_dummy+0x10>
100002b8:	4904      	ldr	r1, [pc, #16]	@ (100002cc <frame_dummy+0x1c>)
100002ba:	4805      	ldr	r0, [pc, #20]	@ (100002d0 <frame_dummy+0x20>)
100002bc:	e000      	b.n	100002c0 <frame_dummy+0x10>
100002be:	bf00      	nop
100002c0:	f7ff ffe2 	bl	10000288 <register_tm_clones>
100002c4:	bd10      	pop	{r4, pc}
100002c6:	46c0      	nop			@ (mov r8, r8)
100002c8:	00000000 	.word	0x00000000
100002cc:	200021b0 	.word	0x200021b0
100002d0:	1000778c 	.word	0x1000778c

100002d4 <transConsoleFiFo>:
100002d4:	b5f0      	push	{r4, r5, r6, r7, lr}
100002d6:	46c6      	mov	lr, r8
100002d8:	b500      	push	{lr}
100002da:	4b3a      	ldr	r3, [pc, #232]	@ (100003c4 <transConsoleFiFo+0xf0>)
100002dc:	4f3a      	ldr	r7, [pc, #232]	@ (100003c8 <transConsoleFiFo+0xf4>)
100002de:	781b      	ldrb	r3, [r3, #0]
100002e0:	7839      	ldrb	r1, [r7, #0]
100002e2:	b0c2      	sub	sp, #264	@ 0x108
100002e4:	1a58      	subs	r0, r3, r1
100002e6:	b2c0      	uxtb	r0, r0
100002e8:	428b      	cmp	r3, r1
100002ea:	d00e      	beq.n	1000030a <transConsoleFiFo+0x36>
100002ec:	ab02      	add	r3, sp, #8
100002ee:	4698      	mov	r8, r3
100002f0:	001a      	movs	r2, r3
100002f2:	2400      	movs	r4, #0
100002f4:	4d35      	ldr	r5, [pc, #212]	@ (100003cc <transConsoleFiFo+0xf8>)
100002f6:	190b      	adds	r3, r1, r4
100002f8:	b2db      	uxtb	r3, r3
100002fa:	5ceb      	ldrb	r3, [r5, r3]
100002fc:	7013      	strb	r3, [r2, #0]
100002fe:	2b0a      	cmp	r3, #10
10000300:	d01e      	beq.n	10000340 <transConsoleFiFo+0x6c>
10000302:	3401      	adds	r4, #1
10000304:	3201      	adds	r2, #1
10000306:	4284      	cmp	r4, r0
10000308:	dbf5      	blt.n	100002f6 <transConsoleFiFo+0x22>
1000030a:	4f31      	ldr	r7, [pc, #196]	@ (100003d0 <transConsoleFiFo+0xfc>)
1000030c:	4b31      	ldr	r3, [pc, #196]	@ (100003d4 <transConsoleFiFo+0x100>)
1000030e:	7838      	ldrb	r0, [r7, #0]
10000310:	781a      	ldrb	r2, [r3, #0]
10000312:	1a12      	subs	r2, r2, r0
10000314:	b2d2      	uxtb	r2, r2
10000316:	2a00      	cmp	r2, #0
10000318:	d00e      	beq.n	10000338 <transConsoleFiFo+0x64>
1000031a:	ab02      	add	r3, sp, #8
1000031c:	4698      	mov	r8, r3
1000031e:	0019      	movs	r1, r3
10000320:	2400      	movs	r4, #0
10000322:	4d2d      	ldr	r5, [pc, #180]	@ (100003d8 <transConsoleFiFo+0x104>)
10000324:	1903      	adds	r3, r0, r4
10000326:	b2db      	uxtb	r3, r3
10000328:	5ceb      	ldrb	r3, [r5, r3]
1000032a:	700b      	strb	r3, [r1, #0]
1000032c:	2b0a      	cmp	r3, #10
1000032e:	d028      	beq.n	10000382 <transConsoleFiFo+0xae>
10000330:	3401      	adds	r4, #1
10000332:	3101      	adds	r1, #1
10000334:	4294      	cmp	r4, r2
10000336:	dbf5      	blt.n	10000324 <transConsoleFiFo+0x50>
10000338:	b042      	add	sp, #264	@ 0x108
1000033a:	bc80      	pop	{r7}
1000033c:	46b8      	mov	r8, r7
1000033e:	bdf0      	pop	{r4, r5, r6, r7, pc}
10000340:	2000      	movs	r0, #0
10000342:	f006 f8e9 	bl	10006518 <tud_cdc_n_write_available>
10000346:	2800      	cmp	r0, #0
10000348:	d0df      	beq.n	1000030a <transConsoleFiFo+0x36>
1000034a:	4824      	ldr	r0, [pc, #144]	@ (100003dc <transConsoleFiFo+0x108>)
1000034c:	f004 fc2e 	bl	10004bac <__wrap_printf>
10000350:	4643      	mov	r3, r8
10000352:	1c5e      	adds	r6, r3, #1
10000354:	466b      	mov	r3, sp
10000356:	1934      	adds	r4, r6, r4
10000358:	1ddd      	adds	r5, r3, #7
1000035a:	e000      	b.n	1000035e <transConsoleFiFo+0x8a>
1000035c:	3601      	adds	r6, #1
1000035e:	4643      	mov	r3, r8
10000360:	781b      	ldrb	r3, [r3, #0]
10000362:	2201      	movs	r2, #1
10000364:	702b      	strb	r3, [r5, #0]
10000366:	0029      	movs	r1, r5
10000368:	2000      	movs	r0, #0
1000036a:	f006 f8b5 	bl	100064d8 <tud_cdc_n_write>
1000036e:	783b      	ldrb	r3, [r7, #0]
10000370:	46b0      	mov	r8, r6
10000372:	3301      	adds	r3, #1
10000374:	703b      	strb	r3, [r7, #0]
10000376:	42a6      	cmp	r6, r4
10000378:	d1f0      	bne.n	1000035c <transConsoleFiFo+0x88>
1000037a:	2000      	movs	r0, #0
1000037c:	f006 f872 	bl	10006464 <tud_cdc_n_write_flush>
10000380:	e7c3      	b.n	1000030a <transConsoleFiFo+0x36>
10000382:	2000      	movs	r0, #0
10000384:	f006 f8c8 	bl	10006518 <tud_cdc_n_write_available>
10000388:	2800      	cmp	r0, #0
1000038a:	d0d5      	beq.n	10000338 <transConsoleFiFo+0x64>
1000038c:	4814      	ldr	r0, [pc, #80]	@ (100003e0 <transConsoleFiFo+0x10c>)
1000038e:	f004 fc0d 	bl	10004bac <__wrap_printf>
10000392:	4643      	mov	r3, r8
10000394:	1c5e      	adds	r6, r3, #1
10000396:	466b      	mov	r3, sp
10000398:	1934      	adds	r4, r6, r4
1000039a:	1ddd      	adds	r5, r3, #7
1000039c:	e000      	b.n	100003a0 <transConsoleFiFo+0xcc>
1000039e:	3601      	adds	r6, #1
100003a0:	4643      	mov	r3, r8
100003a2:	781b      	ldrb	r3, [r3, #0]
100003a4:	2201      	movs	r2, #1
100003a6:	702b      	strb	r3, [r5, #0]
100003a8:	0029      	movs	r1, r5
100003aa:	2000      	movs	r0, #0
100003ac:	f006 f894 	bl	100064d8 <tud_cdc_n_write>
100003b0:	783b      	ldrb	r3, [r7, #0]
100003b2:	46b0      	mov	r8, r6
100003b4:	3301      	adds	r3, #1
100003b6:	703b      	strb	r3, [r7, #0]
100003b8:	42a6      	cmp	r6, r4
100003ba:	d1f0      	bne.n	1000039e <transConsoleFiFo+0xca>
100003bc:	2000      	movs	r0, #0
100003be:	f006 f851 	bl	10006464 <tud_cdc_n_write_flush>
100003c2:	e7b9      	b.n	10000338 <transConsoleFiFo+0x64>
100003c4:	2000221b 	.word	0x2000221b
100003c8:	20002218 	.word	0x20002218
100003cc:	20001b38 	.word	0x20001b38
100003d0:	20002219 	.word	0x20002219
100003d4:	2000221c 	.word	0x2000221c
100003d8:	20001c38 	.word	0x20001c38
100003dc:	10007790 	.word	0x10007790
100003e0:	1000779c 	.word	0x1000779c

100003e4 <measure_freqs>:
100003e4:	b5f8      	push	{r3, r4, r5, r6, r7, lr}
100003e6:	46de      	mov	lr, fp
100003e8:	4657      	mov	r7, sl
100003ea:	464e      	mov	r6, r9
100003ec:	4645      	mov	r5, r8
100003ee:	2001      	movs	r0, #1
100003f0:	b5e0      	push	{r5, r6, r7, lr}
100003f2:	f001 fba3 	bl	10001b3c <frequency_count_khz>
100003f6:	4683      	mov	fp, r0
100003f8:	2002      	movs	r0, #2
100003fa:	f001 fb9f 	bl	10001b3c <frequency_count_khz>
100003fe:	4682      	mov	sl, r0
10000400:	2003      	movs	r0, #3
10000402:	f001 fb9b 	bl	10001b3c <frequency_count_khz>
10000406:	4681      	mov	r9, r0
10000408:	2009      	movs	r0, #9
1000040a:	f001 fb97 	bl	10001b3c <frequency_count_khz>
1000040e:	4680      	mov	r8, r0
10000410:	200a      	movs	r0, #10
10000412:	f001 fb93 	bl	10001b3c <frequency_count_khz>
10000416:	0007      	movs	r7, r0
10000418:	200b      	movs	r0, #11
1000041a:	f001 fb8f 	bl	10001b3c <frequency_count_khz>
1000041e:	0006      	movs	r6, r0
10000420:	200c      	movs	r0, #12
10000422:	f001 fb8b 	bl	10001b3c <frequency_count_khz>
10000426:	0005      	movs	r5, r0
10000428:	200d      	movs	r0, #13
1000042a:	f001 fb87 	bl	10001b3c <frequency_count_khz>
1000042e:	0004      	movs	r4, r0
10000430:	4659      	mov	r1, fp
10000432:	4812      	ldr	r0, [pc, #72]	@ (1000047c <measure_freqs+0x98>)
10000434:	f004 fbba 	bl	10004bac <__wrap_printf>
10000438:	4651      	mov	r1, sl
1000043a:	4811      	ldr	r0, [pc, #68]	@ (10000480 <measure_freqs+0x9c>)
1000043c:	f004 fbb6 	bl	10004bac <__wrap_printf>
10000440:	4649      	mov	r1, r9
10000442:	4810      	ldr	r0, [pc, #64]	@ (10000484 <measure_freqs+0xa0>)
10000444:	f004 fbb2 	bl	10004bac <__wrap_printf>
10000448:	4641      	mov	r1, r8
1000044a:	480f      	ldr	r0, [pc, #60]	@ (10000488 <measure_freqs+0xa4>)
1000044c:	f004 fbae 	bl	10004bac <__wrap_printf>
10000450:	0039      	movs	r1, r7
10000452:	480e      	ldr	r0, [pc, #56]	@ (1000048c <measure_freqs+0xa8>)
10000454:	f004 fbaa 	bl	10004bac <__wrap_printf>
10000458:	0031      	movs	r1, r6
1000045a:	480d      	ldr	r0, [pc, #52]	@ (10000490 <measure_freqs+0xac>)
1000045c:	f004 fba6 	bl	10004bac <__wrap_printf>
10000460:	0029      	movs	r1, r5
10000462:	480c      	ldr	r0, [pc, #48]	@ (10000494 <measure_freqs+0xb0>)
10000464:	f004 fba2 	bl	10004bac <__wrap_printf>
10000468:	0021      	movs	r1, r4
1000046a:	480b      	ldr	r0, [pc, #44]	@ (10000498 <measure_freqs+0xb4>)
1000046c:	f004 fb9e 	bl	10004bac <__wrap_printf>
10000470:	bcf0      	pop	{r4, r5, r6, r7}
10000472:	46bb      	mov	fp, r7
10000474:	46b2      	mov	sl, r6
10000476:	46a9      	mov	r9, r5
10000478:	46a0      	mov	r8, r4
1000047a:	bdf8      	pop	{r3, r4, r5, r6, r7, pc}
1000047c:	100077a4 	.word	0x100077a4
10000480:	100077b8 	.word	0x100077b8
10000484:	100077cc 	.word	0x100077cc
10000488:	100077e0 	.word	0x100077e0
1000048c:	100077f4 	.word	0x100077f4
10000490:	10007808 	.word	0x10007808
10000494:	1000781c 	.word	0x1000781c
10000498:	10007830 	.word	0x10007830

1000049c <main>:
1000049c:	b5f0      	push	{r4, r5, r6, r7, lr}
1000049e:	46de      	mov	lr, fp
100004a0:	4657      	mov	r7, sl
100004a2:	464e      	mov	r6, r9
100004a4:	4645      	mov	r5, r8
100004a6:	b5e0      	push	{r5, r6, r7, lr}
100004a8:	b099      	sub	sp, #100	@ 0x64
100004aa:	f004 faad 	bl	10004a08 <stdio_init_all>
100004ae:	2102      	movs	r1, #2
100004b0:	2008      	movs	r0, #8
100004b2:	f000 fa19 	bl	100008e8 <gpio_set_function>
100004b6:	2102      	movs	r1, #2
100004b8:	2009      	movs	r0, #9
100004ba:	f000 fa15 	bl	100008e8 <gpio_set_function>
100004be:	2200      	movs	r2, #0
100004c0:	2101      	movs	r1, #1
100004c2:	2009      	movs	r0, #9
100004c4:	f000 fa2a 	bl	1000091c <gpio_set_pulls>
100004c8:	2102      	movs	r1, #2
100004ca:	200c      	movs	r0, #12
100004cc:	f000 fa0c 	bl	100008e8 <gpio_set_function>
100004d0:	2102      	movs	r1, #2
100004d2:	200d      	movs	r0, #13
100004d4:	f000 fa08 	bl	100008e8 <gpio_set_function>
100004d8:	2200      	movs	r2, #0
100004da:	2101      	movs	r1, #1
100004dc:	200d      	movs	r0, #13
100004de:	f000 fa1d 	bl	1000091c <gpio_set_pulls>
100004e2:	49de      	ldr	r1, [pc, #888]	@ (1000085c <main+0x3c0>)
100004e4:	48de      	ldr	r0, [pc, #888]	@ (10000860 <main+0x3c4>)
100004e6:	f006 ff73 	bl	100073d0 <pio_add_program>
100004ea:	2106      	movs	r1, #6
100004ec:	0005      	movs	r5, r0
100004ee:	2010      	movs	r0, #16
100004f0:	f000 f9fa 	bl	100008e8 <gpio_set_function>
100004f4:	2301      	movs	r3, #1
100004f6:	2100      	movs	r1, #0
100004f8:	2210      	movs	r2, #16
100004fa:	9300      	str	r3, [sp, #0]
100004fc:	48d8      	ldr	r0, [pc, #864]	@ (10000860 <main+0x3c4>)
100004fe:	f006 ffe3 	bl	100074c8 <pio_sm_set_consecutive_pindirs>
10000502:	2380      	movs	r3, #128	@ 0x80
10000504:	025b      	lsls	r3, r3, #9
10000506:	9314      	str	r3, [sp, #80]	@ 0x50
10000508:	ab14      	add	r3, sp, #80	@ 0x50
1000050a:	469a      	mov	sl, r3
1000050c:	1ceb      	adds	r3, r5, #3
1000050e:	01ea      	lsls	r2, r5, #7
10000510:	031b      	lsls	r3, r3, #12
10000512:	4313      	orrs	r3, r2
10000514:	4ad3      	ldr	r2, [pc, #844]	@ (10000864 <main+0x3c8>)
10000516:	2005      	movs	r0, #5
10000518:	4013      	ands	r3, r2
1000051a:	4652      	mov	r2, sl
1000051c:	6053      	str	r3, [r2, #4]
1000051e:	4bd2      	ldr	r3, [pc, #840]	@ (10000868 <main+0x3cc>)
10000520:	60d3      	str	r3, [r2, #12]
10000522:	4bd2      	ldr	r3, [pc, #840]	@ (1000086c <main+0x3d0>)
10000524:	6093      	str	r3, [r2, #8]
10000526:	f001 fb03 	bl	10001b30 <clock_get_hz>
1000052a:	f002 fc25 	bl	10002d78 <__wrap___aeabi_ui2f>
1000052e:	49d0      	ldr	r1, [pc, #832]	@ (10000870 <main+0x3d4>)
10000530:	f002 fc07 	bl	10002d42 <__wrap___aeabi_fdiv>
10000534:	21ec      	movs	r1, #236	@ 0xec
10000536:	0589      	lsls	r1, r1, #22
10000538:	f002 fc00 	bl	10002d3c <__wrap___aeabi_fadd>
1000053c:	1c06      	adds	r6, r0, #0
1000053e:	f002 fc43 	bl	10002dc8 <__wrap___aeabi_f2uiz>
10000542:	b284      	uxth	r4, r0
10000544:	2300      	movs	r3, #0
10000546:	2c00      	cmp	r4, #0
10000548:	d00d      	beq.n	10000566 <main+0xca>
1000054a:	0020      	movs	r0, r4
1000054c:	f002 fc14 	bl	10002d78 <__wrap___aeabi_ui2f>
10000550:	1c01      	adds	r1, r0, #0
10000552:	1c30      	adds	r0, r6, #0
10000554:	f002 fbef 	bl	10002d36 <__wrap___aeabi_fsub>
10000558:	2187      	movs	r1, #135	@ 0x87
1000055a:	05c9      	lsls	r1, r1, #23
1000055c:	f002 fc05 	bl	10002d6a <__wrap___aeabi_fmul>
10000560:	f002 fc32 	bl	10002dc8 <__wrap___aeabi_f2uiz>
10000564:	b2c3      	uxtb	r3, r0
10000566:	0424      	lsls	r4, r4, #16
10000568:	021b      	lsls	r3, r3, #8
1000056a:	4323      	orrs	r3, r4
1000056c:	4cbc      	ldr	r4, [pc, #752]	@ (10000860 <main+0x3c4>)
1000056e:	002a      	movs	r2, r5
10000570:	9314      	str	r3, [sp, #80]	@ 0x50
10000572:	2100      	movs	r1, #0
10000574:	4653      	mov	r3, sl
10000576:	0020      	movs	r0, r4
10000578:	f007 f800 	bl	1000757c <pio_sm_init>
1000057c:	2201      	movs	r2, #1
1000057e:	6823      	ldr	r3, [r4, #0]
10000580:	4313      	orrs	r3, r2
10000582:	2280      	movs	r2, #128	@ 0x80
10000584:	6023      	str	r3, [r4, #0]
10000586:	0252      	lsls	r2, r2, #9
10000588:	6863      	ldr	r3, [r4, #4]
1000058a:	001d      	movs	r5, r3
1000058c:	4015      	ands	r5, r2
1000058e:	4213      	tst	r3, r2
10000590:	d1fa      	bne.n	10000588 <main+0xec>
10000592:	4bb8      	ldr	r3, [pc, #736]	@ (10000874 <main+0x3d8>)
10000594:	4fb8      	ldr	r7, [pc, #736]	@ (10000878 <main+0x3dc>)
10000596:	6123      	str	r3, [r4, #16]
10000598:	4eb8      	ldr	r6, [pc, #736]	@ (1000087c <main+0x3e0>)
1000059a:	4cb9      	ldr	r4, [pc, #740]	@ (10000880 <main+0x3e4>)
1000059c:	003a      	movs	r2, r7
1000059e:	0031      	movs	r1, r6
100005a0:	0020      	movs	r0, r4
100005a2:	f004 fb03 	bl	10004bac <__wrap_printf>
100005a6:	f7ff ff1d 	bl	100003e4 <measure_freqs>
100005aa:	48b6      	ldr	r0, [pc, #728]	@ (10000884 <main+0x3e8>)
100005ac:	f000 ffde 	bl	1000156c <sleep_ms>
100005b0:	003a      	movs	r2, r7
100005b2:	0031      	movs	r1, r6
100005b4:	0020      	movs	r0, r4
100005b6:	f004 faf9 	bl	10004bac <__wrap_printf>
100005ba:	f7ff ff13 	bl	100003e4 <measure_freqs>
100005be:	48b1      	ldr	r0, [pc, #708]	@ (10000884 <main+0x3e8>)
100005c0:	f000 ffd4 	bl	1000156c <sleep_ms>
100005c4:	48b0      	ldr	r0, [pc, #704]	@ (10000888 <main+0x3ec>)
100005c6:	f004 fa6d 	bl	10004aa4 <__wrap_puts>
100005ca:	21e1      	movs	r1, #225	@ 0xe1
100005cc:	48af      	ldr	r0, [pc, #700]	@ (1000088c <main+0x3f0>)
100005ce:	0209      	lsls	r1, r1, #8
100005d0:	f001 f930 	bl	10001834 <uart_init>
100005d4:	21e1      	movs	r1, #225	@ 0xe1
100005d6:	0004      	movs	r4, r0
100005d8:	0209      	lsls	r1, r1, #8
100005da:	48ad      	ldr	r0, [pc, #692]	@ (10000890 <main+0x3f4>)
100005dc:	f001 f92a 	bl	10001834 <uart_init>
100005e0:	4bac      	ldr	r3, [pc, #688]	@ (10000894 <main+0x3f8>)
100005e2:	0021      	movs	r1, r4
100005e4:	0018      	movs	r0, r3
100005e6:	f004 fae1 	bl	10004bac <__wrap_printf>
100005ea:	48ab      	ldr	r0, [pc, #684]	@ (10000898 <main+0x3fc>)
100005ec:	f004 fa5a 	bl	10004aa4 <__wrap_puts>
100005f0:	48aa      	ldr	r0, [pc, #680]	@ (1000089c <main+0x400>)
100005f2:	f004 fa57 	bl	10004aa4 <__wrap_puts>
100005f6:	f006 fecf 	bl	10007398 <adc_init>
100005fa:	211f      	movs	r1, #31
100005fc:	201a      	movs	r0, #26
100005fe:	f000 f973 	bl	100008e8 <gpio_set_function>
10000602:	2200      	movs	r2, #0
10000604:	2100      	movs	r1, #0
10000606:	201a      	movs	r0, #26
10000608:	f000 f988 	bl	1000091c <gpio_set_pulls>
1000060c:	2100      	movs	r1, #0
1000060e:	201a      	movs	r0, #26
10000610:	f000 f998 	bl	10000944 <gpio_set_input_enabled>
10000614:	22e0      	movs	r2, #224	@ 0xe0
10000616:	4ba2      	ldr	r3, [pc, #648]	@ (100008a0 <main+0x404>)
10000618:	01d2      	lsls	r2, r2, #7
1000061a:	681b      	ldr	r3, [r3, #0]
1000061c:	4e9b      	ldr	r6, [pc, #620]	@ (1000088c <main+0x3f0>)
1000061e:	4013      	ands	r3, r2
10000620:	4aa0      	ldr	r2, [pc, #640]	@ (100008a4 <main+0x408>)
10000622:	4c9b      	ldr	r4, [pc, #620]	@ (10000890 <main+0x3f4>)
10000624:	6013      	str	r3, [r2, #0]
10000626:	4ba0      	ldr	r3, [pc, #640]	@ (100008a8 <main+0x40c>)
10000628:	631d      	str	r5, [r3, #48]	@ 0x30
1000062a:	6a9b      	ldr	r3, [r3, #40]	@ 0x28
1000062c:	2510      	movs	r5, #16
1000062e:	9308      	str	r3, [sp, #32]
10000630:	2300      	movs	r3, #0
10000632:	9306      	str	r3, [sp, #24]
10000634:	9309      	str	r3, [sp, #36]	@ 0x24
10000636:	23e1      	movs	r3, #225	@ 0xe1
10000638:	021b      	lsls	r3, r3, #8
1000063a:	9307      	str	r3, [sp, #28]
1000063c:	2310      	movs	r3, #16
1000063e:	4698      	mov	r8, r3
10000640:	331d      	adds	r3, #29
10000642:	33ff      	adds	r3, #255	@ 0xff
10000644:	469b      	mov	fp, r3
10000646:	9305      	str	r3, [sp, #20]
10000648:	4b98      	ldr	r3, [pc, #608]	@ (100008ac <main+0x410>)
1000064a:	930c      	str	r3, [sp, #48]	@ 0x30
1000064c:	4b98      	ldr	r3, [pc, #608]	@ (100008b0 <main+0x414>)
1000064e:	930d      	str	r3, [sp, #52]	@ 0x34
10000650:	4b98      	ldr	r3, [pc, #608]	@ (100008b4 <main+0x418>)
10000652:	9304      	str	r3, [sp, #16]
10000654:	4b98      	ldr	r3, [pc, #608]	@ (100008b8 <main+0x41c>)
10000656:	4699      	mov	r9, r3
10000658:	464f      	mov	r7, r9
1000065a:	4b98      	ldr	r3, [pc, #608]	@ (100008bc <main+0x420>)
1000065c:	930e      	str	r3, [sp, #56]	@ 0x38
1000065e:	4b98      	ldr	r3, [pc, #608]	@ (100008c0 <main+0x424>)
10000660:	930f      	str	r3, [sp, #60]	@ 0x3c
10000662:	4b98      	ldr	r3, [pc, #608]	@ (100008c4 <main+0x428>)
10000664:	9311      	str	r3, [sp, #68]	@ 0x44
10000666:	4b98      	ldr	r3, [pc, #608]	@ (100008c8 <main+0x42c>)
10000668:	9312      	str	r3, [sp, #72]	@ 0x48
1000066a:	4b98      	ldr	r3, [pc, #608]	@ (100008cc <main+0x430>)
1000066c:	9313      	str	r3, [sp, #76]	@ 0x4c
1000066e:	4b98      	ldr	r3, [pc, #608]	@ (100008d0 <main+0x434>)
10000670:	9303      	str	r3, [sp, #12]
10000672:	69b3      	ldr	r3, [r6, #24]
10000674:	421d      	tst	r5, r3
10000676:	d010      	beq.n	1000069a <main+0x1fe>
10000678:	69a3      	ldr	r3, [r4, #24]
1000067a:	421d      	tst	r5, r3
1000067c:	d11e      	bne.n	100006bc <main+0x220>
1000067e:	9b04      	ldr	r3, [sp, #16]
10000680:	781a      	ldrb	r2, [r3, #0]
10000682:	69a3      	ldr	r3, [r4, #24]
10000684:	421d      	tst	r5, r3
10000686:	d1fc      	bne.n	10000682 <main+0x1e6>
10000688:	6821      	ldr	r1, [r4, #0]
1000068a:	1c53      	adds	r3, r2, #1
1000068c:	54b9      	strb	r1, [r7, r2]
1000068e:	69a2      	ldr	r2, [r4, #24]
10000690:	b2db      	uxtb	r3, r3
10000692:	4215      	tst	r5, r2
10000694:	d10e      	bne.n	100006b4 <main+0x218>
10000696:	001a      	movs	r2, r3
10000698:	e7f3      	b.n	10000682 <main+0x1e6>
1000069a:	69b3      	ldr	r3, [r6, #24]
1000069c:	421d      	tst	r5, r3
1000069e:	d1fc      	bne.n	1000069a <main+0x1fe>
100006a0:	980c      	ldr	r0, [sp, #48]	@ 0x30
100006a2:	6832      	ldr	r2, [r6, #0]
100006a4:	7803      	ldrb	r3, [r0, #0]
100006a6:	1c59      	adds	r1, r3, #1
100006a8:	7001      	strb	r1, [r0, #0]
100006aa:	990d      	ldr	r1, [sp, #52]	@ 0x34
100006ac:	54ca      	strb	r2, [r1, r3]
100006ae:	2305      	movs	r3, #5
100006b0:	9305      	str	r3, [sp, #20]
100006b2:	e7de      	b.n	10000672 <main+0x1d6>
100006b4:	9a04      	ldr	r2, [sp, #16]
100006b6:	7013      	strb	r3, [r2, #0]
100006b8:	2305      	movs	r3, #5
100006ba:	469b      	mov	fp, r3
100006bc:	f7ff fe0a 	bl	100002d4 <transConsoleFiFo>
100006c0:	2000      	movs	r0, #0
100006c2:	f005 fe6b 	bl	1000639c <tud_cdc_n_get_line_state>
100006c6:	230f      	movs	r3, #15
100006c8:	4003      	ands	r3, r0
100006ca:	4699      	mov	r9, r3
100006cc:	4543      	cmp	r3, r8
100006ce:	d007      	beq.n	100006e0 <main+0x244>
100006d0:	2101      	movs	r1, #1
100006d2:	0002      	movs	r2, r0
100006d4:	085b      	lsrs	r3, r3, #1
100006d6:	400a      	ands	r2, r1
100006d8:	980e      	ldr	r0, [sp, #56]	@ 0x38
100006da:	4019      	ands	r1, r3
100006dc:	f004 fa66 	bl	10004bac <__wrap_printf>
100006e0:	2000      	movs	r0, #0
100006e2:	f005 fe71 	bl	100063c8 <tud_cdc_n_available>
100006e6:	2800      	cmp	r0, #0
100006e8:	d177      	bne.n	100007da <main+0x33e>
100006ea:	4651      	mov	r1, sl
100006ec:	2000      	movs	r0, #0
100006ee:	f005 fe5d 	bl	100063ac <tud_cdc_n_get_line_coding>
100006f2:	4653      	mov	r3, sl
100006f4:	9a06      	ldr	r2, [sp, #24]
100006f6:	795b      	ldrb	r3, [r3, #5]
100006f8:	930a      	str	r3, [sp, #40]	@ 0x28
100006fa:	429a      	cmp	r2, r3
100006fc:	d002      	beq.n	10000704 <main+0x268>
100006fe:	9811      	ldr	r0, [sp, #68]	@ 0x44
10000700:	f004 f9d0 	bl	10004aa4 <__wrap_puts>
10000704:	4653      	mov	r3, sl
10000706:	9a09      	ldr	r2, [sp, #36]	@ 0x24
10000708:	791b      	ldrb	r3, [r3, #4]
1000070a:	930b      	str	r3, [sp, #44]	@ 0x2c
1000070c:	4293      	cmp	r3, r2
1000070e:	d002      	beq.n	10000716 <main+0x27a>
10000710:	9812      	ldr	r0, [sp, #72]	@ 0x48
10000712:	f004 f9c7 	bl	10004aa4 <__wrap_puts>
10000716:	4653      	mov	r3, sl
10000718:	681b      	ldr	r3, [r3, #0]
1000071a:	4698      	mov	r8, r3
1000071c:	9b07      	ldr	r3, [sp, #28]
1000071e:	4598      	cmp	r8, r3
10000720:	d00c      	beq.n	1000073c <main+0x2a0>
10000722:	4641      	mov	r1, r8
10000724:	4859      	ldr	r0, [pc, #356]	@ (1000088c <main+0x3f0>)
10000726:	f001 f885 	bl	10001834 <uart_init>
1000072a:	4641      	mov	r1, r8
1000072c:	9006      	str	r0, [sp, #24]
1000072e:	4858      	ldr	r0, [pc, #352]	@ (10000890 <main+0x3f4>)
10000730:	f001 f880 	bl	10001834 <uart_init>
10000734:	9906      	ldr	r1, [sp, #24]
10000736:	9813      	ldr	r0, [sp, #76]	@ 0x4c
10000738:	f004 fa38 	bl	10004bac <__wrap_printf>
1000073c:	9b0a      	ldr	r3, [sp, #40]	@ 0x28
1000073e:	9306      	str	r3, [sp, #24]
10000740:	9b0b      	ldr	r3, [sp, #44]	@ 0x2c
10000742:	9309      	str	r3, [sp, #36]	@ 0x24
10000744:	4643      	mov	r3, r8
10000746:	9307      	str	r3, [sp, #28]
10000748:	9b03      	ldr	r3, [sp, #12]
1000074a:	881b      	ldrh	r3, [r3, #0]
1000074c:	005b      	lsls	r3, r3, #1
1000074e:	b299      	uxth	r1, r3
10000750:	4688      	mov	r8, r1
10000752:	f006 fff1 	bl	10007738 <__get_bootsel_button_veneer>
10000756:	9a03      	ldr	r2, [sp, #12]
10000758:	4440      	add	r0, r8
1000075a:	b283      	uxth	r3, r0
1000075c:	8013      	strh	r3, [r2, #0]
1000075e:	4a5d      	ldr	r2, [pc, #372]	@ (100008d4 <main+0x438>)
10000760:	4293      	cmp	r3, r2
10000762:	d036      	beq.n	100007d2 <main+0x336>
10000764:	2280      	movs	r2, #128	@ 0x80
10000766:	0212      	lsls	r2, r2, #8
10000768:	4293      	cmp	r3, r2
1000076a:	d06f      	beq.n	1000084c <main+0x3b0>
1000076c:	4a5a      	ldr	r2, [pc, #360]	@ (100008d8 <main+0x43c>)
1000076e:	4293      	cmp	r3, r2
10000770:	d05d      	beq.n	1000082e <main+0x392>
10000772:	4b4d      	ldr	r3, [pc, #308]	@ (100008a8 <main+0x40c>)
10000774:	9a08      	ldr	r2, [sp, #32]
10000776:	6a9b      	ldr	r3, [r3, #40]	@ 0x28
10000778:	46c8      	mov	r8, r9
1000077a:	1a9b      	subs	r3, r3, r2
1000077c:	22fa      	movs	r2, #250	@ 0xfa
1000077e:	0092      	lsls	r2, r2, #2
10000780:	4293      	cmp	r3, r2
10000782:	d200      	bcs.n	10000786 <main+0x2ea>
10000784:	e775      	b.n	10000672 <main+0x1d6>
10000786:	4694      	mov	ip, r2
10000788:	9b08      	ldr	r3, [sp, #32]
1000078a:	2080      	movs	r0, #128	@ 0x80
1000078c:	4463      	add	r3, ip
1000078e:	9308      	str	r3, [sp, #32]
10000790:	465b      	mov	r3, fp
10000792:	9a05      	ldr	r2, [sp, #20]
10000794:	17d9      	asrs	r1, r3, #31
10000796:	1ac9      	subs	r1, r1, r3
10000798:	17d3      	asrs	r3, r2, #31
1000079a:	1a9b      	subs	r3, r3, r2
1000079c:	0fc9      	lsrs	r1, r1, #31
1000079e:	0fdb      	lsrs	r3, r3, #31
100007a0:	0149      	lsls	r1, r1, #5
100007a2:	035b      	lsls	r3, r3, #13
100007a4:	4319      	orrs	r1, r3
100007a6:	4a2e      	ldr	r2, [pc, #184]	@ (10000860 <main+0x3c4>)
100007a8:	0209      	lsls	r1, r1, #8
100007aa:	0240      	lsls	r0, r0, #9
100007ac:	6853      	ldr	r3, [r2, #4]
100007ae:	4203      	tst	r3, r0
100007b0:	d1fc      	bne.n	100007ac <main+0x310>
100007b2:	6111      	str	r1, [r2, #16]
100007b4:	9a05      	ldr	r2, [sp, #20]
100007b6:	46c8      	mov	r8, r9
100007b8:	17d3      	asrs	r3, r2, #31
100007ba:	1a9b      	subs	r3, r3, r2
100007bc:	0fdb      	lsrs	r3, r3, #31
100007be:	1ad3      	subs	r3, r2, r3
100007c0:	9305      	str	r3, [sp, #20]
100007c2:	465b      	mov	r3, fp
100007c4:	465a      	mov	r2, fp
100007c6:	17db      	asrs	r3, r3, #31
100007c8:	1a9b      	subs	r3, r3, r2
100007ca:	0fdb      	lsrs	r3, r3, #31
100007cc:	1ad3      	subs	r3, r2, r3
100007ce:	469b      	mov	fp, r3
100007d0:	e74f      	b.n	10000672 <main+0x1d6>
100007d2:	4b35      	ldr	r3, [pc, #212]	@ (100008a8 <main+0x40c>)
100007d4:	6a9b      	ldr	r3, [r3, #40]	@ 0x28
100007d6:	9310      	str	r3, [sp, #64]	@ 0x40
100007d8:	e7cb      	b.n	10000772 <main+0x2d6>
100007da:	2201      	movs	r2, #1
100007dc:	4651      	mov	r1, sl
100007de:	2000      	movs	r0, #0
100007e0:	f005 fdfc 	bl	100063dc <tud_cdc_n_read>
100007e4:	4653      	mov	r3, sl
100007e6:	7819      	ldrb	r1, [r3, #0]
100007e8:	9b0f      	ldr	r3, [sp, #60]	@ 0x3c
100007ea:	2200      	movs	r2, #0
100007ec:	5e9b      	ldrsh	r3, [r3, r2]
100007ee:	428b      	cmp	r3, r1
100007f0:	d016      	beq.n	10000820 <main+0x384>
100007f2:	2220      	movs	r2, #32
100007f4:	69b3      	ldr	r3, [r6, #24]
100007f6:	421a      	tst	r2, r3
100007f8:	d1fc      	bne.n	100007f4 <main+0x358>
100007fa:	9b0f      	ldr	r3, [sp, #60]	@ 0x3c
100007fc:	6031      	str	r1, [r6, #0]
100007fe:	2202      	movs	r2, #2
10000800:	5e9b      	ldrsh	r3, [r3, r2]
10000802:	428b      	cmp	r3, r1
10000804:	d005      	beq.n	10000812 <main+0x376>
10000806:	2220      	movs	r2, #32
10000808:	69a3      	ldr	r3, [r4, #24]
1000080a:	421a      	tst	r2, r3
1000080c:	d1fc      	bne.n	10000808 <main+0x36c>
1000080e:	6021      	str	r1, [r4, #0]
10000810:	e79a      	b.n	10000748 <main+0x2ac>
10000812:	2220      	movs	r2, #32
10000814:	69a3      	ldr	r3, [r4, #24]
10000816:	421a      	tst	r2, r3
10000818:	d1fc      	bne.n	10000814 <main+0x378>
1000081a:	230d      	movs	r3, #13
1000081c:	6023      	str	r3, [r4, #0]
1000081e:	e7f2      	b.n	10000806 <main+0x36a>
10000820:	2220      	movs	r2, #32
10000822:	69b3      	ldr	r3, [r6, #24]
10000824:	421a      	tst	r2, r3
10000826:	d1fc      	bne.n	10000822 <main+0x386>
10000828:	230d      	movs	r3, #13
1000082a:	6033      	str	r3, [r6, #0]
1000082c:	e7e1      	b.n	100007f2 <main+0x356>
1000082e:	4b1e      	ldr	r3, [pc, #120]	@ (100008a8 <main+0x40c>)
10000830:	9a10      	ldr	r2, [sp, #64]	@ 0x40
10000832:	6a9b      	ldr	r3, [r3, #40]	@ 0x28
10000834:	1a9b      	subs	r3, r3, r2
10000836:	4a29      	ldr	r2, [pc, #164]	@ (100008dc <main+0x440>)
10000838:	4293      	cmp	r3, r2
1000083a:	d99a      	bls.n	10000772 <main+0x2d6>
1000083c:	4828      	ldr	r0, [pc, #160]	@ (100008e0 <main+0x444>)
1000083e:	f004 f9b5 	bl	10004bac <__wrap_printf>
10000842:	2101      	movs	r1, #1
10000844:	2014      	movs	r0, #20
10000846:	f001 f9ef 	bl	10001c28 <watchdog_enable>
1000084a:	e7fe      	b.n	1000084a <main+0x3ae>
1000084c:	4825      	ldr	r0, [pc, #148]	@ (100008e4 <main+0x448>)
1000084e:	f004 f9ad 	bl	10004bac <__wrap_printf>
10000852:	2101      	movs	r1, #1
10000854:	2014      	movs	r0, #20
10000856:	f001 f9e7 	bl	10001c28 <watchdog_enable>
1000085a:	e7fe      	b.n	1000085a <main+0x3be>
1000085c:	10007ae8 	.word	0x10007ae8
10000860:	50200000 	.word	0x50200000
10000864:	9fffffff 	.word	0x9fffffff
10000868:	20004000 	.word	0x20004000
1000086c:	40060000 	.word	0x40060000
10000870:	4af42400 	.word	0x4af42400
10000874:	40404000 	.word	0x40404000
10000878:	10007844 	.word	0x10007844
1000087c:	10007850 	.word	0x10007850
10000880:	1000785c 	.word	0x1000785c
10000884:	000002ee 	.word	0x000002ee
10000888:	1000786c 	.word	0x1000786c
1000088c:	40034000 	.word	0x40034000
10000890:	40038000 	.word	0x40038000
10000894:	10007888 	.word	0x10007888
10000898:	100078a0 	.word	0x100078a0
1000089c:	100078b0 	.word	0x100078b0
100008a0:	4004c000 	.word	0x4004c000
100008a4:	4004d000 	.word	0x4004d000
100008a8:	40054000 	.word	0x40054000
100008ac:	2000221b 	.word	0x2000221b
100008b0:	20001b38 	.word	0x20001b38
100008b4:	2000221c 	.word	0x2000221c
100008b8:	20001c38 	.word	0x20001c38
100008bc:	100078c0 	.word	0x100078c0
100008c0:	200021f8 	.word	0x200021f8
100008c4:	100078d0 	.word	0x100078d0
100008c8:	100078fc 	.word	0x100078fc
100008cc:	10007930 	.word	0x10007930
100008d0:	2000220e 	.word	0x2000220e
100008d4:	00007fff 	.word	0x00007fff
100008d8:	0000ffff 	.word	0x0000ffff
100008dc:	000f423f 	.word	0x000f423f
100008e0:	10007960 	.word	0x10007960
100008e4:	10007950 	.word	0x10007950

100008e8 <gpio_set_function>:
100008e8:	4a09      	ldr	r2, [pc, #36]	@ (10000910 <gpio_set_function+0x28>)
100008ea:	0083      	lsls	r3, r0, #2
100008ec:	189a      	adds	r2, r3, r2
100008ee:	b510      	push	{r4, lr}
100008f0:	6814      	ldr	r4, [r2, #0]
100008f2:	2240      	movs	r2, #64	@ 0x40
100008f4:	4054      	eors	r4, r2
100008f6:	3280      	adds	r2, #128	@ 0x80
100008f8:	4022      	ands	r2, r4
100008fa:	4c06      	ldr	r4, [pc, #24]	@ (10000914 <gpio_set_function+0x2c>)
100008fc:	00c0      	lsls	r0, r0, #3
100008fe:	46a4      	mov	ip, r4
10000900:	4463      	add	r3, ip
10000902:	601a      	str	r2, [r3, #0]
10000904:	4b04      	ldr	r3, [pc, #16]	@ (10000918 <gpio_set_function+0x30>)
10000906:	469c      	mov	ip, r3
10000908:	4460      	add	r0, ip
1000090a:	6041      	str	r1, [r0, #4]
1000090c:	bd10      	pop	{r4, pc}
1000090e:	46c0      	nop			@ (mov r8, r8)
10000910:	4001c004 	.word	0x4001c004
10000914:	4001d004 	.word	0x4001d004
10000918:	40014000 	.word	0x40014000

1000091c <gpio_set_pulls>:
1000091c:	4b07      	ldr	r3, [pc, #28]	@ (1000093c <gpio_set_pulls+0x20>)
1000091e:	0080      	lsls	r0, r0, #2
10000920:	18c3      	adds	r3, r0, r3
10000922:	681b      	ldr	r3, [r3, #0]
10000924:	00c9      	lsls	r1, r1, #3
10000926:	0092      	lsls	r2, r2, #2
10000928:	430a      	orrs	r2, r1
1000092a:	405a      	eors	r2, r3
1000092c:	230c      	movs	r3, #12
1000092e:	4013      	ands	r3, r2
10000930:	4a03      	ldr	r2, [pc, #12]	@ (10000940 <gpio_set_pulls+0x24>)
10000932:	4694      	mov	ip, r2
10000934:	4460      	add	r0, ip
10000936:	6003      	str	r3, [r0, #0]
10000938:	4770      	bx	lr
1000093a:	46c0      	nop			@ (mov r8, r8)
1000093c:	4001c004 	.word	0x4001c004
10000940:	4001d004 	.word	0x4001d004

10000944 <gpio_set_input_enabled>:
10000944:	0080      	lsls	r0, r0, #2
10000946:	2900      	cmp	r1, #0
10000948:	d005      	beq.n	10000956 <gpio_set_input_enabled+0x12>
1000094a:	4b06      	ldr	r3, [pc, #24]	@ (10000964 <gpio_set_input_enabled+0x20>)
1000094c:	469c      	mov	ip, r3
1000094e:	2340      	movs	r3, #64	@ 0x40
10000950:	4460      	add	r0, ip
10000952:	6003      	str	r3, [r0, #0]
10000954:	4770      	bx	lr
10000956:	4b04      	ldr	r3, [pc, #16]	@ (10000968 <gpio_set_input_enabled+0x24>)
10000958:	469c      	mov	ip, r3
1000095a:	2340      	movs	r3, #64	@ 0x40
1000095c:	4460      	add	r0, ip
1000095e:	6003      	str	r3, [r0, #0]
10000960:	e7f8      	b.n	10000954 <gpio_set_input_enabled+0x10>
10000962:	46c0      	nop			@ (mov r8, r8)
10000964:	4001e004 	.word	0x4001e004
10000968:	4001f004 	.word	0x4001f004

1000096c <rp2040_chip_version>:
1000096c:	2380      	movs	r3, #128	@ 0x80
1000096e:	05db      	lsls	r3, r3, #23
10000970:	6818      	ldr	r0, [r3, #0]
10000972:	0f00      	lsrs	r0, r0, #28
10000974:	4770      	bx	lr
10000976:	46c0      	nop			@ (mov r8, r8)

10000978 <panic>:
10000978:	b40f      	push	{r0, r1, r2, r3}
1000097a:	b500      	push	{lr}
1000097c:	4808      	ldr	r0, [pc, #32]	@ (100009a0 <panic+0x28>)
1000097e:	b083      	sub	sp, #12
10000980:	f004 f890 	bl	10004aa4 <__wrap_puts>
10000984:	9b04      	ldr	r3, [sp, #16]
10000986:	2b00      	cmp	r3, #0
10000988:	d007      	beq.n	1000099a <panic+0x22>
1000098a:	a905      	add	r1, sp, #20
1000098c:	0018      	movs	r0, r3
1000098e:	9101      	str	r1, [sp, #4]
10000990:	f003 fede 	bl	10004750 <weak_raw_vprintf>
10000994:	4803      	ldr	r0, [pc, #12]	@ (100009a4 <panic+0x2c>)
10000996:	f004 f885 	bl	10004aa4 <__wrap_puts>
1000099a:	2001      	movs	r0, #1
1000099c:	f003 fef0 	bl	10004780 <_exit>
100009a0:	10007980 	.word	0x10007980
100009a4:	10007990 	.word	0x10007990

100009a8 <hw_claim_lock>:
100009a8:	f3ef 8010 	mrs	r0, PRIMASK
100009ac:	b672      	cpsid	i
100009ae:	4a03      	ldr	r2, [pc, #12]	@ (100009bc <hw_claim_lock+0x14>)
100009b0:	6813      	ldr	r3, [r2, #0]
100009b2:	2b00      	cmp	r3, #0
100009b4:	d0fc      	beq.n	100009b0 <hw_claim_lock+0x8>
100009b6:	f3bf 8f5f 	dmb	sy
100009ba:	4770      	bx	lr
100009bc:	d000012c 	.word	0xd000012c

100009c0 <hw_claim_unlock>:
100009c0:	f3bf 8f5f 	dmb	sy
100009c4:	2200      	movs	r2, #0
100009c6:	4b02      	ldr	r3, [pc, #8]	@ (100009d0 <hw_claim_unlock+0x10>)
100009c8:	601a      	str	r2, [r3, #0]
100009ca:	f380 8810 	msr	PRIMASK, r0
100009ce:	4770      	bx	lr
100009d0:	d000012c 	.word	0xd000012c

100009d4 <hw_claim_or_assert>:
100009d4:	b570      	push	{r4, r5, r6, lr}
100009d6:	f3ef 8c10 	mrs	ip, PRIMASK
100009da:	b672      	cpsid	i
100009dc:	4d0d      	ldr	r5, [pc, #52]	@ (10000a14 <hw_claim_or_assert+0x40>)
100009de:	682b      	ldr	r3, [r5, #0]
100009e0:	2b00      	cmp	r3, #0
100009e2:	d0fc      	beq.n	100009de <hw_claim_or_assert+0xa>
100009e4:	f3bf 8f5f 	dmb	sy
100009e8:	2407      	movs	r4, #7
100009ea:	08cb      	lsrs	r3, r1, #3
100009ec:	18c6      	adds	r6, r0, r3
100009ee:	5cc0      	ldrb	r0, [r0, r3]
100009f0:	2301      	movs	r3, #1
100009f2:	400c      	ands	r4, r1
100009f4:	40a3      	lsls	r3, r4
100009f6:	001c      	movs	r4, r3
100009f8:	4004      	ands	r4, r0
100009fa:	4203      	tst	r3, r0
100009fc:	d107      	bne.n	10000a0e <hw_claim_or_assert+0x3a>
100009fe:	4318      	orrs	r0, r3
10000a00:	7030      	strb	r0, [r6, #0]
10000a02:	f3bf 8f5f 	dmb	sy
10000a06:	602c      	str	r4, [r5, #0]
10000a08:	f38c 8810 	msr	PRIMASK, ip
10000a0c:	bd70      	pop	{r4, r5, r6, pc}
10000a0e:	0010      	movs	r0, r2
10000a10:	f7ff ffb2 	bl	10000978 <panic>
10000a14:	d000012c 	.word	0xd000012c

10000a18 <hw_claim_unused_from_range>:
10000a18:	b5f8      	push	{r3, r4, r5, r6, r7, lr}
10000a1a:	4647      	mov	r7, r8
10000a1c:	46ce      	mov	lr, r9
10000a1e:	4688      	mov	r8, r1
10000a20:	b580      	push	{r7, lr}
10000a22:	f3ef 8c10 	mrs	ip, PRIMASK
10000a26:	b672      	cpsid	i
10000a28:	4d1c      	ldr	r5, [pc, #112]	@ (10000a9c <hw_claim_unused_from_range+0x84>)
10000a2a:	682c      	ldr	r4, [r5, #0]
10000a2c:	2c00      	cmp	r4, #0
10000a2e:	d0fc      	beq.n	10000a2a <hw_claim_unused_from_range+0x12>
10000a30:	f3bf 8f5f 	dmb	sy
10000a34:	429a      	cmp	r2, r3
10000a36:	d822      	bhi.n	10000a7e <hw_claim_unused_from_range+0x66>
10000a38:	2107      	movs	r1, #7
10000a3a:	2601      	movs	r6, #1
10000a3c:	4689      	mov	r9, r1
10000a3e:	e002      	b.n	10000a46 <hw_claim_unused_from_range+0x2e>
10000a40:	3201      	adds	r2, #1
10000a42:	4293      	cmp	r3, r2
10000a44:	d318      	bcc.n	10000a78 <hw_claim_unused_from_range+0x60>
10000a46:	464d      	mov	r5, r9
10000a48:	0037      	movs	r7, r6
10000a4a:	4015      	ands	r5, r2
10000a4c:	40af      	lsls	r7, r5
10000a4e:	08d4      	lsrs	r4, r2, #3
10000a50:	1901      	adds	r1, r0, r4
10000a52:	5d04      	ldrb	r4, [r0, r4]
10000a54:	4227      	tst	r7, r4
10000a56:	d1f3      	bne.n	10000a40 <hw_claim_unused_from_range+0x28>
10000a58:	0010      	movs	r0, r2
10000a5a:	433c      	orrs	r4, r7
10000a5c:	700c      	strb	r4, [r1, #0]
10000a5e:	f3bf 8f5f 	dmb	sy
10000a62:	2200      	movs	r2, #0
10000a64:	4b0d      	ldr	r3, [pc, #52]	@ (10000a9c <hw_claim_unused_from_range+0x84>)
10000a66:	601a      	str	r2, [r3, #0]
10000a68:	f38c 8810 	msr	PRIMASK, ip
10000a6c:	2800      	cmp	r0, #0
10000a6e:	db0e      	blt.n	10000a8e <hw_claim_unused_from_range+0x76>
10000a70:	bcc0      	pop	{r6, r7}
10000a72:	46b9      	mov	r9, r7
10000a74:	46b0      	mov	r8, r6
10000a76:	bdf8      	pop	{r3, r4, r5, r6, r7, pc}
10000a78:	2001      	movs	r0, #1
10000a7a:	4240      	negs	r0, r0
10000a7c:	e7ef      	b.n	10000a5e <hw_claim_unused_from_range+0x46>
10000a7e:	f3bf 8f5f 	dmb	sy
10000a82:	2300      	movs	r3, #0
10000a84:	602b      	str	r3, [r5, #0]
10000a86:	f38c 8810 	msr	PRIMASK, ip
10000a8a:	2001      	movs	r0, #1
10000a8c:	4240      	negs	r0, r0
10000a8e:	4643      	mov	r3, r8
10000a90:	2b00      	cmp	r3, #0
10000a92:	d0ed      	beq.n	10000a70 <hw_claim_unused_from_range+0x58>
10000a94:	9808      	ldr	r0, [sp, #32]
10000a96:	f7ff ff6f 	bl	10000978 <panic>
10000a9a:	46c0      	nop			@ (mov r8, r8)
10000a9c:	d000012c 	.word	0xd000012c

10000aa0 <next_striped_spin_lock_num>:
10000aa0:	4a04      	ldr	r2, [pc, #16]	@ (10000ab4 <next_striped_spin_lock_num+0x14>)
10000aa2:	7810      	ldrb	r0, [r2, #0]
10000aa4:	1c43      	adds	r3, r0, #1
10000aa6:	b2db      	uxtb	r3, r3
10000aa8:	2b17      	cmp	r3, #23
10000aaa:	d900      	bls.n	10000aae <next_striped_spin_lock_num+0xe>
10000aac:	2310      	movs	r3, #16
10000aae:	7013      	strb	r3, [r2, #0]
10000ab0:	4770      	bx	lr
10000ab2:	46c0      	nop			@ (mov r8, r8)
10000ab4:	20001048 	.word	0x20001048

10000ab8 <spin_lock_claim_unused>:
10000ab8:	b510      	push	{r4, lr}
10000aba:	4b06      	ldr	r3, [pc, #24]	@ (10000ad4 <spin_lock_claim_unused+0x1c>)
10000abc:	4c06      	ldr	r4, [pc, #24]	@ (10000ad8 <spin_lock_claim_unused+0x20>)
10000abe:	b082      	sub	sp, #8
10000ac0:	0001      	movs	r1, r0
10000ac2:	9300      	str	r3, [sp, #0]
10000ac4:	2218      	movs	r2, #24
10000ac6:	231f      	movs	r3, #31
10000ac8:	0020      	movs	r0, r4
10000aca:	f7ff ffa5 	bl	10000a18 <hw_claim_unused_from_range>
10000ace:	b002      	add	sp, #8
10000ad0:	bd10      	pop	{r4, pc}
10000ad2:	46c0      	nop			@ (mov r8, r8)
10000ad4:	10007994 	.word	0x10007994
10000ad8:	20001d40 	.word	0x20001d40

10000adc <spin_locks_reset>:
10000adc:	2100      	movs	r1, #0
10000ade:	4b04      	ldr	r3, [pc, #16]	@ (10000af0 <spin_locks_reset+0x14>)
10000ae0:	4a04      	ldr	r2, [pc, #16]	@ (10000af4 <spin_locks_reset+0x18>)
10000ae2:	f3bf 8f5f 	dmb	sy
10000ae6:	c302      	stmia	r3!, {r1}
10000ae8:	4293      	cmp	r3, r2
10000aea:	d1fa      	bne.n	10000ae2 <spin_locks_reset+0x6>
10000aec:	4770      	bx	lr
10000aee:	46c0      	nop			@ (mov r8, r8)
10000af0:	d0000100 	.word	0xd0000100
10000af4:	d0000180 	.word	0xd0000180

10000af8 <runtime_init_per_core_irq_priorities>:
10000af8:	4b05      	ldr	r3, [pc, #20]	@ (10000b10 <runtime_init_per_core_irq_priorities+0x18>)
10000afa:	4a06      	ldr	r2, [pc, #24]	@ (10000b14 <runtime_init_per_core_irq_priorities+0x1c>)
10000afc:	6013      	str	r3, [r2, #0]
10000afe:	4a06      	ldr	r2, [pc, #24]	@ (10000b18 <runtime_init_per_core_irq_priorities+0x20>)
10000b00:	6013      	str	r3, [r2, #0]
10000b02:	6053      	str	r3, [r2, #4]
10000b04:	6093      	str	r3, [r2, #8]
10000b06:	60d3      	str	r3, [r2, #12]
10000b08:	6113      	str	r3, [r2, #16]
10000b0a:	6153      	str	r3, [r2, #20]
10000b0c:	6193      	str	r3, [r2, #24]
10000b0e:	4770      	bx	lr
10000b10:	80808080 	.word	0x80808080
10000b14:	e000e400 	.word	0xe000e400
10000b18:	e000e404 	.word	0xe000e404

10000b1c <irq_set_enabled>:
10000b1c:	231f      	movs	r3, #31
10000b1e:	4018      	ands	r0, r3
10000b20:	3b1e      	subs	r3, #30
10000b22:	4083      	lsls	r3, r0
10000b24:	2900      	cmp	r1, #0
10000b26:	d005      	beq.n	10000b34 <irq_set_enabled+0x18>
10000b28:	21c0      	movs	r1, #192	@ 0xc0
10000b2a:	4a04      	ldr	r2, [pc, #16]	@ (10000b3c <irq_set_enabled+0x20>)
10000b2c:	0049      	lsls	r1, r1, #1
10000b2e:	5053      	str	r3, [r2, r1]
10000b30:	6013      	str	r3, [r2, #0]
10000b32:	4770      	bx	lr
10000b34:	2280      	movs	r2, #128	@ 0x80
10000b36:	4901      	ldr	r1, [pc, #4]	@ (10000b3c <irq_set_enabled+0x20>)
10000b38:	508b      	str	r3, [r1, r2]
10000b3a:	e7fa      	b.n	10000b32 <irq_set_enabled+0x16>
10000b3c:	e000e100 	.word	0xe000e100

10000b40 <irq_is_enabled>:
10000b40:	2201      	movs	r2, #1
10000b42:	4082      	lsls	r2, r0
10000b44:	4b03      	ldr	r3, [pc, #12]	@ (10000b54 <irq_is_enabled+0x14>)
10000b46:	681b      	ldr	r3, [r3, #0]
10000b48:	4013      	ands	r3, r2
10000b4a:	1e5a      	subs	r2, r3, #1
10000b4c:	4193      	sbcs	r3, r2
10000b4e:	b2d8      	uxtb	r0, r3
10000b50:	4770      	bx	lr
10000b52:	46c0      	nop			@ (mov r8, r8)
10000b54:	e000e100 	.word	0xe000e100

10000b58 <irq_set_pending>:
10000b58:	2301      	movs	r3, #1
10000b5a:	4083      	lsls	r3, r0
10000b5c:	4a01      	ldr	r2, [pc, #4]	@ (10000b64 <irq_set_pending+0xc>)
10000b5e:	6013      	str	r3, [r2, #0]
10000b60:	4770      	bx	lr
10000b62:	46c0      	nop			@ (mov r8, r8)
10000b64:	e000e200 	.word	0xe000e200

10000b68 <irq_has_shared_handler>:
10000b68:	4b06      	ldr	r3, [pc, #24]	@ (10000b84 <irq_has_shared_handler+0x1c>)
10000b6a:	3010      	adds	r0, #16
10000b6c:	689b      	ldr	r3, [r3, #8]
10000b6e:	0080      	lsls	r0, r0, #2
10000b70:	58c3      	ldr	r3, [r0, r3]
10000b72:	4a05      	ldr	r2, [pc, #20]	@ (10000b88 <irq_has_shared_handler+0x20>)
10000b74:	2000      	movs	r0, #0
10000b76:	1a9b      	subs	r3, r3, r2
10000b78:	222f      	movs	r2, #47	@ 0x2f
10000b7a:	429a      	cmp	r2, r3
10000b7c:	4140      	adcs	r0, r0
10000b7e:	b2c0      	uxtb	r0, r0
10000b80:	4770      	bx	lr
10000b82:	46c0      	nop			@ (mov r8, r8)
10000b84:	e000ed00 	.word	0xe000ed00
10000b88:	2000104c 	.word	0x2000104c

10000b8c <irq_set_exclusive_handler>:
10000b8c:	b570      	push	{r4, r5, r6, lr}
10000b8e:	000d      	movs	r5, r1
10000b90:	f3ef 8610 	mrs	r6, PRIMASK
10000b94:	b672      	cpsid	i
10000b96:	4a0f      	ldr	r2, [pc, #60]	@ (10000bd4 <irq_set_exclusive_handler+0x48>)
10000b98:	6813      	ldr	r3, [r2, #0]
10000b9a:	2b00      	cmp	r3, #0
10000b9c:	d0fc      	beq.n	10000b98 <irq_set_exclusive_handler+0xc>
10000b9e:	f3bf 8f5f 	dmb	sy
10000ba2:	4b0d      	ldr	r3, [pc, #52]	@ (10000bd8 <irq_set_exclusive_handler+0x4c>)
10000ba4:	3010      	adds	r0, #16
10000ba6:	689b      	ldr	r3, [r3, #8]
10000ba8:	0084      	lsls	r4, r0, #2
10000baa:	591b      	ldr	r3, [r3, r4]
10000bac:	4a0b      	ldr	r2, [pc, #44]	@ (10000bdc <irq_set_exclusive_handler+0x50>)
10000bae:	4293      	cmp	r3, r2
10000bb0:	d003      	beq.n	10000bba <irq_set_exclusive_handler+0x2e>
10000bb2:	429d      	cmp	r5, r3
10000bb4:	d001      	beq.n	10000bba <irq_set_exclusive_handler+0x2e>
10000bb6:	f001 f92b 	bl	10001e10 <hard_assertion_failure>
10000bba:	4b07      	ldr	r3, [pc, #28]	@ (10000bd8 <irq_set_exclusive_handler+0x4c>)
10000bbc:	689b      	ldr	r3, [r3, #8]
10000bbe:	511d      	str	r5, [r3, r4]
10000bc0:	f3bf 8f5f 	dmb	sy
10000bc4:	f3bf 8f5f 	dmb	sy
10000bc8:	2200      	movs	r2, #0
10000bca:	4b02      	ldr	r3, [pc, #8]	@ (10000bd4 <irq_set_exclusive_handler+0x48>)
10000bcc:	601a      	str	r2, [r3, #0]
10000bce:	f386 8810 	msr	PRIMASK, r6
10000bd2:	bd70      	pop	{r4, r5, r6, pc}
10000bd4:	d0000124 	.word	0xd0000124
10000bd8:	e000ed00 	.word	0xe000ed00
10000bdc:	100001c1 	.word	0x100001c1

10000be0 <irq_add_shared_handler>:
10000be0:	b5f0      	push	{r4, r5, r6, r7, lr}
10000be2:	4657      	mov	r7, sl
10000be4:	464e      	mov	r6, r9
10000be6:	46de      	mov	lr, fp
10000be8:	4645      	mov	r5, r8
10000bea:	b5e0      	push	{r5, r6, r7, lr}
10000bec:	b085      	sub	sp, #20
10000bee:	0006      	movs	r6, r0
10000bf0:	9100      	str	r1, [sp, #0]
10000bf2:	0017      	movs	r7, r2
10000bf4:	f3ef 8b10 	mrs	fp, PRIMASK
10000bf8:	b672      	cpsid	i
10000bfa:	4a6a      	ldr	r2, [pc, #424]	@ (10000da4 <irq_add_shared_handler+0x1c4>)
10000bfc:	6813      	ldr	r3, [r2, #0]
10000bfe:	2b00      	cmp	r3, #0
10000c00:	d0fc      	beq.n	10000bfc <irq_add_shared_handler+0x1c>
10000c02:	f3bf 8f5f 	dmb	sy
10000c06:	2500      	movs	r5, #0
10000c08:	4b67      	ldr	r3, [pc, #412]	@ (10000da8 <irq_add_shared_handler+0x1c8>)
10000c0a:	575d      	ldrsb	r5, [r3, r5]
10000c0c:	469a      	mov	sl, r3
10000c0e:	2d00      	cmp	r5, #0
10000c10:	da00      	bge.n	10000c14 <irq_add_shared_handler+0x34>
10000c12:	e0a9      	b.n	10000d68 <irq_add_shared_handler+0x188>
10000c14:	006b      	lsls	r3, r5, #1
10000c16:	4c65      	ldr	r4, [pc, #404]	@ (10000dac <irq_add_shared_handler+0x1cc>)
10000c18:	9301      	str	r3, [sp, #4]
10000c1a:	195b      	adds	r3, r3, r5
10000c1c:	009b      	lsls	r3, r3, #2
10000c1e:	4698      	mov	r8, r3
10000c20:	46a1      	mov	r9, r4
10000c22:	44c1      	add	r9, r8
10000c24:	464b      	mov	r3, r9
10000c26:	4652      	mov	r2, sl
10000c28:	799b      	ldrb	r3, [r3, #6]
10000c2a:	3610      	adds	r6, #16
10000c2c:	7013      	strb	r3, [r2, #0]
10000c2e:	4b60      	ldr	r3, [pc, #384]	@ (10000db0 <irq_add_shared_handler+0x1d0>)
10000c30:	00b6      	lsls	r6, r6, #2
10000c32:	689b      	ldr	r3, [r3, #8]
10000c34:	5999      	ldr	r1, [r3, r6]
10000c36:	1b0b      	subs	r3, r1, r4
10000c38:	2b2f      	cmp	r3, #47	@ 0x2f
10000c3a:	d933      	bls.n	10000ca4 <irq_add_shared_handler+0xc4>
10000c3c:	4b5d      	ldr	r3, [pc, #372]	@ (10000db4 <irq_add_shared_handler+0x1d4>)
10000c3e:	4299      	cmp	r1, r3
10000c40:	d000      	beq.n	10000c44 <irq_add_shared_handler+0x64>
10000c42:	e0ac      	b.n	10000d9e <irq_add_shared_handler+0x1be>
10000c44:	9b01      	ldr	r3, [sp, #4]
10000c46:	4642      	mov	r2, r8
10000c48:	469c      	mov	ip, r3
10000c4a:	4b5b      	ldr	r3, [pc, #364]	@ (10000db8 <irq_add_shared_handler+0x1d8>)
10000c4c:	4465      	add	r5, ip
10000c4e:	00ad      	lsls	r5, r5, #2
10000c50:	5363      	strh	r3, [r4, r5]
10000c52:	4b5a      	ldr	r3, [pc, #360]	@ (10000dbc <irq_add_shared_handler+0x1dc>)
10000c54:	3202      	adds	r2, #2
10000c56:	18a2      	adds	r2, r4, r2
10000c58:	3b04      	subs	r3, #4
10000c5a:	1a9b      	subs	r3, r3, r2
10000c5c:	051b      	lsls	r3, r3, #20
10000c5e:	4a58      	ldr	r2, [pc, #352]	@ (10000dc0 <irq_add_shared_handler+0x1e0>)
10000c60:	0d5b      	lsrs	r3, r3, #21
10000c62:	1965      	adds	r5, r4, r5
10000c64:	4313      	orrs	r3, r2
10000c66:	806b      	strh	r3, [r5, #2]
10000c68:	4b56      	ldr	r3, [pc, #344]	@ (10000dc4 <irq_add_shared_handler+0x1e4>)
10000c6a:	2101      	movs	r1, #1
10000c6c:	80ab      	strh	r3, [r5, #4]
10000c6e:	23ff      	movs	r3, #255	@ 0xff
10000c70:	71ab      	strb	r3, [r5, #6]
10000c72:	9b00      	ldr	r3, [sp, #0]
10000c74:	71ef      	strb	r7, [r5, #7]
10000c76:	60ab      	str	r3, [r5, #8]
10000c78:	464b      	mov	r3, r9
10000c7a:	430b      	orrs	r3, r1
10000c7c:	0019      	movs	r1, r3
10000c7e:	4b4c      	ldr	r3, [pc, #304]	@ (10000db0 <irq_add_shared_handler+0x1d0>)
10000c80:	689b      	ldr	r3, [r3, #8]
10000c82:	5199      	str	r1, [r3, r6]
10000c84:	f3bf 8f5f 	dmb	sy
10000c88:	f3bf 8f5f 	dmb	sy
10000c8c:	2200      	movs	r2, #0
10000c8e:	4b45      	ldr	r3, [pc, #276]	@ (10000da4 <irq_add_shared_handler+0x1c4>)
10000c90:	601a      	str	r2, [r3, #0]
10000c92:	f38b 8810 	msr	PRIMASK, fp
10000c96:	b005      	add	sp, #20
10000c98:	bcf0      	pop	{r4, r5, r6, r7}
10000c9a:	46bb      	mov	fp, r7
10000c9c:	46b2      	mov	sl, r6
10000c9e:	46a9      	mov	r9, r5
10000ca0:	46a0      	mov	r8, r4
10000ca2:	bdf0      	pop	{r4, r5, r6, r7, pc}
10000ca4:	2001      	movs	r0, #1
10000ca6:	000a      	movs	r2, r1
10000ca8:	4382      	bics	r2, r0
10000caa:	79d3      	ldrb	r3, [r2, #7]
10000cac:	468c      	mov	ip, r1
10000cae:	42bb      	cmp	r3, r7
10000cb0:	d831      	bhi.n	10000d16 <irq_add_shared_handler+0x136>
10000cb2:	4645      	mov	r5, r8
10000cb4:	0013      	movs	r3, r2
10000cb6:	4944      	ldr	r1, [pc, #272]	@ (10000dc8 <irq_add_shared_handler+0x1e8>)
10000cb8:	1b1b      	subs	r3, r3, r4
10000cba:	415b      	adcs	r3, r3
10000cbc:	4359      	muls	r1, r3
10000cbe:	0d09      	lsrs	r1, r1, #20
10000cc0:	4b3d      	ldr	r3, [pc, #244]	@ (10000db8 <irq_add_shared_handler+0x1d8>)
10000cc2:	5363      	strh	r3, [r4, r5]
10000cc4:	4b3d      	ldr	r3, [pc, #244]	@ (10000dbc <irq_add_shared_handler+0x1dc>)
10000cc6:	3502      	adds	r5, #2
10000cc8:	1965      	adds	r5, r4, r5
10000cca:	3b04      	subs	r3, #4
10000ccc:	1b5b      	subs	r3, r3, r5
10000cce:	051b      	lsls	r3, r3, #20
10000cd0:	4d3b      	ldr	r5, [pc, #236]	@ (10000dc0 <irq_add_shared_handler+0x1e0>)
10000cd2:	0d5b      	lsrs	r3, r3, #21
10000cd4:	432b      	orrs	r3, r5
10000cd6:	46aa      	mov	sl, r5
10000cd8:	464d      	mov	r5, r9
10000cda:	806b      	strh	r3, [r5, #2]
10000cdc:	2504      	movs	r5, #4
10000cde:	46ac      	mov	ip, r5
10000ce0:	4655      	mov	r5, sl
10000ce2:	44e0      	add	r8, ip
10000ce4:	1f13      	subs	r3, r2, #4
10000ce6:	4444      	add	r4, r8
10000ce8:	1b1b      	subs	r3, r3, r4
10000cea:	051b      	lsls	r3, r3, #20
10000cec:	0d5b      	lsrs	r3, r3, #21
10000cee:	431d      	orrs	r5, r3
10000cf0:	464b      	mov	r3, r9
10000cf2:	7199      	strb	r1, [r3, #6]
10000cf4:	9900      	ldr	r1, [sp, #0]
10000cf6:	809d      	strh	r5, [r3, #4]
10000cf8:	6099      	str	r1, [r3, #8]
10000cfa:	4649      	mov	r1, r9
10000cfc:	71df      	strb	r7, [r3, #7]
10000cfe:	4b33      	ldr	r3, [pc, #204]	@ (10000dcc <irq_add_shared_handler+0x1ec>)
10000d00:	4301      	orrs	r1, r0
10000d02:	6013      	str	r3, [r2, #0]
10000d04:	e7bb      	b.n	10000c7e <irq_add_shared_handler+0x9e>
10000d06:	0058      	lsls	r0, r3, #1
10000d08:	18c0      	adds	r0, r0, r3
10000d0a:	0080      	lsls	r0, r0, #2
10000d0c:	1820      	adds	r0, r4, r0
10000d0e:	79c1      	ldrb	r1, [r0, #7]
10000d10:	42b9      	cmp	r1, r7
10000d12:	d92f      	bls.n	10000d74 <irq_add_shared_handler+0x194>
10000d14:	0002      	movs	r2, r0
10000d16:	2306      	movs	r3, #6
10000d18:	56d3      	ldrsb	r3, [r2, r3]
10000d1a:	2b00      	cmp	r3, #0
10000d1c:	daf3      	bge.n	10000d06 <irq_add_shared_handler+0x126>
10000d1e:	9302      	str	r3, [sp, #8]
10000d20:	4b2b      	ldr	r3, [pc, #172]	@ (10000dd0 <irq_add_shared_handler+0x1f0>)
10000d22:	4661      	mov	r1, ip
10000d24:	9303      	str	r3, [sp, #12]
10000d26:	1d13      	adds	r3, r2, #4
10000d28:	469a      	mov	sl, r3
10000d2a:	2304      	movs	r3, #4
10000d2c:	425b      	negs	r3, r3
10000d2e:	469c      	mov	ip, r3
10000d30:	44e1      	add	r9, ip
10000d32:	4650      	mov	r0, sl
10000d34:	464b      	mov	r3, r9
10000d36:	1a1b      	subs	r3, r3, r0
10000d38:	051b      	lsls	r3, r3, #20
10000d3a:	0d5b      	lsrs	r3, r3, #21
10000d3c:	469c      	mov	ip, r3
10000d3e:	4b20      	ldr	r3, [pc, #128]	@ (10000dc0 <irq_add_shared_handler+0x1e0>)
10000d40:	7195      	strb	r5, [r2, #6]
10000d42:	4698      	mov	r8, r3
10000d44:	4663      	mov	r3, ip
10000d46:	4640      	mov	r0, r8
10000d48:	4303      	orrs	r3, r0
10000d4a:	8093      	strh	r3, [r2, #4]
10000d4c:	9b01      	ldr	r3, [sp, #4]
10000d4e:	195a      	adds	r2, r3, r5
10000d50:	0092      	lsls	r2, r2, #2
10000d52:	9b03      	ldr	r3, [sp, #12]
10000d54:	18a4      	adds	r4, r4, r2
10000d56:	80a3      	strh	r3, [r4, #4]
10000d58:	9b02      	ldr	r3, [sp, #8]
10000d5a:	4a1c      	ldr	r2, [pc, #112]	@ (10000dcc <irq_add_shared_handler+0x1ec>)
10000d5c:	71a3      	strb	r3, [r4, #6]
10000d5e:	9b00      	ldr	r3, [sp, #0]
10000d60:	6022      	str	r2, [r4, #0]
10000d62:	71e7      	strb	r7, [r4, #7]
10000d64:	60a3      	str	r3, [r4, #8]
10000d66:	e78a      	b.n	10000c7e <irq_add_shared_handler+0x9e>
10000d68:	f001 f852 	bl	10001e10 <hard_assertion_failure>
10000d6c:	2500      	movs	r5, #0
10000d6e:	4653      	mov	r3, sl
10000d70:	575d      	ldrsb	r5, [r3, r5]
10000d72:	e74f      	b.n	10000c14 <irq_add_shared_handler+0x34>
10000d74:	8890      	ldrh	r0, [r2, #4]
10000d76:	9302      	str	r3, [sp, #8]
10000d78:	0540      	lsls	r0, r0, #21
10000d7a:	1d13      	adds	r3, r2, #4
10000d7c:	469a      	mov	sl, r3
10000d7e:	1503      	asrs	r3, r0, #20
10000d80:	4661      	mov	r1, ip
10000d82:	469c      	mov	ip, r3
10000d84:	4640      	mov	r0, r8
10000d86:	44d4      	add	ip, sl
10000d88:	4663      	mov	r3, ip
10000d8a:	3004      	adds	r0, #4
10000d8c:	1820      	adds	r0, r4, r0
10000d8e:	1a18      	subs	r0, r3, r0
10000d90:	23e0      	movs	r3, #224	@ 0xe0
10000d92:	0500      	lsls	r0, r0, #20
10000d94:	0d40      	lsrs	r0, r0, #21
10000d96:	021b      	lsls	r3, r3, #8
10000d98:	4318      	orrs	r0, r3
10000d9a:	9003      	str	r0, [sp, #12]
10000d9c:	e7c5      	b.n	10000d2a <irq_add_shared_handler+0x14a>
10000d9e:	f001 f837 	bl	10001e10 <hard_assertion_failure>
10000da2:	e74f      	b.n	10000c44 <irq_add_shared_handler+0x64>
10000da4:	d0000124 	.word	0xd0000124
10000da8:	20002214 	.word	0x20002214
10000dac:	2000104c 	.word	0x2000104c
10000db0:	e000ed00 	.word	0xe000ed00
10000db4:	100001c1 	.word	0x100001c1
10000db8:	ffffa100 	.word	0xffffa100
10000dbc:	2000107c 	.word	0x2000107c
10000dc0:	ffffe000 	.word	0xffffe000
10000dc4:	ffffbd01 	.word	0xffffbd01
10000dc8:	0000aaaa 	.word	0x0000aaaa
10000dcc:	47804801 	.word	0x47804801
10000dd0:	0000bd01 	.word	0x0000bd01

10000dd4 <irq_add_tail_to_free_list>:
10000dd4:	b570      	push	{r4, r5, r6, lr}
10000dd6:	2401      	movs	r4, #1
10000dd8:	4304      	orrs	r4, r0
10000dda:	f3ef 8105 	mrs	r1, IPSR
10000dde:	f3ef 8c10 	mrs	ip, PRIMASK
10000de2:	b672      	cpsid	i
10000de4:	4a21      	ldr	r2, [pc, #132]	@ (10000e6c <irq_add_tail_to_free_list+0x98>)
10000de6:	6813      	ldr	r3, [r2, #0]
10000de8:	2b00      	cmp	r3, #0
10000dea:	d0fc      	beq.n	10000de6 <irq_add_tail_to_free_list+0x12>
10000dec:	f3bf 8f5f 	dmb	sy
10000df0:	4b1f      	ldr	r3, [pc, #124]	@ (10000e70 <irq_add_tail_to_free_list+0x9c>)
10000df2:	0005      	movs	r5, r0
10000df4:	4a1f      	ldr	r2, [pc, #124]	@ (10000e74 <irq_add_tail_to_free_list+0xa0>)
10000df6:	1aed      	subs	r5, r5, r3
10000df8:	416d      	adcs	r5, r5
10000dfa:	436a      	muls	r2, r5
10000dfc:	0d12      	lsrs	r2, r2, #20
10000dfe:	4d1e      	ldr	r5, [pc, #120]	@ (10000e78 <irq_add_tail_to_free_list+0xa4>)
10000e00:	0089      	lsls	r1, r1, #2
10000e02:	68ae      	ldr	r6, [r5, #8]
10000e04:	b252      	sxtb	r2, r2
10000e06:	5876      	ldr	r6, [r6, r1]
10000e08:	42a6      	cmp	r6, r4
10000e0a:	d01c      	beq.n	10000e46 <irq_add_tail_to_free_list+0x72>
10000e0c:	2106      	movs	r1, #6
10000e0e:	5659      	ldrsb	r1, [r3, r1]
10000e10:	4291      	cmp	r1, r2
10000e12:	d01c      	beq.n	10000e4e <irq_add_tail_to_free_list+0x7a>
10000e14:	2112      	movs	r1, #18
10000e16:	5659      	ldrsb	r1, [r3, r1]
10000e18:	4291      	cmp	r1, r2
10000e1a:	d022      	beq.n	10000e62 <irq_add_tail_to_free_list+0x8e>
10000e1c:	211e      	movs	r1, #30
10000e1e:	5659      	ldrsb	r1, [r3, r1]
10000e20:	4291      	cmp	r1, r2
10000e22:	d020      	beq.n	10000e66 <irq_add_tail_to_free_list+0x92>
10000e24:	212a      	movs	r1, #42	@ 0x2a
10000e26:	5659      	ldrsb	r1, [r3, r1]
10000e28:	2403      	movs	r4, #3
10000e2a:	4291      	cmp	r1, r2
10000e2c:	d010      	beq.n	10000e50 <irq_add_tail_to_free_list+0x7c>
10000e2e:	4b13      	ldr	r3, [pc, #76]	@ (10000e7c <irq_add_tail_to_free_list+0xa8>)
10000e30:	7819      	ldrb	r1, [r3, #0]
10000e32:	701a      	strb	r2, [r3, #0]
10000e34:	7181      	strb	r1, [r0, #6]
10000e36:	f3bf 8f5f 	dmb	sy
10000e3a:	2200      	movs	r2, #0
10000e3c:	4b0b      	ldr	r3, [pc, #44]	@ (10000e6c <irq_add_tail_to_free_list+0x98>)
10000e3e:	601a      	str	r2, [r3, #0]
10000e40:	f38c 8810 	msr	PRIMASK, ip
10000e44:	bd70      	pop	{r4, r5, r6, pc}
10000e46:	68ab      	ldr	r3, [r5, #8]
10000e48:	4c0d      	ldr	r4, [pc, #52]	@ (10000e80 <irq_add_tail_to_free_list+0xac>)
10000e4a:	505c      	str	r4, [r3, r1]
10000e4c:	e7ef      	b.n	10000e2e <irq_add_tail_to_free_list+0x5a>
10000e4e:	2400      	movs	r4, #0
10000e50:	0061      	lsls	r1, r4, #1
10000e52:	1909      	adds	r1, r1, r4
10000e54:	0089      	lsls	r1, r1, #2
10000e56:	185b      	adds	r3, r3, r1
10000e58:	21ff      	movs	r1, #255	@ 0xff
10000e5a:	7199      	strb	r1, [r3, #6]
10000e5c:	4909      	ldr	r1, [pc, #36]	@ (10000e84 <irq_add_tail_to_free_list+0xb0>)
10000e5e:	8099      	strh	r1, [r3, #4]
10000e60:	e7e5      	b.n	10000e2e <irq_add_tail_to_free_list+0x5a>
10000e62:	2401      	movs	r4, #1
10000e64:	e7f4      	b.n	10000e50 <irq_add_tail_to_free_list+0x7c>
10000e66:	2402      	movs	r4, #2
10000e68:	e7f2      	b.n	10000e50 <irq_add_tail_to_free_list+0x7c>
10000e6a:	46c0      	nop			@ (mov r8, r8)
10000e6c:	d0000124 	.word	0xd0000124
10000e70:	2000104c 	.word	0x2000104c
10000e74:	0000aaaa 	.word	0x0000aaaa
10000e78:	e000ed00 	.word	0xe000ed00
10000e7c:	20002214 	.word	0x20002214
10000e80:	100001c1 	.word	0x100001c1
10000e84:	ffffbd01 	.word	0xffffbd01

10000e88 <user_irq_claim_unused>:
10000e88:	b510      	push	{r4, lr}
10000e8a:	4b08      	ldr	r3, [pc, #32]	@ (10000eac <user_irq_claim_unused+0x24>)
10000e8c:	4c08      	ldr	r4, [pc, #32]	@ (10000eb0 <user_irq_claim_unused+0x28>)
10000e8e:	b082      	sub	sp, #8
10000e90:	0001      	movs	r1, r0
10000e92:	9300      	str	r3, [sp, #0]
10000e94:	2200      	movs	r2, #0
10000e96:	2305      	movs	r3, #5
10000e98:	0020      	movs	r0, r4
10000e9a:	f7ff fdbd 	bl	10000a18 <hw_claim_unused_from_range>
10000e9e:	2800      	cmp	r0, #0
10000ea0:	db01      	blt.n	10000ea6 <user_irq_claim_unused+0x1e>
10000ea2:	231f      	movs	r3, #31
10000ea4:	1a18      	subs	r0, r3, r0
10000ea6:	b002      	add	sp, #8
10000ea8:	bd10      	pop	{r4, pc}
10000eaa:	46c0      	nop			@ (mov r8, r8)
10000eac:	100079b0 	.word	0x100079b0
10000eb0:	2000221a 	.word	0x2000221a

10000eb4 <lock_init>:
10000eb4:	4b02      	ldr	r3, [pc, #8]	@ (10000ec0 <lock_init+0xc>)
10000eb6:	469c      	mov	ip, r3
10000eb8:	4461      	add	r1, ip
10000eba:	0089      	lsls	r1, r1, #2
10000ebc:	6001      	str	r1, [r0, #0]
10000ebe:	4770      	bx	lr
10000ec0:	34000040 	.word	0x34000040

10000ec4 <runtime_init_mutex>:
10000ec4:	b570      	push	{r4, r5, r6, lr}
10000ec6:	4c11      	ldr	r4, [pc, #68]	@ (10000f0c <runtime_init_mutex+0x48>)
10000ec8:	4d11      	ldr	r5, [pc, #68]	@ (10000f10 <runtime_init_mutex+0x4c>)
10000eca:	42ac      	cmp	r4, r5
10000ecc:	d20f      	bcs.n	10000eee <runtime_init_mutex+0x2a>
10000ece:	26ff      	movs	r6, #255	@ 0xff
10000ed0:	6823      	ldr	r3, [r4, #0]
10000ed2:	2b00      	cmp	r3, #0
10000ed4:	d00c      	beq.n	10000ef0 <runtime_init_mutex+0x2c>
10000ed6:	f7ff fde3 	bl	10000aa0 <next_striped_spin_lock_num>
10000eda:	0001      	movs	r1, r0
10000edc:	0020      	movs	r0, r4
10000ede:	f7ff ffe9 	bl	10000eb4 <lock_init>
10000ee2:	80a6      	strh	r6, [r4, #4]
10000ee4:	f3bf 8f5f 	dmb	sy
10000ee8:	3408      	adds	r4, #8
10000eea:	42ac      	cmp	r4, r5
10000eec:	d3f0      	bcc.n	10000ed0 <runtime_init_mutex+0xc>
10000eee:	bd70      	pop	{r4, r5, r6, pc}
10000ef0:	f7ff fdd6 	bl	10000aa0 <next_striped_spin_lock_num>
10000ef4:	0001      	movs	r1, r0
10000ef6:	0020      	movs	r0, r4
10000ef8:	f7ff ffdc 	bl	10000eb4 <lock_init>
10000efc:	7126      	strb	r6, [r4, #4]
10000efe:	f3bf 8f5f 	dmb	sy
10000f02:	3408      	adds	r4, #8
10000f04:	42ac      	cmp	r4, r5
10000f06:	d3e3      	bcc.n	10000ed0 <runtime_init_mutex+0xc>
10000f08:	e7f1      	b.n	10000eee <runtime_init_mutex+0x2a>
10000f0a:	46c0      	nop			@ (mov r8, r8)
10000f0c:	20001108 	.word	0x20001108
10000f10:	20001110 	.word	0x20001110

10000f14 <mutex_init>:
10000f14:	b510      	push	{r4, lr}
10000f16:	0004      	movs	r4, r0
10000f18:	f7ff fdc2 	bl	10000aa0 <next_striped_spin_lock_num>
10000f1c:	0001      	movs	r1, r0
10000f1e:	0020      	movs	r0, r4
10000f20:	f7ff ffc8 	bl	10000eb4 <lock_init>
10000f24:	23ff      	movs	r3, #255	@ 0xff
10000f26:	7123      	strb	r3, [r4, #4]
10000f28:	f3bf 8f5f 	dmb	sy
10000f2c:	bd10      	pop	{r4, pc}
10000f2e:	46c0      	nop			@ (mov r8, r8)

10000f30 <critical_section_init>:
10000f30:	b510      	push	{r4, lr}
10000f32:	0004      	movs	r4, r0
10000f34:	2001      	movs	r0, #1
10000f36:	f7ff fdbf 	bl	10000ab8 <spin_lock_claim_unused>
10000f3a:	4b03      	ldr	r3, [pc, #12]	@ (10000f48 <critical_section_init+0x18>)
10000f3c:	18c3      	adds	r3, r0, r3
10000f3e:	009b      	lsls	r3, r3, #2
10000f40:	6023      	str	r3, [r4, #0]
10000f42:	f3bf 8f5f 	dmb	sy
10000f46:	bd10      	pop	{r4, pc}
10000f48:	34000040 	.word	0x34000040

10000f4c <critical_section_init_with_lock_num>:
10000f4c:	4b03      	ldr	r3, [pc, #12]	@ (10000f5c <critical_section_init_with_lock_num+0x10>)
10000f4e:	469c      	mov	ip, r3
10000f50:	4461      	add	r1, ip
10000f52:	0089      	lsls	r1, r1, #2
10000f54:	6001      	str	r1, [r0, #0]
10000f56:	f3bf 8f5f 	dmb	sy
10000f5a:	4770      	bx	lr
10000f5c:	34000040 	.word	0x34000040

10000f60 <sleep_until_callback>:
10000f60:	4b0a      	ldr	r3, [pc, #40]	@ (10000f8c <sleep_until_callback+0x2c>)
10000f62:	6819      	ldr	r1, [r3, #0]
10000f64:	f3ef 8010 	mrs	r0, PRIMASK
10000f68:	b672      	cpsid	i
10000f6a:	680a      	ldr	r2, [r1, #0]
10000f6c:	2a00      	cmp	r2, #0
10000f6e:	d0fc      	beq.n	10000f6a <sleep_until_callback+0xa>
10000f70:	f3bf 8f5f 	dmb	sy
10000f74:	681b      	ldr	r3, [r3, #0]
10000f76:	f3bf 8f5f 	dmb	sy
10000f7a:	2200      	movs	r2, #0
10000f7c:	601a      	str	r2, [r3, #0]
10000f7e:	f380 8810 	msr	PRIMASK, r0
10000f82:	bf40      	sev
10000f84:	2000      	movs	r0, #0
10000f86:	2100      	movs	r1, #0
10000f88:	4770      	bx	lr
10000f8a:	46c0      	nop			@ (mov r8, r8)
10000f8c:	200021ec 	.word	0x200021ec

10000f90 <alarm_pool_irq_handler>:
10000f90:	b5f0      	push	{r4, r5, r6, r7, lr}
10000f92:	46de      	mov	lr, fp
10000f94:	4657      	mov	r7, sl
10000f96:	464e      	mov	r6, r9
10000f98:	4645      	mov	r5, r8
10000f9a:	b5e0      	push	{r5, r6, r7, lr}
10000f9c:	b087      	sub	sp, #28
10000f9e:	f3ef 8305 	mrs	r3, IPSR
10000fa2:	2203      	movs	r2, #3
10000fa4:	2501      	movs	r5, #1
10000fa6:	401a      	ands	r2, r3
10000fa8:	4095      	lsls	r5, r2
10000faa:	0091      	lsls	r1, r2, #2
10000fac:	4688      	mov	r8, r1
10000fae:	46a9      	mov	r9, r5
10000fb0:	4bb3      	ldr	r3, [pc, #716]	@ (10001280 <alarm_pool_irq_handler+0x2f0>)
10000fb2:	9203      	str	r2, [sp, #12]
10000fb4:	585c      	ldr	r4, [r3, r1]
10000fb6:	4bb3      	ldr	r3, [pc, #716]	@ (10001284 <alarm_pool_irq_handler+0x2f4>)
10000fb8:	601d      	str	r5, [r3, #0]
10000fba:	4bb3      	ldr	r3, [pc, #716]	@ (10001288 <alarm_pool_irq_handler+0x2f8>)
10000fbc:	9304      	str	r3, [sp, #16]
10000fbe:	464b      	mov	r3, r9
10000fc0:	48b2      	ldr	r0, [pc, #712]	@ (1000128c <alarm_pool_irq_handler+0x2fc>)
10000fc2:	6343      	str	r3, [r0, #52]	@ 0x34
10000fc4:	2308      	movs	r3, #8
10000fc6:	5ee5      	ldrsh	r5, [r4, r3]
10000fc8:	2d00      	cmp	r5, #0
10000fca:	da37      	bge.n	1000103c <alarm_pool_irq_handler+0xac>
10000fcc:	88a3      	ldrh	r3, [r4, #4]
10000fce:	b21b      	sxth	r3, r3
10000fd0:	2b00      	cmp	r3, #0
10000fd2:	db00      	blt.n	10000fd6 <alarm_pool_irq_handler+0x46>
10000fd4:	e0ad      	b.n	10001132 <alarm_pool_irq_handler+0x1a2>
10000fd6:	79a3      	ldrb	r3, [r4, #6]
10000fd8:	2b00      	cmp	r3, #0
10000fda:	d000      	beq.n	10000fde <alarm_pool_irq_handler+0x4e>
10000fdc:	e0ee      	b.n	100011bc <alarm_pool_irq_handler+0x22c>
10000fde:	2308      	movs	r3, #8
10000fe0:	5ee0      	ldrsh	r0, [r4, r3]
10000fe2:	2800      	cmp	r0, #0
10000fe4:	db20      	blt.n	10001028 <alarm_pool_irq_handler+0x98>
10000fe6:	0043      	lsls	r3, r0, #1
10000fe8:	6962      	ldr	r2, [r4, #20]
10000fea:	181b      	adds	r3, r3, r0
10000fec:	00db      	lsls	r3, r3, #3
10000fee:	18d3      	adds	r3, r2, r3
10000ff0:	689e      	ldr	r6, [r3, #8]
10000ff2:	68dd      	ldr	r5, [r3, #12]
10000ff4:	1c73      	adds	r3, r6, #1
10000ff6:	d100      	bne.n	10000ffa <alarm_pool_irq_handler+0x6a>
10000ff8:	e111      	b.n	1000121e <alarm_pool_irq_handler+0x28e>
10000ffa:	48a4      	ldr	r0, [pc, #656]	@ (1000128c <alarm_pool_irq_handler+0x2fc>)
10000ffc:	0001      	movs	r1, r0
10000ffe:	4441      	add	r1, r8
10001000:	6a82      	ldr	r2, [r0, #40]	@ 0x28
10001002:	690b      	ldr	r3, [r1, #16]
10001004:	1ab7      	subs	r7, r6, r2
10001006:	1a9b      	subs	r3, r3, r2
10001008:	429f      	cmp	r7, r3
1000100a:	d315      	bcc.n	10001038 <alarm_pool_irq_handler+0xa8>
1000100c:	2301      	movs	r3, #1
1000100e:	6a02      	ldr	r2, [r0, #32]
10001010:	9803      	ldr	r0, [sp, #12]
10001012:	4083      	lsls	r3, r0
10001014:	421a      	tst	r2, r3
10001016:	d00f      	beq.n	10001038 <alarm_pool_irq_handler+0xa8>
10001018:	489c      	ldr	r0, [pc, #624]	@ (1000128c <alarm_pool_irq_handler+0x2fc>)
1000101a:	f000 fbb5 	bl	10001788 <timer_time_us_64>
1000101e:	428d      	cmp	r5, r1
10001020:	dc02      	bgt.n	10001028 <alarm_pool_irq_handler+0x98>
10001022:	d1cc      	bne.n	10000fbe <alarm_pool_irq_handler+0x2e>
10001024:	4286      	cmp	r6, r0
10001026:	d9ca      	bls.n	10000fbe <alarm_pool_irq_handler+0x2e>
10001028:	bf40      	sev
1000102a:	b007      	add	sp, #28
1000102c:	bcf0      	pop	{r4, r5, r6, r7}
1000102e:	46bb      	mov	fp, r7
10001030:	46b2      	mov	sl, r6
10001032:	46a9      	mov	r9, r5
10001034:	46a0      	mov	r8, r4
10001036:	bdf0      	pop	{r4, r5, r6, r7, pc}
10001038:	610e      	str	r6, [r1, #16]
1000103a:	e7ed      	b.n	10001018 <alarm_pool_irq_handler+0x88>
1000103c:	6962      	ldr	r2, [r4, #20]
1000103e:	006b      	lsls	r3, r5, #1
10001040:	4692      	mov	sl, r2
10001042:	195b      	adds	r3, r3, r5
10001044:	00db      	lsls	r3, r3, #3
10001046:	449a      	add	sl, r3
10001048:	4653      	mov	r3, sl
1000104a:	689e      	ldr	r6, [r3, #8]
1000104c:	68df      	ldr	r7, [r3, #12]
1000104e:	f000 fb9b 	bl	10001788 <timer_time_us_64>
10001052:	428f      	cmp	r7, r1
10001054:	dcba      	bgt.n	10000fcc <alarm_pool_irq_handler+0x3c>
10001056:	d100      	bne.n	1000105a <alarm_pool_irq_handler+0xca>
10001058:	e103      	b.n	10001262 <alarm_pool_irq_handler+0x2d2>
1000105a:	2f00      	cmp	r7, #0
1000105c:	da00      	bge.n	10001060 <alarm_pool_irq_handler+0xd0>
1000105e:	e0e8      	b.n	10001232 <alarm_pool_irq_handler+0x2a2>
10001060:	4652      	mov	r2, sl
10001062:	4653      	mov	r3, sl
10001064:	6952      	ldr	r2, [r2, #20]
10001066:	691b      	ldr	r3, [r3, #16]
10001068:	4693      	mov	fp, r2
1000106a:	9a04      	ldr	r2, [sp, #16]
1000106c:	4293      	cmp	r3, r2
1000106e:	d100      	bne.n	10001072 <alarm_pool_irq_handler+0xe2>
10001070:	e0d9      	b.n	10001226 <alarm_pool_irq_handler+0x296>
10001072:	4652      	mov	r2, sl
10001074:	2108      	movs	r1, #8
10001076:	5e60      	ldrsh	r0, [r4, r1]
10001078:	8852      	ldrh	r2, [r2, #2]
1000107a:	0400      	lsls	r0, r0, #16
1000107c:	4659      	mov	r1, fp
1000107e:	4310      	orrs	r0, r2
10001080:	4798      	blx	r3
10001082:	9000      	str	r0, [sp, #0]
10001084:	9101      	str	r1, [sp, #4]
10001086:	9900      	ldr	r1, [sp, #0]
10001088:	9a01      	ldr	r2, [sp, #4]
1000108a:	000b      	movs	r3, r1
1000108c:	0010      	movs	r0, r2
1000108e:	4313      	orrs	r3, r2
10001090:	d100      	bne.n	10001094 <alarm_pool_irq_handler+0x104>
10001092:	e0ce      	b.n	10001232 <alarm_pool_irq_handler+0x2a2>
10001094:	0013      	movs	r3, r2
10001096:	000a      	movs	r2, r1
10001098:	1ab6      	subs	r6, r6, r2
1000109a:	419f      	sbcs	r7, r3
1000109c:	2800      	cmp	r0, #0
1000109e:	db06      	blt.n	100010ae <alarm_pool_irq_handler+0x11e>
100010a0:	487a      	ldr	r0, [pc, #488]	@ (1000128c <alarm_pool_irq_handler+0x2fc>)
100010a2:	f000 fb71 	bl	10001788 <timer_time_us_64>
100010a6:	9e00      	ldr	r6, [sp, #0]
100010a8:	9f01      	ldr	r7, [sp, #4]
100010aa:	1836      	adds	r6, r6, r0
100010ac:	414f      	adcs	r7, r1
100010ae:	4653      	mov	r3, sl
100010b0:	609e      	str	r6, [r3, #8]
100010b2:	60df      	str	r7, [r3, #12]
100010b4:	2200      	movs	r2, #0
100010b6:	5e9a      	ldrsh	r2, [r3, r2]
100010b8:	2a00      	cmp	r2, #0
100010ba:	da00      	bge.n	100010be <alarm_pool_irq_handler+0x12e>
100010bc:	e786      	b.n	10000fcc <alarm_pool_irq_handler+0x3c>
100010be:	0053      	lsls	r3, r2, #1
100010c0:	1899      	adds	r1, r3, r2
100010c2:	6960      	ldr	r0, [r4, #20]
100010c4:	00c9      	lsls	r1, r1, #3
100010c6:	1841      	adds	r1, r0, r1
100010c8:	9302      	str	r3, [sp, #8]
100010ca:	688b      	ldr	r3, [r1, #8]
100010cc:	68c9      	ldr	r1, [r1, #12]
100010ce:	469b      	mov	fp, r3
100010d0:	42b9      	cmp	r1, r7
100010d2:	dd00      	ble.n	100010d6 <alarm_pool_irq_handler+0x146>
100010d4:	e77a      	b.n	10000fcc <alarm_pool_irq_handler+0x3c>
100010d6:	d102      	bne.n	100010de <alarm_pool_irq_handler+0x14e>
100010d8:	42b3      	cmp	r3, r6
100010da:	d900      	bls.n	100010de <alarm_pool_irq_handler+0x14e>
100010dc:	e776      	b.n	10000fcc <alarm_pool_irq_handler+0x3c>
100010de:	2308      	movs	r3, #8
100010e0:	469c      	mov	ip, r3
100010e2:	44a4      	add	ip, r4
100010e4:	9505      	str	r5, [sp, #20]
100010e6:	4665      	mov	r5, ip
100010e8:	8122      	strh	r2, [r4, #8]
100010ea:	46a4      	mov	ip, r4
100010ec:	9b02      	ldr	r3, [sp, #8]
100010ee:	002c      	movs	r4, r5
100010f0:	e006      	b.n	10001100 <alarm_pool_irq_handler+0x170>
100010f2:	0053      	lsls	r3, r2, #1
100010f4:	1899      	adds	r1, r3, r2
100010f6:	00c9      	lsls	r1, r1, #3
100010f8:	1841      	adds	r1, r0, r1
100010fa:	688d      	ldr	r5, [r1, #8]
100010fc:	68c9      	ldr	r1, [r1, #12]
100010fe:	46ab      	mov	fp, r5
10001100:	189b      	adds	r3, r3, r2
10001102:	00db      	lsls	r3, r3, #3
10001104:	18c3      	adds	r3, r0, r3
10001106:	42b9      	cmp	r1, r7
10001108:	dc06      	bgt.n	10001118 <alarm_pool_irq_handler+0x188>
1000110a:	d100      	bne.n	1000110e <alarm_pool_irq_handler+0x17e>
1000110c:	e0b3      	b.n	10001276 <alarm_pool_irq_handler+0x2e6>
1000110e:	001c      	movs	r4, r3
10001110:	2300      	movs	r3, #0
10001112:	5ee2      	ldrsh	r2, [r4, r3]
10001114:	2a00      	cmp	r2, #0
10001116:	daec      	bge.n	100010f2 <alarm_pool_irq_handler+0x162>
10001118:	0023      	movs	r3, r4
1000111a:	4664      	mov	r4, ip
1000111c:	469c      	mov	ip, r3
1000111e:	4653      	mov	r3, sl
10001120:	801a      	strh	r2, [r3, #0]
10001122:	4663      	mov	r3, ip
10001124:	9d05      	ldr	r5, [sp, #20]
10001126:	801d      	strh	r5, [r3, #0]
10001128:	88a3      	ldrh	r3, [r4, #4]
1000112a:	b21b      	sxth	r3, r3
1000112c:	2b00      	cmp	r3, #0
1000112e:	da00      	bge.n	10001132 <alarm_pool_irq_handler+0x1a2>
10001130:	e751      	b.n	10000fd6 <alarm_pool_irq_handler+0x46>
10001132:	6922      	ldr	r2, [r4, #16]
10001134:	f3ef 8110 	mrs	r1, PRIMASK
10001138:	b672      	cpsid	i
1000113a:	6813      	ldr	r3, [r2, #0]
1000113c:	2b00      	cmp	r3, #0
1000113e:	d0fc      	beq.n	1000113a <alarm_pool_irq_handler+0x1aa>
10001140:	f3bf 8f5f 	dmb	sy
10001144:	2301      	movs	r3, #1
10001146:	88a7      	ldrh	r7, [r4, #4]
10001148:	425b      	negs	r3, r3
1000114a:	80a3      	strh	r3, [r4, #4]
1000114c:	b23f      	sxth	r7, r7
1000114e:	6923      	ldr	r3, [r4, #16]
10001150:	f3bf 8f5f 	dmb	sy
10001154:	2200      	movs	r2, #0
10001156:	601a      	str	r2, [r3, #0]
10001158:	f381 8810 	msr	PRIMASK, r1
1000115c:	2f00      	cmp	r7, #0
1000115e:	da00      	bge.n	10001162 <alarm_pool_irq_handler+0x1d2>
10001160:	e739      	b.n	10000fd6 <alarm_pool_irq_handler+0x46>
10001162:	0023      	movs	r3, r4
10001164:	3308      	adds	r3, #8
10001166:	0022      	movs	r2, r4
10001168:	469a      	mov	sl, r3
1000116a:	6966      	ldr	r6, [r4, #20]
1000116c:	007b      	lsls	r3, r7, #1
1000116e:	19db      	adds	r3, r3, r7
10001170:	00db      	lsls	r3, r3, #3
10001172:	18f3      	adds	r3, r6, r3
10001174:	6899      	ldr	r1, [r3, #8]
10001176:	4650      	mov	r0, sl
10001178:	468c      	mov	ip, r1
1000117a:	2408      	movs	r4, #8
1000117c:	5f11      	ldrsh	r1, [r2, r4]
1000117e:	68dd      	ldr	r5, [r3, #12]
10001180:	2900      	cmp	r1, #0
10001182:	db10      	blt.n	100011a6 <alarm_pool_irq_handler+0x216>
10001184:	9302      	str	r3, [sp, #8]
10001186:	e006      	b.n	10001196 <alarm_pool_irq_handler+0x206>
10001188:	42ab      	cmp	r3, r5
1000118a:	d044      	beq.n	10001216 <alarm_pool_irq_handler+0x286>
1000118c:	2300      	movs	r3, #0
1000118e:	5ee1      	ldrsh	r1, [r4, r3]
10001190:	0020      	movs	r0, r4
10001192:	2900      	cmp	r1, #0
10001194:	db06      	blt.n	100011a4 <alarm_pool_irq_handler+0x214>
10001196:	004c      	lsls	r4, r1, #1
10001198:	1864      	adds	r4, r4, r1
1000119a:	00e4      	lsls	r4, r4, #3
1000119c:	1934      	adds	r4, r6, r4
1000119e:	68e3      	ldr	r3, [r4, #12]
100011a0:	42ab      	cmp	r3, r5
100011a2:	ddf1      	ble.n	10001188 <alarm_pool_irq_handler+0x1f8>
100011a4:	9b02      	ldr	r3, [sp, #8]
100011a6:	8007      	strh	r7, [r0, #0]
100011a8:	2000      	movs	r0, #0
100011aa:	5e1f      	ldrsh	r7, [r3, r0]
100011ac:	8019      	strh	r1, [r3, #0]
100011ae:	2f00      	cmp	r7, #0
100011b0:	dadc      	bge.n	1000116c <alarm_pool_irq_handler+0x1dc>
100011b2:	0014      	movs	r4, r2
100011b4:	79a3      	ldrb	r3, [r4, #6]
100011b6:	2b00      	cmp	r3, #0
100011b8:	d100      	bne.n	100011bc <alarm_pool_irq_handler+0x22c>
100011ba:	e710      	b.n	10000fde <alarm_pool_irq_handler+0x4e>
100011bc:	2300      	movs	r3, #0
100011be:	71a3      	strb	r3, [r4, #6]
100011c0:	0026      	movs	r6, r4
100011c2:	2308      	movs	r3, #8
100011c4:	5ee1      	ldrsh	r1, [r4, r3]
100011c6:	3608      	adds	r6, #8
100011c8:	1c4b      	adds	r3, r1, #1
100011ca:	d100      	bne.n	100011ce <alarm_pool_irq_handler+0x23e>
100011cc:	e72c      	b.n	10001028 <alarm_pool_irq_handler+0x98>
100011ce:	0008      	movs	r0, r1
100011d0:	46a2      	mov	sl, r4
100011d2:	6965      	ldr	r5, [r4, #20]
100011d4:	e002      	b.n	100011dc <alarm_pool_irq_handler+0x24c>
100011d6:	003e      	movs	r6, r7
100011d8:	1c4b      	adds	r3, r1, #1
100011da:	d01a      	beq.n	10001212 <alarm_pool_irq_handler+0x282>
100011dc:	004b      	lsls	r3, r1, #1
100011de:	185b      	adds	r3, r3, r1
100011e0:	00db      	lsls	r3, r3, #3
100011e2:	18ef      	adds	r7, r5, r3
100011e4:	000a      	movs	r2, r1
100011e6:	468c      	mov	ip, r1
100011e8:	5ee9      	ldrsh	r1, [r5, r3]
100011ea:	887b      	ldrh	r3, [r7, #2]
100011ec:	b21b      	sxth	r3, r3
100011ee:	2b00      	cmp	r3, #0
100011f0:	daf1      	bge.n	100011d6 <alarm_pool_irq_handler+0x246>
100011f2:	2301      	movs	r3, #1
100011f4:	425b      	negs	r3, r3
100011f6:	17dc      	asrs	r4, r3, #31
100011f8:	60bb      	str	r3, [r7, #8]
100011fa:	60fc      	str	r4, [r7, #12]
100011fc:	4282      	cmp	r2, r0
100011fe:	d005      	beq.n	1000120c <alarm_pool_irq_handler+0x27c>
10001200:	4653      	mov	r3, sl
10001202:	8031      	strh	r1, [r6, #0]
10001204:	891b      	ldrh	r3, [r3, #8]
10001206:	803b      	strh	r3, [r7, #0]
10001208:	4653      	mov	r3, sl
1000120a:	811a      	strh	r2, [r3, #8]
1000120c:	4660      	mov	r0, ip
1000120e:	1c4b      	adds	r3, r1, #1
10001210:	d1e4      	bne.n	100011dc <alarm_pool_irq_handler+0x24c>
10001212:	4654      	mov	r4, sl
10001214:	e6e5      	b.n	10000fe2 <alarm_pool_irq_handler+0x52>
10001216:	68a3      	ldr	r3, [r4, #8]
10001218:	4563      	cmp	r3, ip
1000121a:	d9b7      	bls.n	1000118c <alarm_pool_irq_handler+0x1fc>
1000121c:	e7c2      	b.n	100011a4 <alarm_pool_irq_handler+0x214>
1000121e:	1c6b      	adds	r3, r5, #1
10001220:	d000      	beq.n	10001224 <alarm_pool_irq_handler+0x294>
10001222:	e6ea      	b.n	10000ffa <alarm_pool_irq_handler+0x6a>
10001224:	e6f8      	b.n	10001018 <alarm_pool_irq_handler+0x88>
10001226:	465b      	mov	r3, fp
10001228:	4658      	mov	r0, fp
1000122a:	691b      	ldr	r3, [r3, #16]
1000122c:	4798      	blx	r3
1000122e:	2800      	cmp	r0, #0
10001230:	d11b      	bne.n	1000126a <alarm_pool_irq_handler+0x2da>
10001232:	4653      	mov	r3, sl
10001234:	881b      	ldrh	r3, [r3, #0]
10001236:	6922      	ldr	r2, [r4, #16]
10001238:	8123      	strh	r3, [r4, #8]
1000123a:	f3ef 8310 	mrs	r3, PRIMASK
1000123e:	b672      	cpsid	i
10001240:	6811      	ldr	r1, [r2, #0]
10001242:	2900      	cmp	r1, #0
10001244:	d0fc      	beq.n	10001240 <alarm_pool_irq_handler+0x2b0>
10001246:	f3bf 8f5f 	dmb	sy
1000124a:	4651      	mov	r1, sl
1000124c:	8862      	ldrh	r2, [r4, #2]
1000124e:	800a      	strh	r2, [r1, #0]
10001250:	6922      	ldr	r2, [r4, #16]
10001252:	8065      	strh	r5, [r4, #2]
10001254:	f3bf 8f5f 	dmb	sy
10001258:	2100      	movs	r1, #0
1000125a:	6011      	str	r1, [r2, #0]
1000125c:	f383 8810 	msr	PRIMASK, r3
10001260:	e6b4      	b.n	10000fcc <alarm_pool_irq_handler+0x3c>
10001262:	4286      	cmp	r6, r0
10001264:	d800      	bhi.n	10001268 <alarm_pool_irq_handler+0x2d8>
10001266:	e6f8      	b.n	1000105a <alarm_pool_irq_handler+0xca>
10001268:	e6b0      	b.n	10000fcc <alarm_pool_irq_handler+0x3c>
1000126a:	465b      	mov	r3, fp
1000126c:	681a      	ldr	r2, [r3, #0]
1000126e:	685b      	ldr	r3, [r3, #4]
10001270:	9200      	str	r2, [sp, #0]
10001272:	9301      	str	r3, [sp, #4]
10001274:	e707      	b.n	10001086 <alarm_pool_irq_handler+0xf6>
10001276:	45b3      	cmp	fp, r6
10001278:	d800      	bhi.n	1000127c <alarm_pool_irq_handler+0x2ec>
1000127a:	e748      	b.n	1000110e <alarm_pool_irq_handler+0x17e>
1000127c:	e74c      	b.n	10001118 <alarm_pool_irq_handler+0x188>
1000127e:	46c0      	nop			@ (mov r8, r8)
10001280:	200021d0 	.word	0x200021d0
10001284:	4005703c 	.word	0x4005703c
10001288:	10000f91 	.word	0x10000f91
1000128c:	40054000 	.word	0x40054000

10001290 <runtime_init_default_alarm_pool>:
10001290:	b570      	push	{r4, r5, r6, lr}
10001292:	4c2e      	ldr	r4, [pc, #184]	@ (1000134c <runtime_init_default_alarm_pool+0xbc>)
10001294:	6925      	ldr	r5, [r4, #16]
10001296:	2d00      	cmp	r5, #0
10001298:	d004      	beq.n	100012a4 <runtime_init_default_alarm_pool+0x14>
1000129a:	210a      	movs	r1, #10
1000129c:	482c      	ldr	r0, [pc, #176]	@ (10001350 <runtime_init_default_alarm_pool+0xc0>)
1000129e:	f7ff fe09 	bl	10000eb4 <lock_init>
100012a2:	bd70      	pop	{r4, r5, r6, pc}
100012a4:	4e2b      	ldr	r6, [pc, #172]	@ (10001354 <runtime_init_default_alarm_pool+0xc4>)
100012a6:	2103      	movs	r1, #3
100012a8:	0030      	movs	r0, r6
100012aa:	f000 fa63 	bl	10001774 <timer_hardware_alarm_claim>
100012ae:	60e6      	str	r6, [r4, #12]
100012b0:	f7ff fbf6 	bl	10000aa0 <next_striped_spin_lock_num>
100012b4:	4b28      	ldr	r3, [pc, #160]	@ (10001358 <runtime_init_default_alarm_pool+0xc8>)
100012b6:	2203      	movs	r2, #3
100012b8:	469c      	mov	ip, r3
100012ba:	23d0      	movs	r3, #208	@ 0xd0
100012bc:	7022      	strb	r2, [r4, #0]
100012be:	061b      	lsls	r3, r3, #24
100012c0:	681b      	ldr	r3, [r3, #0]
100012c2:	2101      	movs	r1, #1
100012c4:	7063      	strb	r3, [r4, #1]
100012c6:	4b25      	ldr	r3, [pc, #148]	@ (1000135c <runtime_init_default_alarm_pool+0xcc>)
100012c8:	4460      	add	r0, ip
100012ca:	60a3      	str	r3, [r4, #8]
100012cc:	230f      	movs	r3, #15
100012ce:	0080      	lsls	r0, r0, #2
100012d0:	6120      	str	r0, [r4, #16]
100012d2:	2002      	movs	r0, #2
100012d4:	8063      	strh	r3, [r4, #2]
100012d6:	6963      	ldr	r3, [r4, #20]
100012d8:	4249      	negs	r1, r1
100012da:	80a1      	strh	r1, [r4, #4]
100012dc:	8019      	strh	r1, [r3, #0]
100012de:	3102      	adds	r1, #2
100012e0:	8619      	strh	r1, [r3, #48]	@ 0x30
100012e2:	3147      	adds	r1, #71	@ 0x47
100012e4:	831d      	strh	r5, [r3, #24]
100012e6:	5258      	strh	r0, [r3, r1]
100012e8:	3118      	adds	r1, #24
100012ea:	525a      	strh	r2, [r3, r1]
100012ec:	3275      	adds	r2, #117	@ 0x75
100012ee:	395c      	subs	r1, #92	@ 0x5c
100012f0:	5299      	strh	r1, [r3, r2]
100012f2:	3218      	adds	r2, #24
100012f4:	3101      	adds	r1, #1
100012f6:	5299      	strh	r1, [r3, r2]
100012f8:	3218      	adds	r2, #24
100012fa:	3101      	adds	r1, #1
100012fc:	5299      	strh	r1, [r3, r2]
100012fe:	3218      	adds	r2, #24
10001300:	3101      	adds	r1, #1
10001302:	5299      	strh	r1, [r3, r2]
10001304:	3508      	adds	r5, #8
10001306:	3218      	adds	r2, #24
10001308:	529d      	strh	r5, [r3, r2]
1000130a:	3102      	adds	r1, #2
1000130c:	3218      	adds	r2, #24
1000130e:	5299      	strh	r1, [r3, r2]
10001310:	3218      	adds	r2, #24
10001312:	3101      	adds	r1, #1
10001314:	5299      	strh	r1, [r3, r2]
10001316:	3218      	adds	r2, #24
10001318:	3101      	adds	r1, #1
1000131a:	5299      	strh	r1, [r3, r2]
1000131c:	3218      	adds	r2, #24
1000131e:	3101      	adds	r1, #1
10001320:	5299      	strh	r1, [r3, r2]
10001322:	3218      	adds	r2, #24
10001324:	3101      	adds	r1, #1
10001326:	5299      	strh	r1, [r3, r2]
10001328:	3218      	adds	r2, #24
1000132a:	3101      	adds	r1, #1
1000132c:	5299      	strh	r1, [r3, r2]
1000132e:	4b0c      	ldr	r3, [pc, #48]	@ (10001360 <runtime_init_default_alarm_pool+0xd0>)
10001330:	490c      	ldr	r1, [pc, #48]	@ (10001364 <runtime_init_default_alarm_pool+0xd4>)
10001332:	60dc      	str	r4, [r3, #12]
10001334:	3001      	adds	r0, #1
10001336:	6235      	str	r5, [r6, #32]
10001338:	f7ff fc28 	bl	10000b8c <irq_set_exclusive_handler>
1000133c:	2101      	movs	r1, #1
1000133e:	2003      	movs	r0, #3
10001340:	f7ff fbec 	bl	10000b1c <irq_set_enabled>
10001344:	4b08      	ldr	r3, [pc, #32]	@ (10001368 <runtime_init_default_alarm_pool+0xd8>)
10001346:	601d      	str	r5, [r3, #0]
10001348:	e7a7      	b.n	1000129a <runtime_init_default_alarm_pool+0xa>
1000134a:	46c0      	nop			@ (mov r8, r8)
1000134c:	20001094 	.word	0x20001094
10001350:	200021ec 	.word	0x200021ec
10001354:	40054000 	.word	0x40054000
10001358:	34000040 	.word	0x34000040
1000135c:	0010ffff 	.word	0x0010ffff
10001360:	200021d0 	.word	0x200021d0
10001364:	10000f91 	.word	0x10000f91
10001368:	40056038 	.word	0x40056038

1000136c <alarm_pool_get_default>:
1000136c:	4800      	ldr	r0, [pc, #0]	@ (10001370 <alarm_pool_get_default+0x4>)
1000136e:	4770      	bx	lr
10001370:	20001094 	.word	0x20001094

10001374 <alarm_pool_add_alarm_at>:
10001374:	b5f8      	push	{r3, r4, r5, r6, r7, lr}
10001376:	001f      	movs	r7, r3
10001378:	ab08      	add	r3, sp, #32
1000137a:	781b      	ldrb	r3, [r3, #0]
1000137c:	0004      	movs	r4, r0
1000137e:	0016      	movs	r6, r2
10001380:	2b00      	cmp	r3, #0
10001382:	d108      	bne.n	10001396 <alarm_pool_add_alarm_at+0x22>
10001384:	f000 fa08 	bl	10001798 <time_us_64>
10001388:	0032      	movs	r2, r6
1000138a:	003b      	movs	r3, r7
1000138c:	1a12      	subs	r2, r2, r0
1000138e:	418b      	sbcs	r3, r1
10001390:	2b00      	cmp	r3, #0
10001392:	da00      	bge.n	10001396 <alarm_pool_add_alarm_at+0x22>
10001394:	e052      	b.n	1000143c <alarm_pool_add_alarm_at+0xc8>
10001396:	6922      	ldr	r2, [r4, #16]
10001398:	f3ef 8010 	mrs	r0, PRIMASK
1000139c:	b672      	cpsid	i
1000139e:	6813      	ldr	r3, [r2, #0]
100013a0:	2b00      	cmp	r3, #0
100013a2:	d0fc      	beq.n	1000139e <alarm_pool_add_alarm_at+0x2a>
100013a4:	f3bf 8f5f 	dmb	sy
100013a8:	2302      	movs	r3, #2
100013aa:	5ee1      	ldrsh	r1, [r4, r3]
100013ac:	6963      	ldr	r3, [r4, #20]
100013ae:	004a      	lsls	r2, r1, #1
100013b0:	1852      	adds	r2, r2, r1
100013b2:	00d2      	lsls	r2, r2, #3
100013b4:	189b      	adds	r3, r3, r2
100013b6:	6922      	ldr	r2, [r4, #16]
100013b8:	2900      	cmp	r1, #0
100013ba:	db36      	blt.n	1000142a <alarm_pool_add_alarm_at+0xb6>
100013bc:	881d      	ldrh	r5, [r3, #0]
100013be:	8065      	strh	r5, [r4, #2]
100013c0:	f3bf 8f5f 	dmb	sy
100013c4:	2500      	movs	r5, #0
100013c6:	6015      	str	r5, [r2, #0]
100013c8:	f380 8810 	msr	PRIMASK, r0
100013cc:	9a06      	ldr	r2, [sp, #24]
100013ce:	609e      	str	r6, [r3, #8]
100013d0:	60df      	str	r7, [r3, #12]
100013d2:	611a      	str	r2, [r3, #16]
100013d4:	9a07      	ldr	r2, [sp, #28]
100013d6:	615a      	str	r2, [r3, #20]
100013d8:	885a      	ldrh	r2, [r3, #2]
100013da:	3201      	adds	r2, #1
100013dc:	0452      	lsls	r2, r2, #17
100013de:	0c52      	lsrs	r2, r2, #17
100013e0:	1c10      	adds	r0, r2, #0
100013e2:	2a00      	cmp	r2, #0
100013e4:	d01f      	beq.n	10001426 <alarm_pool_add_alarm_at+0xb2>
100013e6:	b282      	uxth	r2, r0
100013e8:	8058      	strh	r0, [r3, #2]
100013ea:	0408      	lsls	r0, r1, #16
100013ec:	4310      	orrs	r0, r2
100013ee:	6926      	ldr	r6, [r4, #16]
100013f0:	f3ef 8710 	mrs	r7, PRIMASK
100013f4:	b672      	cpsid	i
100013f6:	6832      	ldr	r2, [r6, #0]
100013f8:	2a00      	cmp	r2, #0
100013fa:	d0fc      	beq.n	100013f6 <alarm_pool_add_alarm_at+0x82>
100013fc:	f3bf 8f5f 	dmb	sy
10001400:	88a2      	ldrh	r2, [r4, #4]
10001402:	801a      	strh	r2, [r3, #0]
10001404:	80a1      	strh	r1, [r4, #4]
10001406:	6923      	ldr	r3, [r4, #16]
10001408:	f3bf 8f5f 	dmb	sy
1000140c:	2200      	movs	r2, #0
1000140e:	601a      	str	r2, [r3, #0]
10001410:	f387 8810 	msr	PRIMASK, r7
10001414:	490a      	ldr	r1, [pc, #40]	@ (10001440 <alarm_pool_add_alarm_at+0xcc>)
10001416:	7823      	ldrb	r3, [r4, #0]
10001418:	468c      	mov	ip, r1
1000141a:	3201      	adds	r2, #1
1000141c:	409a      	lsls	r2, r3
1000141e:	68e3      	ldr	r3, [r4, #12]
10001420:	4463      	add	r3, ip
10001422:	601a      	str	r2, [r3, #0]
10001424:	bdf8      	pop	{r3, r4, r5, r6, r7, pc}
10001426:	2001      	movs	r0, #1
10001428:	e7dd      	b.n	100013e6 <alarm_pool_add_alarm_at+0x72>
1000142a:	f3bf 8f5f 	dmb	sy
1000142e:	2300      	movs	r3, #0
10001430:	6013      	str	r3, [r2, #0]
10001432:	f380 8810 	msr	PRIMASK, r0
10001436:	2001      	movs	r0, #1
10001438:	4240      	negs	r0, r0
1000143a:	e7f3      	b.n	10001424 <alarm_pool_add_alarm_at+0xb0>
1000143c:	2000      	movs	r0, #0
1000143e:	e7f1      	b.n	10001424 <alarm_pool_add_alarm_at+0xb0>
10001440:	0000203c 	.word	0x0000203c

10001444 <alarm_pool_add_alarm_at_force_in_context>:
10001444:	b570      	push	{r4, r5, r6, lr}
10001446:	0001      	movs	r1, r0
10001448:	6904      	ldr	r4, [r0, #16]
1000144a:	f3ef 8c10 	mrs	ip, PRIMASK
1000144e:	b672      	cpsid	i
10001450:	6820      	ldr	r0, [r4, #0]
10001452:	2800      	cmp	r0, #0
10001454:	d0fc      	beq.n	10001450 <alarm_pool_add_alarm_at_force_in_context+0xc>
10001456:	f3bf 8f5f 	dmb	sy
1000145a:	2002      	movs	r0, #2
1000145c:	5e0d      	ldrsh	r5, [r1, r0]
1000145e:	694c      	ldr	r4, [r1, #20]
10001460:	0068      	lsls	r0, r5, #1
10001462:	1940      	adds	r0, r0, r5
10001464:	00c0      	lsls	r0, r0, #3
10001466:	1824      	adds	r4, r4, r0
10001468:	6908      	ldr	r0, [r1, #16]
1000146a:	2d00      	cmp	r5, #0
1000146c:	db36      	blt.n	100014dc <alarm_pool_add_alarm_at_force_in_context+0x98>
1000146e:	8826      	ldrh	r6, [r4, #0]
10001470:	804e      	strh	r6, [r1, #2]
10001472:	f3bf 8f5f 	dmb	sy
10001476:	2600      	movs	r6, #0
10001478:	6006      	str	r6, [r0, #0]
1000147a:	f38c 8810 	msr	PRIMASK, ip
1000147e:	60e3      	str	r3, [r4, #12]
10001480:	8863      	ldrh	r3, [r4, #2]
10001482:	9804      	ldr	r0, [sp, #16]
10001484:	3301      	adds	r3, #1
10001486:	6120      	str	r0, [r4, #16]
10001488:	045b      	lsls	r3, r3, #17
1000148a:	9805      	ldr	r0, [sp, #20]
1000148c:	0c5b      	lsrs	r3, r3, #17
1000148e:	60a2      	str	r2, [r4, #8]
10001490:	6160      	str	r0, [r4, #20]
10001492:	1c1a      	adds	r2, r3, #0
10001494:	2b00      	cmp	r3, #0
10001496:	d01f      	beq.n	100014d8 <alarm_pool_add_alarm_at_force_in_context+0x94>
10001498:	b293      	uxth	r3, r2
1000149a:	0428      	lsls	r0, r5, #16
1000149c:	8062      	strh	r2, [r4, #2]
1000149e:	4318      	orrs	r0, r3
100014a0:	690a      	ldr	r2, [r1, #16]
100014a2:	f3ef 8c10 	mrs	ip, PRIMASK
100014a6:	b672      	cpsid	i
100014a8:	6813      	ldr	r3, [r2, #0]
100014aa:	2b00      	cmp	r3, #0
100014ac:	d0fc      	beq.n	100014a8 <alarm_pool_add_alarm_at_force_in_context+0x64>
100014ae:	f3bf 8f5f 	dmb	sy
100014b2:	888b      	ldrh	r3, [r1, #4]
100014b4:	8023      	strh	r3, [r4, #0]
100014b6:	808d      	strh	r5, [r1, #4]
100014b8:	690b      	ldr	r3, [r1, #16]
100014ba:	f3bf 8f5f 	dmb	sy
100014be:	2200      	movs	r2, #0
100014c0:	601a      	str	r2, [r3, #0]
100014c2:	f38c 8810 	msr	PRIMASK, ip
100014c6:	780b      	ldrb	r3, [r1, #0]
100014c8:	3201      	adds	r2, #1
100014ca:	409a      	lsls	r2, r3
100014cc:	68cb      	ldr	r3, [r1, #12]
100014ce:	4908      	ldr	r1, [pc, #32]	@ (100014f0 <alarm_pool_add_alarm_at_force_in_context+0xac>)
100014d0:	468c      	mov	ip, r1
100014d2:	4463      	add	r3, ip
100014d4:	601a      	str	r2, [r3, #0]
100014d6:	bd70      	pop	{r4, r5, r6, pc}
100014d8:	2201      	movs	r2, #1
100014da:	e7dd      	b.n	10001498 <alarm_pool_add_alarm_at_force_in_context+0x54>
100014dc:	f3bf 8f5f 	dmb	sy
100014e0:	2300      	movs	r3, #0
100014e2:	6003      	str	r3, [r0, #0]
100014e4:	f38c 8810 	msr	PRIMASK, ip
100014e8:	2001      	movs	r0, #1
100014ea:	4240      	negs	r0, r0
100014ec:	e7f3      	b.n	100014d6 <alarm_pool_add_alarm_at_force_in_context+0x92>
100014ee:	46c0      	nop			@ (mov r8, r8)
100014f0:	0000203c 	.word	0x0000203c

100014f4 <alarm_pool_cancel_alarm>:
100014f4:	b510      	push	{r4, lr}
100014f6:	8943      	ldrh	r3, [r0, #10]
100014f8:	140a      	asrs	r2, r1, #16
100014fa:	4293      	cmp	r3, r2
100014fc:	dd1a      	ble.n	10001534 <alarm_pool_cancel_alarm+0x40>
100014fe:	0053      	lsls	r3, r2, #1
10001500:	189b      	adds	r3, r3, r2
10001502:	6942      	ldr	r2, [r0, #20]
10001504:	00db      	lsls	r3, r3, #3
10001506:	18d3      	adds	r3, r2, r3
10001508:	6904      	ldr	r4, [r0, #16]
1000150a:	f3ef 8c10 	mrs	ip, PRIMASK
1000150e:	b672      	cpsid	i
10001510:	6822      	ldr	r2, [r4, #0]
10001512:	2a00      	cmp	r2, #0
10001514:	d0fc      	beq.n	10001510 <alarm_pool_cancel_alarm+0x1c>
10001516:	f3bf 8f5f 	dmb	sy
1000151a:	885a      	ldrh	r2, [r3, #2]
1000151c:	0409      	lsls	r1, r1, #16
1000151e:	b294      	uxth	r4, r2
10001520:	0c09      	lsrs	r1, r1, #16
10001522:	428a      	cmp	r2, r1
10001524:	d008      	beq.n	10001538 <alarm_pool_cancel_alarm+0x44>
10001526:	6903      	ldr	r3, [r0, #16]
10001528:	f3bf 8f5f 	dmb	sy
1000152c:	2200      	movs	r2, #0
1000152e:	601a      	str	r2, [r3, #0]
10001530:	f38c 8810 	msr	PRIMASK, ip
10001534:	2000      	movs	r0, #0
10001536:	bd10      	pop	{r4, pc}
10001538:	2280      	movs	r2, #128	@ 0x80
1000153a:	0212      	lsls	r2, r2, #8
1000153c:	4314      	orrs	r4, r2
1000153e:	805c      	strh	r4, [r3, #2]
10001540:	2301      	movs	r3, #1
10001542:	6902      	ldr	r2, [r0, #16]
10001544:	7183      	strb	r3, [r0, #6]
10001546:	f3bf 8f5f 	dmb	sy
1000154a:	2100      	movs	r1, #0
1000154c:	6011      	str	r1, [r2, #0]
1000154e:	f38c 8810 	msr	PRIMASK, ip
10001552:	4904      	ldr	r1, [pc, #16]	@ (10001564 <alarm_pool_cancel_alarm+0x70>)
10001554:	7802      	ldrb	r2, [r0, #0]
10001556:	468c      	mov	ip, r1
10001558:	4093      	lsls	r3, r2
1000155a:	68c2      	ldr	r2, [r0, #12]
1000155c:	2001      	movs	r0, #1
1000155e:	4462      	add	r2, ip
10001560:	6013      	str	r3, [r2, #0]
10001562:	e7e8      	b.n	10001536 <alarm_pool_cancel_alarm+0x42>
10001564:	0000203c 	.word	0x0000203c

10001568 <alarm_pool_core_num>:
10001568:	7840      	ldrb	r0, [r0, #1]
1000156a:	4770      	bx	lr

1000156c <sleep_ms>:
1000156c:	b5f0      	push	{r4, r5, r6, r7, lr}
1000156e:	46c6      	mov	lr, r8
10001570:	b500      	push	{lr}
10001572:	b082      	sub	sp, #8
10001574:	0004      	movs	r4, r0
10001576:	f000 f90f 	bl	10001798 <time_us_64>
1000157a:	22fa      	movs	r2, #250	@ 0xfa
1000157c:	0006      	movs	r6, r0
1000157e:	000f      	movs	r7, r1
10001580:	0020      	movs	r0, r4
10001582:	2300      	movs	r3, #0
10001584:	2100      	movs	r1, #0
10001586:	0092      	lsls	r2, r2, #2
10001588:	f001 fbb8 	bl	10002cfc <__wrap___aeabi_lmul>
1000158c:	1980      	adds	r0, r0, r6
1000158e:	4179      	adcs	r1, r7
10001590:	0004      	movs	r4, r0
10001592:	1e0d      	subs	r5, r1, #0
10001594:	da02      	bge.n	1000159c <sleep_ms+0x30>
10001596:	2401      	movs	r4, #1
10001598:	4d2e      	ldr	r5, [pc, #184]	@ (10001654 <sleep_ms+0xe8>)
1000159a:	4264      	negs	r4, r4
1000159c:	2606      	movs	r6, #6
1000159e:	4276      	negs	r6, r6
100015a0:	17f7      	asrs	r7, r6, #31
100015a2:	1936      	adds	r6, r6, r4
100015a4:	416f      	adcs	r7, r5
100015a6:	42af      	cmp	r7, r5
100015a8:	d814      	bhi.n	100015d4 <sleep_ms+0x68>
100015aa:	d011      	beq.n	100015d0 <sleep_ms+0x64>
100015ac:	f000 f8f4 	bl	10001798 <time_us_64>
100015b0:	0032      	movs	r2, r6
100015b2:	003b      	movs	r3, r7
100015b4:	1a12      	subs	r2, r2, r0
100015b6:	418b      	sbcs	r3, r1
100015b8:	2b00      	cmp	r3, #0
100015ba:	dc15      	bgt.n	100015e8 <sleep_ms+0x7c>
100015bc:	2b00      	cmp	r3, #0
100015be:	d046      	beq.n	1000164e <sleep_ms+0xe2>
100015c0:	0020      	movs	r0, r4
100015c2:	0029      	movs	r1, r5
100015c4:	f000 f926 	bl	10001814 <busy_wait_until>
100015c8:	b002      	add	sp, #8
100015ca:	bc80      	pop	{r7}
100015cc:	46b8      	mov	r8, r7
100015ce:	bdf0      	pop	{r4, r5, r6, r7, pc}
100015d0:	42a6      	cmp	r6, r4
100015d2:	d9eb      	bls.n	100015ac <sleep_ms+0x40>
100015d4:	2600      	movs	r6, #0
100015d6:	2700      	movs	r7, #0
100015d8:	f000 f8de 	bl	10001798 <time_us_64>
100015dc:	0032      	movs	r2, r6
100015de:	003b      	movs	r3, r7
100015e0:	1a12      	subs	r2, r2, r0
100015e2:	418b      	sbcs	r3, r1
100015e4:	2b00      	cmp	r3, #0
100015e6:	dde9      	ble.n	100015bc <sleep_ms+0x50>
100015e8:	f000 f8d6 	bl	10001798 <time_us_64>
100015ec:	0032      	movs	r2, r6
100015ee:	003b      	movs	r3, r7
100015f0:	1a12      	subs	r2, r2, r0
100015f2:	418b      	sbcs	r3, r1
100015f4:	2b00      	cmp	r3, #0
100015f6:	db0a      	blt.n	1000160e <sleep_ms+0xa2>
100015f8:	2300      	movs	r3, #0
100015fa:	9301      	str	r3, [sp, #4]
100015fc:	4b16      	ldr	r3, [pc, #88]	@ (10001658 <sleep_ms+0xec>)
100015fe:	0032      	movs	r2, r6
10001600:	9300      	str	r3, [sp, #0]
10001602:	4816      	ldr	r0, [pc, #88]	@ (1000165c <sleep_ms+0xf0>)
10001604:	003b      	movs	r3, r7
10001606:	f7ff ff1d 	bl	10001444 <alarm_pool_add_alarm_at_force_in_context>
1000160a:	3001      	adds	r0, #1
1000160c:	d0d8      	beq.n	100015c0 <sleep_ms+0x54>
1000160e:	2300      	movs	r3, #0
10001610:	0039      	movs	r1, r7
10001612:	46b0      	mov	r8, r6
10001614:	469c      	mov	ip, r3
10001616:	4a12      	ldr	r2, [pc, #72]	@ (10001660 <sleep_ms+0xf4>)
10001618:	4812      	ldr	r0, [pc, #72]	@ (10001664 <sleep_ms+0xf8>)
1000161a:	6a53      	ldr	r3, [r2, #36]	@ 0x24
1000161c:	4299      	cmp	r1, r3
1000161e:	d804      	bhi.n	1000162a <sleep_ms+0xbe>
10001620:	6a96      	ldr	r6, [r2, #40]	@ 0x28
10001622:	4546      	cmp	r6, r8
10001624:	d2cc      	bcs.n	100015c0 <sleep_ms+0x54>
10001626:	4299      	cmp	r1, r3
10001628:	d1ca      	bne.n	100015c0 <sleep_ms+0x54>
1000162a:	6806      	ldr	r6, [r0, #0]
1000162c:	f3ef 8710 	mrs	r7, PRIMASK
10001630:	b672      	cpsid	i
10001632:	6833      	ldr	r3, [r6, #0]
10001634:	2b00      	cmp	r3, #0
10001636:	d0fc      	beq.n	10001632 <sleep_ms+0xc6>
10001638:	f3bf 8f5f 	dmb	sy
1000163c:	6803      	ldr	r3, [r0, #0]
1000163e:	f3bf 8f5f 	dmb	sy
10001642:	4666      	mov	r6, ip
10001644:	601e      	str	r6, [r3, #0]
10001646:	f387 8810 	msr	PRIMASK, r7
1000164a:	bf20      	wfe
1000164c:	e7e5      	b.n	1000161a <sleep_ms+0xae>
1000164e:	2a00      	cmp	r2, #0
10001650:	d0b6      	beq.n	100015c0 <sleep_ms+0x54>
10001652:	e7c9      	b.n	100015e8 <sleep_ms+0x7c>
10001654:	7fffffff 	.word	0x7fffffff
10001658:	10000f61 	.word	0x10000f61
1000165c:	20001094 	.word	0x20001094
10001660:	40054000 	.word	0x40054000
10001664:	200021ec 	.word	0x200021ec

10001668 <best_effort_wfe_or_timeout>:
10001668:	b5f0      	push	{r4, r5, r6, r7, lr}
1000166a:	4657      	mov	r7, sl
1000166c:	464e      	mov	r6, r9
1000166e:	46de      	mov	lr, fp
10001670:	4645      	mov	r5, r8
10001672:	b5e0      	push	{r5, r6, r7, lr}
10001674:	0006      	movs	r6, r0
10001676:	000f      	movs	r7, r1
10001678:	b085      	sub	sp, #20
1000167a:	f3ef 8305 	mrs	r3, IPSR
1000167e:	4699      	mov	r9, r3
10001680:	468b      	mov	fp, r1
10001682:	2b00      	cmp	r3, #0
10001684:	d012      	beq.n	100016ac <best_effort_wfe_or_timeout+0x44>
10001686:	4938      	ldr	r1, [pc, #224]	@ (10001768 <best_effort_wfe_or_timeout+0x100>)
10001688:	2000      	movs	r0, #0
1000168a:	6a4b      	ldr	r3, [r1, #36]	@ 0x24
1000168c:	42bb      	cmp	r3, r7
1000168e:	d306      	bcc.n	1000169e <best_effort_wfe_or_timeout+0x36>
10001690:	6a8a      	ldr	r2, [r1, #40]	@ 0x28
10001692:	1bdb      	subs	r3, r3, r7
10001694:	1e59      	subs	r1, r3, #1
10001696:	418b      	sbcs	r3, r1
10001698:	42b2      	cmp	r2, r6
1000169a:	4140      	adcs	r0, r0
1000169c:	4318      	orrs	r0, r3
1000169e:	b005      	add	sp, #20
100016a0:	bcf0      	pop	{r4, r5, r6, r7}
100016a2:	46bb      	mov	fp, r7
100016a4:	46b2      	mov	sl, r6
100016a6:	46a9      	mov	r9, r5
100016a8:	46a0      	mov	r8, r4
100016aa:	bdf0      	pop	{r4, r5, r6, r7, pc}
100016ac:	4b2f      	ldr	r3, [pc, #188]	@ (1000176c <best_effort_wfe_or_timeout+0x104>)
100016ae:	469a      	mov	sl, r3
100016b0:	68db      	ldr	r3, [r3, #12]
100016b2:	4698      	mov	r8, r3
100016b4:	4653      	mov	r3, sl
100016b6:	781b      	ldrb	r3, [r3, #0]
100016b8:	4640      	mov	r0, r8
100016ba:	9303      	str	r3, [sp, #12]
100016bc:	f000 f864 	bl	10001788 <timer_time_us_64>
100016c0:	4642      	mov	r2, r8
100016c2:	9b03      	ldr	r3, [sp, #12]
100016c4:	0004      	movs	r4, r0
100016c6:	3304      	adds	r3, #4
100016c8:	009b      	lsls	r3, r3, #2
100016ca:	589b      	ldr	r3, [r3, r2]
100016cc:	000d      	movs	r5, r1
100016ce:	1a1b      	subs	r3, r3, r0
100016d0:	0039      	movs	r1, r7
100016d2:	0030      	movs	r0, r6
100016d4:	1b00      	subs	r0, r0, r4
100016d6:	41a9      	sbcs	r1, r5
100016d8:	4589      	cmp	r9, r1
100016da:	dc10      	bgt.n	100016fe <best_effort_wfe_or_timeout+0x96>
100016dc:	d00d      	beq.n	100016fa <best_effort_wfe_or_timeout+0x92>
100016de:	bf20      	wfe
100016e0:	4a21      	ldr	r2, [pc, #132]	@ (10001768 <best_effort_wfe_or_timeout+0x100>)
100016e2:	2000      	movs	r0, #0
100016e4:	6a53      	ldr	r3, [r2, #36]	@ 0x24
100016e6:	455b      	cmp	r3, fp
100016e8:	d3d9      	bcc.n	1000169e <best_effort_wfe_or_timeout+0x36>
100016ea:	6a92      	ldr	r2, [r2, #40]	@ 0x28
100016ec:	1bdb      	subs	r3, r3, r7
100016ee:	1e59      	subs	r1, r3, #1
100016f0:	418b      	sbcs	r3, r1
100016f2:	42b2      	cmp	r2, r6
100016f4:	4140      	adcs	r0, r0
100016f6:	4318      	orrs	r0, r3
100016f8:	e7d1      	b.n	1000169e <best_effort_wfe_or_timeout+0x36>
100016fa:	4283      	cmp	r3, r0
100016fc:	d9ef      	bls.n	100016de <best_effort_wfe_or_timeout+0x76>
100016fe:	f000 f84b 	bl	10001798 <time_us_64>
10001702:	0032      	movs	r2, r6
10001704:	003b      	movs	r3, r7
10001706:	1a12      	subs	r2, r2, r0
10001708:	418b      	sbcs	r3, r1
1000170a:	2b00      	cmp	r3, #0
1000170c:	db1a      	blt.n	10001744 <best_effort_wfe_or_timeout+0xdc>
1000170e:	2300      	movs	r3, #0
10001710:	9301      	str	r3, [sp, #4]
10001712:	4b17      	ldr	r3, [pc, #92]	@ (10001770 <best_effort_wfe_or_timeout+0x108>)
10001714:	0032      	movs	r2, r6
10001716:	9300      	str	r3, [sp, #0]
10001718:	4650      	mov	r0, sl
1000171a:	003b      	movs	r3, r7
1000171c:	f7ff fe92 	bl	10001444 <alarm_pool_add_alarm_at_force_in_context>
10001720:	1e01      	subs	r1, r0, #0
10001722:	dd0f      	ble.n	10001744 <best_effort_wfe_or_timeout+0xdc>
10001724:	4b10      	ldr	r3, [pc, #64]	@ (10001768 <best_effort_wfe_or_timeout+0x100>)
10001726:	6a5a      	ldr	r2, [r3, #36]	@ 0x24
10001728:	455a      	cmp	r2, fp
1000172a:	d31b      	bcc.n	10001764 <best_effort_wfe_or_timeout+0xfc>
1000172c:	6a9b      	ldr	r3, [r3, #40]	@ 0x28
1000172e:	42b3      	cmp	r3, r6
10001730:	d316      	bcc.n	10001760 <best_effort_wfe_or_timeout+0xf8>
10001732:	4650      	mov	r0, sl
10001734:	f7ff fede 	bl	100014f4 <alarm_pool_cancel_alarm>
10001738:	4a0b      	ldr	r2, [pc, #44]	@ (10001768 <best_effort_wfe_or_timeout+0x100>)
1000173a:	2000      	movs	r0, #0
1000173c:	6a53      	ldr	r3, [r2, #36]	@ 0x24
1000173e:	455b      	cmp	r3, fp
10001740:	d3ad      	bcc.n	1000169e <best_effort_wfe_or_timeout+0x36>
10001742:	e7d2      	b.n	100016ea <best_effort_wfe_or_timeout+0x82>
10001744:	4a08      	ldr	r2, [pc, #32]	@ (10001768 <best_effort_wfe_or_timeout+0x100>)
10001746:	2000      	movs	r0, #0
10001748:	6a53      	ldr	r3, [r2, #36]	@ 0x24
1000174a:	455b      	cmp	r3, fp
1000174c:	d3a7      	bcc.n	1000169e <best_effort_wfe_or_timeout+0x36>
1000174e:	2000      	movs	r0, #0
10001750:	6a92      	ldr	r2, [r2, #40]	@ 0x28
10001752:	1bdb      	subs	r3, r3, r7
10001754:	42b2      	cmp	r2, r6
10001756:	4140      	adcs	r0, r0
10001758:	1e5a      	subs	r2, r3, #1
1000175a:	4193      	sbcs	r3, r2
1000175c:	4318      	orrs	r0, r3
1000175e:	e79e      	b.n	1000169e <best_effort_wfe_or_timeout+0x36>
10001760:	455a      	cmp	r2, fp
10001762:	d1e6      	bne.n	10001732 <best_effort_wfe_or_timeout+0xca>
10001764:	bf20      	wfe
10001766:	e7e4      	b.n	10001732 <best_effort_wfe_or_timeout+0xca>
10001768:	40054000 	.word	0x40054000
1000176c:	20001094 	.word	0x20001094
10001770:	10000f61 	.word	0x10000f61

10001774 <timer_hardware_alarm_claim>:
10001774:	b510      	push	{r4, lr}
10001776:	4a02      	ldr	r2, [pc, #8]	@ (10001780 <timer_hardware_alarm_claim+0xc>)
10001778:	4802      	ldr	r0, [pc, #8]	@ (10001784 <timer_hardware_alarm_claim+0x10>)
1000177a:	f7ff f92b 	bl	100009d4 <hw_claim_or_assert>
1000177e:	bd10      	pop	{r4, pc}
10001780:	100079cc 	.word	0x100079cc
10001784:	20001d44 	.word	0x20001d44

10001788 <timer_time_us_64>:
10001788:	0003      	movs	r3, r0
1000178a:	6a41      	ldr	r1, [r0, #36]	@ 0x24
1000178c:	000a      	movs	r2, r1
1000178e:	6a98      	ldr	r0, [r3, #40]	@ 0x28
10001790:	6a59      	ldr	r1, [r3, #36]	@ 0x24
10001792:	428a      	cmp	r2, r1
10001794:	d1fa      	bne.n	1000178c <timer_time_us_64+0x4>
10001796:	4770      	bx	lr

10001798 <time_us_64>:
10001798:	4b03      	ldr	r3, [pc, #12]	@ (100017a8 <time_us_64+0x10>)
1000179a:	6a59      	ldr	r1, [r3, #36]	@ 0x24
1000179c:	000a      	movs	r2, r1
1000179e:	6a98      	ldr	r0, [r3, #40]	@ 0x28
100017a0:	6a59      	ldr	r1, [r3, #36]	@ 0x24
100017a2:	4291      	cmp	r1, r2
100017a4:	d1fa      	bne.n	1000179c <time_us_64+0x4>
100017a6:	4770      	bx	lr
100017a8:	40054000 	.word	0x40054000

100017ac <busy_wait_us>:
100017ac:	b570      	push	{r4, r5, r6, lr}
100017ae:	0004      	movs	r4, r0
100017b0:	000d      	movs	r5, r1
100017b2:	4a17      	ldr	r2, [pc, #92]	@ (10001810 <busy_wait_us+0x64>)
100017b4:	6a53      	ldr	r3, [r2, #36]	@ 0x24
100017b6:	0019      	movs	r1, r3
100017b8:	6a96      	ldr	r6, [r2, #40]	@ 0x28
100017ba:	6a53      	ldr	r3, [r2, #36]	@ 0x24
100017bc:	428b      	cmp	r3, r1
100017be:	d1fa      	bne.n	100017b6 <busy_wait_us+0xa>
100017c0:	0030      	movs	r0, r6
100017c2:	0019      	movs	r1, r3
100017c4:	1824      	adds	r4, r4, r0
100017c6:	414d      	adcs	r5, r1
100017c8:	42ab      	cmp	r3, r5
100017ca:	d816      	bhi.n	100017fa <busy_wait_us+0x4e>
100017cc:	d013      	beq.n	100017f6 <busy_wait_us+0x4a>
100017ce:	4b10      	ldr	r3, [pc, #64]	@ (10001810 <busy_wait_us+0x64>)
100017d0:	002a      	movs	r2, r5
100017d2:	6a5b      	ldr	r3, [r3, #36]	@ 0x24
100017d4:	429d      	cmp	r5, r3
100017d6:	d903      	bls.n	100017e0 <busy_wait_us+0x34>
100017d8:	490d      	ldr	r1, [pc, #52]	@ (10001810 <busy_wait_us+0x64>)
100017da:	6a4b      	ldr	r3, [r1, #36]	@ 0x24
100017dc:	4293      	cmp	r3, r2
100017de:	d3fc      	bcc.n	100017da <busy_wait_us+0x2e>
100017e0:	4293      	cmp	r3, r2
100017e2:	d107      	bne.n	100017f4 <busy_wait_us+0x48>
100017e4:	4a0a      	ldr	r2, [pc, #40]	@ (10001810 <busy_wait_us+0x64>)
100017e6:	e002      	b.n	100017ee <busy_wait_us+0x42>
100017e8:	6a51      	ldr	r1, [r2, #36]	@ 0x24
100017ea:	4299      	cmp	r1, r3
100017ec:	d102      	bne.n	100017f4 <busy_wait_us+0x48>
100017ee:	6a91      	ldr	r1, [r2, #40]	@ 0x28
100017f0:	42a1      	cmp	r1, r4
100017f2:	d3f9      	bcc.n	100017e8 <busy_wait_us+0x3c>
100017f4:	bd70      	pop	{r4, r5, r6, pc}
100017f6:	42a6      	cmp	r6, r4
100017f8:	d9e9      	bls.n	100017ce <busy_wait_us+0x22>
100017fa:	4b05      	ldr	r3, [pc, #20]	@ (10001810 <busy_wait_us+0x64>)
100017fc:	6a5b      	ldr	r3, [r3, #36]	@ 0x24
100017fe:	001c      	movs	r4, r3
10001800:	1c5a      	adds	r2, r3, #1
10001802:	d0ef      	beq.n	100017e4 <busy_wait_us+0x38>
10001804:	2201      	movs	r2, #1
10001806:	2401      	movs	r4, #1
10001808:	4264      	negs	r4, r4
1000180a:	17e5      	asrs	r5, r4, #31
1000180c:	4252      	negs	r2, r2
1000180e:	e7e3      	b.n	100017d8 <busy_wait_us+0x2c>
10001810:	40054000 	.word	0x40054000

10001814 <busy_wait_until>:
10001814:	4a06      	ldr	r2, [pc, #24]	@ (10001830 <busy_wait_until+0x1c>)
10001816:	6a53      	ldr	r3, [r2, #36]	@ 0x24
10001818:	4299      	cmp	r1, r3
1000181a:	d8fc      	bhi.n	10001816 <busy_wait_until+0x2>
1000181c:	d107      	bne.n	1000182e <busy_wait_until+0x1a>
1000181e:	4b04      	ldr	r3, [pc, #16]	@ (10001830 <busy_wait_until+0x1c>)
10001820:	e002      	b.n	10001828 <busy_wait_until+0x14>
10001822:	6a5a      	ldr	r2, [r3, #36]	@ 0x24
10001824:	4291      	cmp	r1, r2
10001826:	d102      	bne.n	1000182e <busy_wait_until+0x1a>
10001828:	6a9a      	ldr	r2, [r3, #40]	@ 0x28
1000182a:	4290      	cmp	r0, r2
1000182c:	d8f9      	bhi.n	10001822 <busy_wait_until+0xe>
1000182e:	4770      	bx	lr
10001830:	40054000 	.word	0x40054000

10001834 <uart_init>:
10001834:	b5f8      	push	{r3, r4, r5, r6, r7, lr}
10001836:	0004      	movs	r4, r0
10001838:	2006      	movs	r0, #6
1000183a:	000d      	movs	r5, r1
1000183c:	f000 f978 	bl	10001b30 <clock_get_hz>
10001840:	2800      	cmp	r0, #0
10001842:	d044      	beq.n	100018ce <uart_init+0x9a>
10001844:	4b37      	ldr	r3, [pc, #220]	@ (10001924 <uart_init+0xf0>)
10001846:	4938      	ldr	r1, [pc, #224]	@ (10001928 <uart_init+0xf4>)
10001848:	18e3      	adds	r3, r4, r3
1000184a:	1e5a      	subs	r2, r3, #1
1000184c:	4193      	sbcs	r3, r2
1000184e:	2280      	movs	r2, #128	@ 0x80
10001850:	0412      	lsls	r2, r2, #16
10001852:	4694      	mov	ip, r2
10001854:	425b      	negs	r3, r3
10001856:	0d9b      	lsrs	r3, r3, #22
10001858:	4a34      	ldr	r2, [pc, #208]	@ (1000192c <uart_init+0xf8>)
1000185a:	059b      	lsls	r3, r3, #22
1000185c:	4463      	add	r3, ip
1000185e:	6013      	str	r3, [r2, #0]
10001860:	4a33      	ldr	r2, [pc, #204]	@ (10001930 <uart_init+0xfc>)
10001862:	6013      	str	r3, [r2, #0]
10001864:	0018      	movs	r0, r3
10001866:	680a      	ldr	r2, [r1, #0]
10001868:	4390      	bics	r0, r2
1000186a:	d1fb      	bne.n	10001864 <uart_init+0x30>
1000186c:	4b2d      	ldr	r3, [pc, #180]	@ (10001924 <uart_init+0xf0>)
1000186e:	4a31      	ldr	r2, [pc, #196]	@ (10001934 <uart_init+0x100>)
10001870:	18e3      	adds	r3, r4, r3
10001872:	4259      	negs	r1, r3
10001874:	414b      	adcs	r3, r1
10001876:	2180      	movs	r1, #128	@ 0x80
10001878:	005b      	lsls	r3, r3, #1
1000187a:	0049      	lsls	r1, r1, #1
1000187c:	2006      	movs	r0, #6
1000187e:	5299      	strh	r1, [r3, r2]
10001880:	f000 f956 	bl	10001b30 <clock_get_hz>
10001884:	0029      	movs	r1, r5
10001886:	00c0      	lsls	r0, r0, #3
10001888:	f000 fc14 	bl	100020b4 <__wrap___aeabi_uidiv>
1000188c:	3001      	adds	r0, #1
1000188e:	09c3      	lsrs	r3, r0, #7
10001890:	d11e      	bne.n	100018d0 <uart_init+0x9c>
10001892:	2740      	movs	r7, #64	@ 0x40
10001894:	2201      	movs	r2, #1
10001896:	6262      	str	r2, [r4, #36]	@ 0x24
10001898:	62a3      	str	r3, [r4, #40]	@ 0x28
1000189a:	6b26      	ldr	r6, [r4, #48]	@ 0x30
1000189c:	07f3      	lsls	r3, r6, #31
1000189e:	d422      	bmi.n	100018e6 <uart_init+0xb2>
100018a0:	6ae3      	ldr	r3, [r4, #44]	@ 0x2c
100018a2:	4b25      	ldr	r3, [pc, #148]	@ (10001938 <uart_init+0x104>)
100018a4:	2006      	movs	r0, #6
100018a6:	18e5      	adds	r5, r4, r3
100018a8:	2300      	movs	r3, #0
100018aa:	602b      	str	r3, [r5, #0]
100018ac:	6326      	str	r6, [r4, #48]	@ 0x30
100018ae:	f000 f93f 	bl	10001b30 <clock_get_hz>
100018b2:	0039      	movs	r1, r7
100018b4:	0080      	lsls	r0, r0, #2
100018b6:	f000 fbfd 	bl	100020b4 <__wrap___aeabi_uidiv>
100018ba:	2370      	movs	r3, #112	@ 0x70
100018bc:	6ae2      	ldr	r2, [r4, #44]	@ 0x2c
100018be:	405a      	eors	r2, r3
100018c0:	330e      	adds	r3, #14
100018c2:	4013      	ands	r3, r2
100018c4:	602b      	str	r3, [r5, #0]
100018c6:	4b1d      	ldr	r3, [pc, #116]	@ (1000193c <uart_init+0x108>)
100018c8:	6323      	str	r3, [r4, #48]	@ 0x30
100018ca:	2303      	movs	r3, #3
100018cc:	64a3      	str	r3, [r4, #72]	@ 0x48
100018ce:	bdf8      	pop	{r3, r4, r5, r6, r7, pc}
100018d0:	4a1b      	ldr	r2, [pc, #108]	@ (10001940 <uart_init+0x10c>)
100018d2:	4293      	cmp	r3, r2
100018d4:	d91e      	bls.n	10001914 <uart_init+0xe0>
100018d6:	2300      	movs	r3, #0
100018d8:	4a1a      	ldr	r2, [pc, #104]	@ (10001944 <uart_init+0x110>)
100018da:	4f1b      	ldr	r7, [pc, #108]	@ (10001948 <uart_init+0x114>)
100018dc:	6262      	str	r2, [r4, #36]	@ 0x24
100018de:	62a3      	str	r3, [r4, #40]	@ 0x28
100018e0:	6b26      	ldr	r6, [r4, #48]	@ 0x30
100018e2:	07f3      	lsls	r3, r6, #31
100018e4:	d5dc      	bpl.n	100018a0 <uart_init+0x6c>
100018e6:	4b19      	ldr	r3, [pc, #100]	@ (1000194c <uart_init+0x118>)
100018e8:	4a14      	ldr	r2, [pc, #80]	@ (1000193c <uart_init+0x108>)
100018ea:	18e3      	adds	r3, r4, r3
100018ec:	601a      	str	r2, [r3, #0]
100018ee:	6a65      	ldr	r5, [r4, #36]	@ 0x24
100018f0:	6aa3      	ldr	r3, [r4, #40]	@ 0x28
100018f2:	2006      	movs	r0, #6
100018f4:	01ad      	lsls	r5, r5, #6
100018f6:	18ed      	adds	r5, r5, r3
100018f8:	f000 f91a 	bl	10001b30 <clock_get_hz>
100018fc:	4914      	ldr	r1, [pc, #80]	@ (10001950 <uart_init+0x11c>)
100018fe:	f000 fbd9 	bl	100020b4 <__wrap___aeabi_uidiv>
10001902:	02ad      	lsls	r5, r5, #10
10001904:	0001      	movs	r1, r0
10001906:	0028      	movs	r0, r5
10001908:	f000 fbd4 	bl	100020b4 <__wrap___aeabi_uidiv>
1000190c:	2100      	movs	r1, #0
1000190e:	f7ff ff4d 	bl	100017ac <busy_wait_us>
10001912:	e7c5      	b.n	100018a0 <uart_init+0x6c>
10001914:	0640      	lsls	r0, r0, #25
10001916:	0e80      	lsrs	r0, r0, #26
10001918:	019f      	lsls	r7, r3, #6
1000191a:	001a      	movs	r2, r3
1000191c:	183f      	adds	r7, r7, r0
1000191e:	0003      	movs	r3, r0
10001920:	e7b9      	b.n	10001896 <uart_init+0x62>
10001922:	46c0      	nop			@ (mov r8, r8)
10001924:	bffc8000 	.word	0xbffc8000
10001928:	4000c008 	.word	0x4000c008
1000192c:	4000e000 	.word	0x4000e000
10001930:	4000f000 	.word	0x4000f000
10001934:	200021f8 	.word	0x200021f8
10001938:	0000102c 	.word	0x0000102c
1000193c:	00000301 	.word	0x00000301
10001940:	0000fffe 	.word	0x0000fffe
10001944:	0000ffff 	.word	0x0000ffff
10001948:	003fffc0 	.word	0x003fffc0
1000194c:	00003030 	.word	0x00003030
10001950:	00000e4e 	.word	0x00000e4e

10001954 <clock_configure_int_divider>:
10001954:	b5f8      	push	{r3, r4, r5, r6, r7, lr}
10001956:	46de      	mov	lr, fp
10001958:	464e      	mov	r6, r9
1000195a:	4657      	mov	r7, sl
1000195c:	4645      	mov	r5, r8
1000195e:	b5e0      	push	{r5, r6, r7, lr}
10001960:	468b      	mov	fp, r1
10001962:	0005      	movs	r5, r0
10001964:	990a      	ldr	r1, [sp, #40]	@ 0x28
10001966:	0018      	movs	r0, r3
10001968:	0016      	movs	r6, r2
1000196a:	f000 fba3 	bl	100020b4 <__wrap___aeabi_uidiv>
1000196e:	9b0a      	ldr	r3, [sp, #40]	@ 0x28
10001970:	006c      	lsls	r4, r5, #1
10001972:	021f      	lsls	r7, r3, #8
10001974:	4b32      	ldr	r3, [pc, #200]	@ (10001a40 <clock_configure_int_divider+0xec>)
10001976:	1964      	adds	r4, r4, r5
10001978:	469c      	mov	ip, r3
1000197a:	00a4      	lsls	r4, r4, #2
1000197c:	4464      	add	r4, ip
1000197e:	6863      	ldr	r3, [r4, #4]
10001980:	4681      	mov	r9, r0
10001982:	429f      	cmp	r7, r3
10001984:	d900      	bls.n	10001988 <clock_configure_int_divider+0x34>
10001986:	6067      	str	r7, [r4, #4]
10001988:	1f2b      	subs	r3, r5, #4
1000198a:	b2db      	uxtb	r3, r3
1000198c:	4698      	mov	r8, r3
1000198e:	2b01      	cmp	r3, #1
10001990:	d930      	bls.n	100019f4 <clock_configure_int_divider+0xa0>
10001992:	23c0      	movs	r3, #192	@ 0xc0
10001994:	2280      	movs	r2, #128	@ 0x80
10001996:	019b      	lsls	r3, r3, #6
10001998:	18e3      	adds	r3, r4, r3
1000199a:	0112      	lsls	r2, r2, #4
1000199c:	601a      	str	r2, [r3, #0]
1000199e:	4b29      	ldr	r3, [pc, #164]	@ (10001a44 <clock_configure_int_divider+0xf0>)
100019a0:	00ad      	lsls	r5, r5, #2
100019a2:	5959      	ldr	r1, [r3, r5]
100019a4:	469a      	mov	sl, r3
100019a6:	2900      	cmp	r1, #0
100019a8:	d11b      	bne.n	100019e2 <clock_configure_int_divider+0x8e>
100019aa:	0173      	lsls	r3, r6, #5
100019ac:	26e0      	movs	r6, #224	@ 0xe0
100019ae:	6822      	ldr	r2, [r4, #0]
100019b0:	4053      	eors	r3, r2
100019b2:	401e      	ands	r6, r3
100019b4:	2380      	movs	r3, #128	@ 0x80
100019b6:	4642      	mov	r2, r8
100019b8:	015b      	lsls	r3, r3, #5
100019ba:	18e3      	adds	r3, r4, r3
100019bc:	601e      	str	r6, [r3, #0]
100019be:	2a01      	cmp	r2, #1
100019c0:	d930      	bls.n	10001a24 <clock_configure_int_divider+0xd0>
100019c2:	2380      	movs	r3, #128	@ 0x80
100019c4:	2280      	movs	r2, #128	@ 0x80
100019c6:	019b      	lsls	r3, r3, #6
100019c8:	18e3      	adds	r3, r4, r3
100019ca:	0112      	lsls	r2, r2, #4
100019cc:	601a      	str	r2, [r3, #0]
100019ce:	4653      	mov	r3, sl
100019d0:	464a      	mov	r2, r9
100019d2:	6067      	str	r7, [r4, #4]
100019d4:	515a      	str	r2, [r3, r5]
100019d6:	bcf0      	pop	{r4, r5, r6, r7}
100019d8:	46bb      	mov	fp, r7
100019da:	46b2      	mov	sl, r6
100019dc:	46a9      	mov	r9, r5
100019de:	46a0      	mov	r8, r4
100019e0:	bdf8      	pop	{r3, r4, r5, r6, r7, pc}
100019e2:	6958      	ldr	r0, [r3, #20]
100019e4:	f000 fb66 	bl	100020b4 <__wrap___aeabi_uidiv>
100019e8:	3001      	adds	r0, #1
100019ea:	0043      	lsls	r3, r0, #1
100019ec:	181b      	adds	r3, r3, r0
100019ee:	3b03      	subs	r3, #3
100019f0:	d2fd      	bcs.n	100019ee <clock_configure_int_divider+0x9a>
100019f2:	e7da      	b.n	100019aa <clock_configure_int_divider+0x56>
100019f4:	465b      	mov	r3, fp
100019f6:	2b01      	cmp	r3, #1
100019f8:	d1cb      	bne.n	10001992 <clock_configure_int_divider+0x3e>
100019fa:	23c0      	movs	r3, #192	@ 0xc0
100019fc:	2203      	movs	r2, #3
100019fe:	019b      	lsls	r3, r3, #6
10001a00:	18e3      	adds	r3, r4, r3
10001a02:	601a      	str	r2, [r3, #0]
10001a04:	3a02      	subs	r2, #2
10001a06:	68a3      	ldr	r3, [r4, #8]
10001a08:	421a      	tst	r2, r3
10001a0a:	d0fc      	beq.n	10001a06 <clock_configure_int_divider+0xb2>
10001a0c:	0173      	lsls	r3, r6, #5
10001a0e:	26e0      	movs	r6, #224	@ 0xe0
10001a10:	6822      	ldr	r2, [r4, #0]
10001a12:	00ad      	lsls	r5, r5, #2
10001a14:	4053      	eors	r3, r2
10001a16:	401e      	ands	r6, r3
10001a18:	2380      	movs	r3, #128	@ 0x80
10001a1a:	4a0a      	ldr	r2, [pc, #40]	@ (10001a44 <clock_configure_int_divider+0xf0>)
10001a1c:	015b      	lsls	r3, r3, #5
10001a1e:	4692      	mov	sl, r2
10001a20:	18e3      	adds	r3, r4, r3
10001a22:	601e      	str	r6, [r3, #0]
10001a24:	465a      	mov	r2, fp
10001a26:	6821      	ldr	r1, [r4, #0]
10001a28:	4051      	eors	r1, r2
10001a2a:	2203      	movs	r2, #3
10001a2c:	400a      	ands	r2, r1
10001a2e:	601a      	str	r2, [r3, #0]
10001a30:	2201      	movs	r2, #1
10001a32:	465b      	mov	r3, fp
10001a34:	409a      	lsls	r2, r3
10001a36:	68a3      	ldr	r3, [r4, #8]
10001a38:	421a      	tst	r2, r3
10001a3a:	d0fc      	beq.n	10001a36 <clock_configure_int_divider+0xe2>
10001a3c:	e7c1      	b.n	100019c2 <clock_configure_int_divider+0x6e>
10001a3e:	46c0      	nop			@ (mov r8, r8)
10001a40:	40008000 	.word	0x40008000
10001a44:	20001d48 	.word	0x20001d48

10001a48 <clock_configure_undivided>:
10001a48:	b5f0      	push	{r4, r5, r6, r7, lr}
10001a4a:	4646      	mov	r6, r8
10001a4c:	464f      	mov	r7, r9
10001a4e:	46d6      	mov	lr, sl
10001a50:	b5c0      	push	{r6, r7, lr}
10001a52:	001f      	movs	r7, r3
10001a54:	4b34      	ldr	r3, [pc, #208]	@ (10001b28 <clock_configure_undivided+0xe0>)
10001a56:	0044      	lsls	r4, r0, #1
10001a58:	469c      	mov	ip, r3
10001a5a:	1824      	adds	r4, r4, r0
10001a5c:	00a4      	lsls	r4, r4, #2
10001a5e:	4464      	add	r4, ip
10001a60:	6863      	ldr	r3, [r4, #4]
10001a62:	4688      	mov	r8, r1
10001a64:	0016      	movs	r6, r2
10001a66:	2bff      	cmp	r3, #255	@ 0xff
10001a68:	d802      	bhi.n	10001a70 <clock_configure_undivided+0x28>
10001a6a:	2380      	movs	r3, #128	@ 0x80
10001a6c:	005b      	lsls	r3, r3, #1
10001a6e:	6063      	str	r3, [r4, #4]
10001a70:	1f03      	subs	r3, r0, #4
10001a72:	b2db      	uxtb	r3, r3
10001a74:	469a      	mov	sl, r3
10001a76:	2b01      	cmp	r3, #1
10001a78:	d930      	bls.n	10001adc <clock_configure_undivided+0x94>
10001a7a:	23c0      	movs	r3, #192	@ 0xc0
10001a7c:	2280      	movs	r2, #128	@ 0x80
10001a7e:	019b      	lsls	r3, r3, #6
10001a80:	18e3      	adds	r3, r4, r3
10001a82:	0112      	lsls	r2, r2, #4
10001a84:	601a      	str	r2, [r3, #0]
10001a86:	4b29      	ldr	r3, [pc, #164]	@ (10001b2c <clock_configure_undivided+0xe4>)
10001a88:	0085      	lsls	r5, r0, #2
10001a8a:	5959      	ldr	r1, [r3, r5]
10001a8c:	4699      	mov	r9, r3
10001a8e:	2900      	cmp	r1, #0
10001a90:	d11b      	bne.n	10001aca <clock_configure_undivided+0x82>
10001a92:	0173      	lsls	r3, r6, #5
10001a94:	26e0      	movs	r6, #224	@ 0xe0
10001a96:	6822      	ldr	r2, [r4, #0]
10001a98:	4053      	eors	r3, r2
10001a9a:	401e      	ands	r6, r3
10001a9c:	2380      	movs	r3, #128	@ 0x80
10001a9e:	4652      	mov	r2, sl
10001aa0:	015b      	lsls	r3, r3, #5
10001aa2:	18e3      	adds	r3, r4, r3
10001aa4:	601e      	str	r6, [r3, #0]
10001aa6:	2a01      	cmp	r2, #1
10001aa8:	d930      	bls.n	10001b0c <clock_configure_undivided+0xc4>
10001aaa:	2380      	movs	r3, #128	@ 0x80
10001aac:	2280      	movs	r2, #128	@ 0x80
10001aae:	019b      	lsls	r3, r3, #6
10001ab0:	18e3      	adds	r3, r4, r3
10001ab2:	0112      	lsls	r2, r2, #4
10001ab4:	601a      	str	r2, [r3, #0]
10001ab6:	2380      	movs	r3, #128	@ 0x80
10001ab8:	005b      	lsls	r3, r3, #1
10001aba:	6063      	str	r3, [r4, #4]
10001abc:	464b      	mov	r3, r9
10001abe:	515f      	str	r7, [r3, r5]
10001ac0:	bce0      	pop	{r5, r6, r7}
10001ac2:	46ba      	mov	sl, r7
10001ac4:	46b1      	mov	r9, r6
10001ac6:	46a8      	mov	r8, r5
10001ac8:	bdf0      	pop	{r4, r5, r6, r7, pc}
10001aca:	6958      	ldr	r0, [r3, #20]
10001acc:	f000 faf2 	bl	100020b4 <__wrap___aeabi_uidiv>
10001ad0:	3001      	adds	r0, #1
10001ad2:	0043      	lsls	r3, r0, #1
10001ad4:	181b      	adds	r3, r3, r0
10001ad6:	3b03      	subs	r3, #3
10001ad8:	d2fd      	bcs.n	10001ad6 <clock_configure_undivided+0x8e>
10001ada:	e7da      	b.n	10001a92 <clock_configure_undivided+0x4a>
10001adc:	4643      	mov	r3, r8
10001ade:	2b01      	cmp	r3, #1
10001ae0:	d1cb      	bne.n	10001a7a <clock_configure_undivided+0x32>
10001ae2:	23c0      	movs	r3, #192	@ 0xc0
10001ae4:	2203      	movs	r2, #3
10001ae6:	019b      	lsls	r3, r3, #6
10001ae8:	18e3      	adds	r3, r4, r3
10001aea:	601a      	str	r2, [r3, #0]
10001aec:	3a02      	subs	r2, #2
10001aee:	68a3      	ldr	r3, [r4, #8]
10001af0:	421a      	tst	r2, r3
10001af2:	d0fc      	beq.n	10001aee <clock_configure_undivided+0xa6>
10001af4:	0173      	lsls	r3, r6, #5
10001af6:	26e0      	movs	r6, #224	@ 0xe0
10001af8:	6822      	ldr	r2, [r4, #0]
10001afa:	0085      	lsls	r5, r0, #2
10001afc:	4053      	eors	r3, r2
10001afe:	401e      	ands	r6, r3
10001b00:	2380      	movs	r3, #128	@ 0x80
10001b02:	4a0a      	ldr	r2, [pc, #40]	@ (10001b2c <clock_configure_undivided+0xe4>)
10001b04:	015b      	lsls	r3, r3, #5
10001b06:	4691      	mov	r9, r2
10001b08:	18e3      	adds	r3, r4, r3
10001b0a:	601e      	str	r6, [r3, #0]
10001b0c:	4642      	mov	r2, r8
10001b0e:	6821      	ldr	r1, [r4, #0]
10001b10:	4051      	eors	r1, r2
10001b12:	2203      	movs	r2, #3
10001b14:	400a      	ands	r2, r1
10001b16:	601a      	str	r2, [r3, #0]
10001b18:	2301      	movs	r3, #1
10001b1a:	4642      	mov	r2, r8
10001b1c:	4093      	lsls	r3, r2
10001b1e:	68a2      	ldr	r2, [r4, #8]
10001b20:	4213      	tst	r3, r2
10001b22:	d0fc      	beq.n	10001b1e <clock_configure_undivided+0xd6>
10001b24:	e7c1      	b.n	10001aaa <clock_configure_undivided+0x62>
10001b26:	46c0      	nop			@ (mov r8, r8)
10001b28:	40008000 	.word	0x40008000
10001b2c:	20001d48 	.word	0x20001d48

10001b30 <clock_get_hz>:
10001b30:	4b01      	ldr	r3, [pc, #4]	@ (10001b38 <clock_get_hz+0x8>)
10001b32:	0080      	lsls	r0, r0, #2
10001b34:	58c0      	ldr	r0, [r0, r3]
10001b36:	4770      	bx	lr
10001b38:	20001d48 	.word	0x20001d48

10001b3c <frequency_count_khz>:
10001b3c:	2280      	movs	r2, #128	@ 0x80
10001b3e:	b570      	push	{r4, r5, r6, lr}
10001b40:	0006      	movs	r6, r0
10001b42:	4c0e      	ldr	r4, [pc, #56]	@ (10001b7c <frequency_count_khz+0x40>)
10001b44:	0052      	lsls	r2, r2, #1
10001b46:	69a3      	ldr	r3, [r4, #24]
10001b48:	001d      	movs	r5, r3
10001b4a:	4015      	ands	r5, r2
10001b4c:	4213      	tst	r3, r2
10001b4e:	d1fa      	bne.n	10001b46 <frequency_count_khz+0xa>
10001b50:	21fa      	movs	r1, #250	@ 0xfa
10001b52:	4b0b      	ldr	r3, [pc, #44]	@ (10001b80 <frequency_count_khz+0x44>)
10001b54:	0089      	lsls	r1, r1, #2
10001b56:	6918      	ldr	r0, [r3, #16]
10001b58:	f000 faac 	bl	100020b4 <__wrap___aeabi_uidiv>
10001b5c:	230a      	movs	r3, #10
10001b5e:	2110      	movs	r1, #16
10001b60:	6020      	str	r0, [r4, #0]
10001b62:	4a06      	ldr	r2, [pc, #24]	@ (10001b7c <frequency_count_khz+0x40>)
10001b64:	6123      	str	r3, [r4, #16]
10001b66:	3b0b      	subs	r3, #11
10001b68:	6065      	str	r5, [r4, #4]
10001b6a:	60a3      	str	r3, [r4, #8]
10001b6c:	6166      	str	r6, [r4, #20]
10001b6e:	6993      	ldr	r3, [r2, #24]
10001b70:	4219      	tst	r1, r3
10001b72:	d0fc      	beq.n	10001b6e <frequency_count_khz+0x32>
10001b74:	69d0      	ldr	r0, [r2, #28]
10001b76:	0940      	lsrs	r0, r0, #5
10001b78:	bd70      	pop	{r4, r5, r6, pc}
10001b7a:	46c0      	nop			@ (mov r8, r8)
10001b7c:	40008080 	.word	0x40008080
10001b80:	20001d48 	.word	0x20001d48

10001b84 <pll_init>:
10001b84:	b5f8      	push	{r3, r4, r5, r6, r7, lr}
10001b86:	0004      	movs	r4, r0
10001b88:	4821      	ldr	r0, [pc, #132]	@ (10001c10 <pll_init+0x8c>)
10001b8a:	001e      	movs	r6, r3
10001b8c:	0017      	movs	r7, r2
10001b8e:	000d      	movs	r5, r1
10001b90:	f000 fa90 	bl	100020b4 <__wrap___aeabi_uidiv>
10001b94:	0001      	movs	r1, r0
10001b96:	0038      	movs	r0, r7
10001b98:	f000 fa8c 	bl	100020b4 <__wrap___aeabi_uidiv>
10001b9c:	9b06      	ldr	r3, [sp, #24]
10001b9e:	0436      	lsls	r6, r6, #16
10001ba0:	031b      	lsls	r3, r3, #12
10001ba2:	431e      	orrs	r6, r3
10001ba4:	6823      	ldr	r3, [r4, #0]
10001ba6:	2b00      	cmp	r3, #0
10001ba8:	db20      	blt.n	10001bec <pll_init+0x68>
10001baa:	4b1a      	ldr	r3, [pc, #104]	@ (10001c14 <pll_init+0x90>)
10001bac:	491a      	ldr	r1, [pc, #104]	@ (10001c18 <pll_init+0x94>)
10001bae:	18e3      	adds	r3, r4, r3
10001bb0:	1e5a      	subs	r2, r3, #1
10001bb2:	4193      	sbcs	r3, r2
10001bb4:	2280      	movs	r2, #128	@ 0x80
10001bb6:	0192      	lsls	r2, r2, #6
10001bb8:	4694      	mov	ip, r2
10001bba:	425b      	negs	r3, r3
10001bbc:	0b1b      	lsrs	r3, r3, #12
10001bbe:	4a17      	ldr	r2, [pc, #92]	@ (10001c1c <pll_init+0x98>)
10001bc0:	031b      	lsls	r3, r3, #12
10001bc2:	4463      	add	r3, ip
10001bc4:	6013      	str	r3, [r2, #0]
10001bc6:	4a16      	ldr	r2, [pc, #88]	@ (10001c20 <pll_init+0x9c>)
10001bc8:	6013      	str	r3, [r2, #0]
10001bca:	001f      	movs	r7, r3
10001bcc:	680a      	ldr	r2, [r1, #0]
10001bce:	4397      	bics	r7, r2
10001bd0:	d1fb      	bne.n	10001bca <pll_init+0x46>
10001bd2:	4b14      	ldr	r3, [pc, #80]	@ (10001c24 <pll_init+0xa0>)
10001bd4:	6025      	str	r5, [r4, #0]
10001bd6:	18e2      	adds	r2, r4, r3
10001bd8:	2321      	movs	r3, #33	@ 0x21
10001bda:	60a0      	str	r0, [r4, #8]
10001bdc:	6013      	str	r3, [r2, #0]
10001bde:	6823      	ldr	r3, [r4, #0]
10001be0:	2b00      	cmp	r3, #0
10001be2:	dafc      	bge.n	10001bde <pll_init+0x5a>
10001be4:	2308      	movs	r3, #8
10001be6:	60e6      	str	r6, [r4, #12]
10001be8:	6013      	str	r3, [r2, #0]
10001bea:	bdf8      	pop	{r3, r4, r5, r6, r7, pc}
10001bec:	233f      	movs	r3, #63	@ 0x3f
10001bee:	6822      	ldr	r2, [r4, #0]
10001bf0:	4013      	ands	r3, r2
10001bf2:	42ab      	cmp	r3, r5
10001bf4:	d1d9      	bne.n	10001baa <pll_init+0x26>
10001bf6:	68a3      	ldr	r3, [r4, #8]
10001bf8:	051b      	lsls	r3, r3, #20
10001bfa:	0d1b      	lsrs	r3, r3, #20
10001bfc:	4283      	cmp	r3, r0
10001bfe:	d1d4      	bne.n	10001baa <pll_init+0x26>
10001c00:	22ee      	movs	r2, #238	@ 0xee
10001c02:	68e3      	ldr	r3, [r4, #12]
10001c04:	02d2      	lsls	r2, r2, #11
10001c06:	4013      	ands	r3, r2
10001c08:	42b3      	cmp	r3, r6
10001c0a:	d1ce      	bne.n	10001baa <pll_init+0x26>
10001c0c:	e7ed      	b.n	10001bea <pll_init+0x66>
10001c0e:	46c0      	nop			@ (mov r8, r8)
10001c10:	00b71b00 	.word	0x00b71b00
10001c14:	bffd4000 	.word	0xbffd4000
10001c18:	4000c008 	.word	0x4000c008
10001c1c:	4000e000 	.word	0x4000e000
10001c20:	4000f000 	.word	0x4000f000
10001c24:	00003004 	.word	0x00003004

10001c28 <watchdog_enable>:
10001c28:	4b19      	ldr	r3, [pc, #100]	@ (10001c90 <watchdog_enable+0x68>)
10001c2a:	4a1a      	ldr	r2, [pc, #104]	@ (10001c94 <watchdog_enable+0x6c>)
10001c2c:	b510      	push	{r4, lr}
10001c2e:	61da      	str	r2, [r3, #28]
10001c30:	2280      	movs	r2, #128	@ 0x80
10001c32:	4b19      	ldr	r3, [pc, #100]	@ (10001c98 <watchdog_enable+0x70>)
10001c34:	05d2      	lsls	r2, r2, #23
10001c36:	601a      	str	r2, [r3, #0]
10001c38:	4c18      	ldr	r4, [pc, #96]	@ (10001c9c <watchdog_enable+0x74>)
10001c3a:	4a19      	ldr	r2, [pc, #100]	@ (10001ca0 <watchdog_enable+0x78>)
10001c3c:	6014      	str	r4, [r2, #0]
10001c3e:	2900      	cmp	r1, #0
10001c40:	d00a      	beq.n	10001c58 <watchdog_enable+0x30>
10001c42:	22e0      	movs	r2, #224	@ 0xe0
10001c44:	4b17      	ldr	r3, [pc, #92]	@ (10001ca4 <watchdog_enable+0x7c>)
10001c46:	04d2      	lsls	r2, r2, #19
10001c48:	601a      	str	r2, [r3, #0]
10001c4a:	2800      	cmp	r0, #0
10001c4c:	d109      	bne.n	10001c62 <watchdog_enable+0x3a>
10001c4e:	2280      	movs	r2, #128	@ 0x80
10001c50:	4b14      	ldr	r3, [pc, #80]	@ (10001ca4 <watchdog_enable+0x7c>)
10001c52:	0612      	lsls	r2, r2, #24
10001c54:	601a      	str	r2, [r3, #0]
10001c56:	bd10      	pop	{r4, pc}
10001c58:	22e0      	movs	r2, #224	@ 0xe0
10001c5a:	04d2      	lsls	r2, r2, #19
10001c5c:	601a      	str	r2, [r3, #0]
10001c5e:	2800      	cmp	r0, #0
10001c60:	d0f5      	beq.n	10001c4e <watchdog_enable+0x26>
10001c62:	0143      	lsls	r3, r0, #5
10001c64:	1a1b      	subs	r3, r3, r0
10001c66:	009b      	lsls	r3, r3, #2
10001c68:	1818      	adds	r0, r3, r0
10001c6a:	2380      	movs	r3, #128	@ 0x80
10001c6c:	0100      	lsls	r0, r0, #4
10001c6e:	045b      	lsls	r3, r3, #17
10001c70:	4298      	cmp	r0, r3
10001c72:	d209      	bcs.n	10001c88 <watchdog_enable+0x60>
10001c74:	0003      	movs	r3, r0
10001c76:	4a0c      	ldr	r2, [pc, #48]	@ (10001ca8 <watchdog_enable+0x80>)
10001c78:	6013      	str	r3, [r2, #0]
10001c7a:	2280      	movs	r2, #128	@ 0x80
10001c7c:	4b04      	ldr	r3, [pc, #16]	@ (10001c90 <watchdog_enable+0x68>)
10001c7e:	05d2      	lsls	r2, r2, #23
10001c80:	6058      	str	r0, [r3, #4]
10001c82:	4b08      	ldr	r3, [pc, #32]	@ (10001ca4 <watchdog_enable+0x7c>)
10001c84:	601a      	str	r2, [r3, #0]
10001c86:	e7e6      	b.n	10001c56 <watchdog_enable+0x2e>
10001c88:	4b08      	ldr	r3, [pc, #32]	@ (10001cac <watchdog_enable+0x84>)
10001c8a:	0018      	movs	r0, r3
10001c8c:	e7f3      	b.n	10001c76 <watchdog_enable+0x4e>
10001c8e:	46c0      	nop			@ (mov r8, r8)
10001c90:	40058000 	.word	0x40058000
10001c94:	6ab73121 	.word	0x6ab73121
10001c98:	4005b000 	.word	0x4005b000
10001c9c:	0001fffc 	.word	0x0001fffc
10001ca0:	40012008 	.word	0x40012008
10001ca4:	4005a000 	.word	0x4005a000
10001ca8:	200021a8 	.word	0x200021a8
10001cac:	00ffffff 	.word	0x00ffffff

10001cb0 <watchdog_reboot>:
10001cb0:	b510      	push	{r4, lr}
10001cb2:	2480      	movs	r4, #128	@ 0x80
10001cb4:	4b1c      	ldr	r3, [pc, #112]	@ (10001d28 <watchdog_reboot+0x78>)
10001cb6:	05e4      	lsls	r4, r4, #23
10001cb8:	601c      	str	r4, [r3, #0]
10001cba:	2800      	cmp	r0, #0
10001cbc:	d01a      	beq.n	10001cf4 <watchdog_reboot+0x44>
10001cbe:	2301      	movs	r3, #1
10001cc0:	4c1a      	ldr	r4, [pc, #104]	@ (10001d2c <watchdog_reboot+0x7c>)
10001cc2:	4318      	orrs	r0, r3
10001cc4:	4b1a      	ldr	r3, [pc, #104]	@ (10001d30 <watchdog_reboot+0x80>)
10001cc6:	61dc      	str	r4, [r3, #28]
10001cc8:	4c1a      	ldr	r4, [pc, #104]	@ (10001d34 <watchdog_reboot+0x84>)
10001cca:	4044      	eors	r4, r0
10001ccc:	621c      	str	r4, [r3, #32]
10001cce:	6259      	str	r1, [r3, #36]	@ 0x24
10001cd0:	6298      	str	r0, [r3, #40]	@ 0x28
10001cd2:	2180      	movs	r1, #128	@ 0x80
10001cd4:	4b14      	ldr	r3, [pc, #80]	@ (10001d28 <watchdog_reboot+0x78>)
10001cd6:	05c9      	lsls	r1, r1, #23
10001cd8:	6019      	str	r1, [r3, #0]
10001cda:	4817      	ldr	r0, [pc, #92]	@ (10001d38 <watchdog_reboot+0x88>)
10001cdc:	4917      	ldr	r1, [pc, #92]	@ (10001d3c <watchdog_reboot+0x8c>)
10001cde:	6008      	str	r0, [r1, #0]
10001ce0:	21e0      	movs	r1, #224	@ 0xe0
10001ce2:	04c9      	lsls	r1, r1, #19
10001ce4:	6019      	str	r1, [r3, #0]
10001ce6:	2a00      	cmp	r2, #0
10001ce8:	d107      	bne.n	10001cfa <watchdog_reboot+0x4a>
10001cea:	2280      	movs	r2, #128	@ 0x80
10001cec:	4b14      	ldr	r3, [pc, #80]	@ (10001d40 <watchdog_reboot+0x90>)
10001cee:	0612      	lsls	r2, r2, #24
10001cf0:	601a      	str	r2, [r3, #0]
10001cf2:	bd10      	pop	{r4, pc}
10001cf4:	4b0e      	ldr	r3, [pc, #56]	@ (10001d30 <watchdog_reboot+0x80>)
10001cf6:	61d8      	str	r0, [r3, #28]
10001cf8:	e7eb      	b.n	10001cd2 <watchdog_reboot+0x22>
10001cfa:	0153      	lsls	r3, r2, #5
10001cfc:	1a9b      	subs	r3, r3, r2
10001cfe:	009b      	lsls	r3, r3, #2
10001d00:	189a      	adds	r2, r3, r2
10001d02:	2380      	movs	r3, #128	@ 0x80
10001d04:	0112      	lsls	r2, r2, #4
10001d06:	045b      	lsls	r3, r3, #17
10001d08:	429a      	cmp	r2, r3
10001d0a:	d209      	bcs.n	10001d20 <watchdog_reboot+0x70>
10001d0c:	0013      	movs	r3, r2
10001d0e:	490d      	ldr	r1, [pc, #52]	@ (10001d44 <watchdog_reboot+0x94>)
10001d10:	600b      	str	r3, [r1, #0]
10001d12:	4b07      	ldr	r3, [pc, #28]	@ (10001d30 <watchdog_reboot+0x80>)
10001d14:	605a      	str	r2, [r3, #4]
10001d16:	2280      	movs	r2, #128	@ 0x80
10001d18:	4b09      	ldr	r3, [pc, #36]	@ (10001d40 <watchdog_reboot+0x90>)
10001d1a:	05d2      	lsls	r2, r2, #23
10001d1c:	601a      	str	r2, [r3, #0]
10001d1e:	e7e8      	b.n	10001cf2 <watchdog_reboot+0x42>
10001d20:	4b09      	ldr	r3, [pc, #36]	@ (10001d48 <watchdog_reboot+0x98>)
10001d22:	001a      	movs	r2, r3
10001d24:	e7f3      	b.n	10001d0e <watchdog_reboot+0x5e>
10001d26:	46c0      	nop			@ (mov r8, r8)
10001d28:	4005b000 	.word	0x4005b000
10001d2c:	b007c0d3 	.word	0xb007c0d3
10001d30:	40058000 	.word	0x40058000
10001d34:	4ff83f2d 	.word	0x4ff83f2d
10001d38:	0001fffc 	.word	0x0001fffc
10001d3c:	40012008 	.word	0x40012008
10001d40:	4005a000 	.word	0x4005a000
10001d44:	200021a8 	.word	0x200021a8
10001d48:	00ffffff 	.word	0x00ffffff

10001d4c <tick_start>:
10001d4c:	2380      	movs	r3, #128	@ 0x80
10001d4e:	4a02      	ldr	r2, [pc, #8]	@ (10001d58 <tick_start+0xc>)
10001d50:	009b      	lsls	r3, r3, #2
10001d52:	430b      	orrs	r3, r1
10001d54:	62d3      	str	r3, [r2, #44]	@ 0x2c
10001d56:	4770      	bx	lr
10001d58:	40058000 	.word	0x40058000

10001d5c <rom_func_lookup>:
10001d5c:	2300      	movs	r3, #0
10001d5e:	b510      	push	{r4, lr}
10001d60:	0001      	movs	r1, r0
10001d62:	8a98      	ldrh	r0, [r3, #20]
10001d64:	8b1b      	ldrh	r3, [r3, #24]
10001d66:	4798      	blx	r3
10001d68:	bd10      	pop	{r4, pc}
10001d6a:	46c0      	nop			@ (mov r8, r8)

10001d6c <rom_data_lookup>:
10001d6c:	2316      	movs	r3, #22
10001d6e:	b510      	push	{r4, lr}
10001d70:	0001      	movs	r1, r0
10001d72:	8818      	ldrh	r0, [r3, #0]
10001d74:	3302      	adds	r3, #2
10001d76:	881b      	ldrh	r3, [r3, #0]
10001d78:	4798      	blx	r3
10001d7a:	bd10      	pop	{r4, pc}

10001d7c <rom_funcs_lookup>:
10001d7c:	b5f8      	push	{r3, r4, r5, r6, r7, lr}
10001d7e:	4647      	mov	r7, r8
10001d80:	46ce      	mov	lr, r9
10001d82:	b580      	push	{r7, lr}
10001d84:	1e0f      	subs	r7, r1, #0
10001d86:	d018      	beq.n	10001dba <rom_funcs_lookup+0x3e>
10001d88:	2314      	movs	r3, #20
10001d8a:	4699      	mov	r9, r3
10001d8c:	3304      	adds	r3, #4
10001d8e:	0004      	movs	r4, r0
10001d90:	2500      	movs	r5, #0
10001d92:	2601      	movs	r6, #1
10001d94:	4698      	mov	r8, r3
10001d96:	464b      	mov	r3, r9
10001d98:	8818      	ldrh	r0, [r3, #0]
10001d9a:	4643      	mov	r3, r8
10001d9c:	6821      	ldr	r1, [r4, #0]
10001d9e:	881b      	ldrh	r3, [r3, #0]
10001da0:	4798      	blx	r3
10001da2:	c401      	stmia	r4!, {r0}
10001da4:	1e43      	subs	r3, r0, #1
10001da6:	4198      	sbcs	r0, r3
10001da8:	3501      	adds	r5, #1
10001daa:	4006      	ands	r6, r0
10001dac:	42af      	cmp	r7, r5
10001dae:	d1f2      	bne.n	10001d96 <rom_funcs_lookup+0x1a>
10001db0:	0030      	movs	r0, r6
10001db2:	bcc0      	pop	{r6, r7}
10001db4:	46b9      	mov	r9, r7
10001db6:	46b0      	mov	r8, r6
10001db8:	bdf8      	pop	{r3, r4, r5, r6, r7, pc}
10001dba:	2601      	movs	r6, #1
10001dbc:	e7f8      	b.n	10001db0 <rom_funcs_lookup+0x34>
10001dbe:	46c0      	nop			@ (mov r8, r8)

10001dc0 <rom_reset_usb_boot_extra>:
10001dc0:	2300      	movs	r3, #0
10001dc2:	b570      	push	{r4, r5, r6, lr}
10001dc4:	0004      	movs	r4, r0
10001dc6:	000d      	movs	r5, r1
10001dc8:	8a98      	ldrh	r0, [r3, #20]
10001dca:	4905      	ldr	r1, [pc, #20]	@ (10001de0 <rom_reset_usb_boot_extra+0x20>)
10001dcc:	8b1b      	ldrh	r3, [r3, #24]
10001dce:	4798      	blx	r3
10001dd0:	0003      	movs	r3, r0
10001dd2:	2000      	movs	r0, #0
10001dd4:	2c00      	cmp	r4, #0
10001dd6:	db01      	blt.n	10001ddc <rom_reset_usb_boot_extra+0x1c>
10001dd8:	3001      	adds	r0, #1
10001dda:	40a0      	lsls	r0, r4
10001ddc:	0029      	movs	r1, r5
10001dde:	4798      	blx	r3
10001de0:	00004255 	.word	0x00004255

10001de4 <xosc_init>:
10001de4:	23aa      	movs	r3, #170	@ 0xaa
10001de6:	4a06      	ldr	r2, [pc, #24]	@ (10001e00 <xosc_init+0x1c>)
10001de8:	011b      	lsls	r3, r3, #4
10001dea:	6013      	str	r3, [r2, #0]
10001dec:	238d      	movs	r3, #141	@ 0x8d
10001dee:	005b      	lsls	r3, r3, #1
10001df0:	60d3      	str	r3, [r2, #12]
10001df2:	4904      	ldr	r1, [pc, #16]	@ (10001e04 <xosc_init+0x20>)
10001df4:	4b04      	ldr	r3, [pc, #16]	@ (10001e08 <xosc_init+0x24>)
10001df6:	6019      	str	r1, [r3, #0]
10001df8:	6853      	ldr	r3, [r2, #4]
10001dfa:	2b00      	cmp	r3, #0
10001dfc:	dafc      	bge.n	10001df8 <xosc_init+0x14>
10001dfe:	4770      	bx	lr
10001e00:	40024000 	.word	0x40024000
10001e04:	00fab000 	.word	0x00fab000
10001e08:	40026000 	.word	0x40026000

10001e0c <first_per_core_initializer>:
10001e0c:	4770      	bx	lr
10001e0e:	46c0      	nop			@ (mov r8, r8)

10001e10 <hard_assertion_failure>:
10001e10:	b510      	push	{r4, lr}
10001e12:	4801      	ldr	r0, [pc, #4]	@ (10001e18 <hard_assertion_failure+0x8>)
10001e14:	f7fe fdb0 	bl	10000978 <panic>
10001e18:	100079f0 	.word	0x100079f0

10001e1c <runtime_run_initializers>:
10001e1c:	b570      	push	{r4, r5, r6, lr}
10001e1e:	4d07      	ldr	r5, [pc, #28]	@ (10001e3c <runtime_run_initializers+0x20>)
10001e20:	4e07      	ldr	r6, [pc, #28]	@ (10001e40 <runtime_run_initializers+0x24>)
10001e22:	42b5      	cmp	r5, r6
10001e24:	d209      	bcs.n	10001e3a <runtime_run_initializers+0x1e>
10001e26:	2400      	movs	r4, #0
10001e28:	3e01      	subs	r6, #1
10001e2a:	1b76      	subs	r6, r6, r5
10001e2c:	08b6      	lsrs	r6, r6, #2
10001e2e:	cd08      	ldmia	r5!, {r3}
10001e30:	4798      	blx	r3
10001e32:	0023      	movs	r3, r4
10001e34:	3401      	adds	r4, #1
10001e36:	42b3      	cmp	r3, r6
10001e38:	d1f9      	bne.n	10001e2e <runtime_run_initializers+0x12>
10001e3a:	bd70      	pop	{r4, r5, r6, pc}
10001e3c:	10007748 	.word	0x10007748
10001e40:	10007784 	.word	0x10007784

10001e44 <runtime_init_early_resets>:
10001e44:	4b05      	ldr	r3, [pc, #20]	@ (10001e5c <runtime_init_early_resets+0x18>)
10001e46:	4a06      	ldr	r2, [pc, #24]	@ (10001e60 <runtime_init_early_resets+0x1c>)
10001e48:	4906      	ldr	r1, [pc, #24]	@ (10001e64 <runtime_init_early_resets+0x20>)
10001e4a:	601a      	str	r2, [r3, #0]
10001e4c:	4a06      	ldr	r2, [pc, #24]	@ (10001e68 <runtime_init_early_resets+0x24>)
10001e4e:	4b07      	ldr	r3, [pc, #28]	@ (10001e6c <runtime_init_early_resets+0x28>)
10001e50:	601a      	str	r2, [r3, #0]
10001e52:	0010      	movs	r0, r2
10001e54:	680b      	ldr	r3, [r1, #0]
10001e56:	4398      	bics	r0, r3
10001e58:	d1fb      	bne.n	10001e52 <runtime_init_early_resets+0xe>
10001e5a:	4770      	bx	lr
10001e5c:	4000e000 	.word	0x4000e000
10001e60:	fefbcdbf 	.word	0xfefbcdbf
10001e64:	4000c008 	.word	0x4000c008
10001e68:	003c7ffe 	.word	0x003c7ffe
10001e6c:	4000f000 	.word	0x4000f000

10001e70 <runtime_init_usb_power_down>:
10001e70:	4b04      	ldr	r3, [pc, #16]	@ (10001e84 <runtime_init_usb_power_down+0x14>)
10001e72:	6cdb      	ldr	r3, [r3, #76]	@ 0x4c
10001e74:	2b00      	cmp	r3, #0
10001e76:	d103      	bne.n	10001e80 <runtime_init_usb_power_down+0x10>
10001e78:	2280      	movs	r2, #128	@ 0x80
10001e7a:	4b03      	ldr	r3, [pc, #12]	@ (10001e88 <runtime_init_usb_power_down+0x18>)
10001e7c:	02d2      	lsls	r2, r2, #11
10001e7e:	601a      	str	r2, [r3, #0]
10001e80:	4770      	bx	lr
10001e82:	46c0      	nop			@ (mov r8, r8)
10001e84:	50110000 	.word	0x50110000
10001e88:	5011204c 	.word	0x5011204c

10001e8c <runtime_init_post_clock_resets>:
10001e8c:	4a04      	ldr	r2, [pc, #16]	@ (10001ea0 <runtime_init_post_clock_resets+0x14>)
10001e8e:	4b05      	ldr	r3, [pc, #20]	@ (10001ea4 <runtime_init_post_clock_resets+0x18>)
10001e90:	601a      	str	r2, [r3, #0]
10001e92:	4a05      	ldr	r2, [pc, #20]	@ (10001ea8 <runtime_init_post_clock_resets+0x1c>)
10001e94:	6813      	ldr	r3, [r2, #0]
10001e96:	01db      	lsls	r3, r3, #7
10001e98:	3380      	adds	r3, #128	@ 0x80
10001e9a:	d1fb      	bne.n	10001e94 <runtime_init_post_clock_resets+0x8>
10001e9c:	4770      	bx	lr
10001e9e:	46c0      	nop			@ (mov r8, r8)
10001ea0:	01ffffff 	.word	0x01ffffff
10001ea4:	4000f000 	.word	0x4000f000
10001ea8:	4000c008 	.word	0x4000c008

10001eac <runtime_init_rp2040_gpio_ie_disable>:
10001eac:	2240      	movs	r2, #64	@ 0x40
10001eae:	4b03      	ldr	r3, [pc, #12]	@ (10001ebc <runtime_init_rp2040_gpio_ie_disable+0x10>)
10001eb0:	679a      	str	r2, [r3, #120]	@ 0x78
10001eb2:	675a      	str	r2, [r3, #116]	@ 0x74
10001eb4:	671a      	str	r2, [r3, #112]	@ 0x70
10001eb6:	66da      	str	r2, [r3, #108]	@ 0x6c
10001eb8:	4770      	bx	lr
10001eba:	46c0      	nop			@ (mov r8, r8)
10001ebc:	4001f000 	.word	0x4001f000

10001ec0 <runtime_init_spin_locks_reset>:
10001ec0:	b510      	push	{r4, lr}
10001ec2:	f7fe fe0b 	bl	10000adc <spin_locks_reset>
10001ec6:	bd10      	pop	{r4, pc}

10001ec8 <runtime_init_install_ram_vector_table>:
10001ec8:	b5f8      	push	{r3, r4, r5, r6, r7, lr}
10001eca:	4927      	ldr	r1, [pc, #156]	@ (10001f68 <runtime_init_install_ram_vector_table+0xa0>)
10001ecc:	4c27      	ldr	r4, [pc, #156]	@ (10001f6c <runtime_init_install_ram_vector_table+0xa4>)
10001ece:	4d28      	ldr	r5, [pc, #160]	@ (10001f70 <runtime_init_install_ram_vector_table+0xa8>)
10001ed0:	1a64      	subs	r4, r4, r1
10001ed2:	10a6      	asrs	r6, r4, #2
10001ed4:	0032      	movs	r2, r6
10001ed6:	2e30      	cmp	r6, #48	@ 0x30
10001ed8:	d900      	bls.n	10001edc <runtime_init_install_ram_vector_table+0x14>
10001eda:	2230      	movs	r2, #48	@ 0x30
10001edc:	0028      	movs	r0, r5
10001ede:	0092      	lsls	r2, r2, #2
10001ee0:	f000 ffce 	bl	10002e80 <__wrap___aeabi_memcpy>
10001ee4:	2cbc      	cmp	r4, #188	@ 0xbc
10001ee6:	d83b      	bhi.n	10001f60 <runtime_init_install_ram_vector_table+0x98>
10001ee8:	2030      	movs	r0, #48	@ 0x30
10001eea:	232f      	movs	r3, #47	@ 0x2f
10001eec:	192c      	adds	r4, r5, r4
10001eee:	0764      	lsls	r4, r4, #29
10001ef0:	4a20      	ldr	r2, [pc, #128]	@ (10001f74 <runtime_init_install_ram_vector_table+0xac>)
10001ef2:	1b80      	subs	r0, r0, r6
10001ef4:	0fe4      	lsrs	r4, r4, #31
10001ef6:	1b9b      	subs	r3, r3, r6
10001ef8:	2b05      	cmp	r3, #5
10001efa:	d916      	bls.n	10001f2a <runtime_init_install_ram_vector_table+0x62>
10001efc:	0037      	movs	r7, r6
10001efe:	2c00      	cmp	r4, #0
10001f00:	d002      	beq.n	10001f08 <runtime_init_install_ram_vector_table+0x40>
10001f02:	00b3      	lsls	r3, r6, #2
10001f04:	1c77      	adds	r7, r6, #1
10001f06:	50ea      	str	r2, [r5, r3]
10001f08:	1b00      	subs	r0, r0, r4
10001f0a:	1933      	adds	r3, r6, r4
10001f0c:	009b      	lsls	r3, r3, #2
10001f0e:	0841      	lsrs	r1, r0, #1
10001f10:	18eb      	adds	r3, r5, r3
10001f12:	00c9      	lsls	r1, r1, #3
10001f14:	18c9      	adds	r1, r1, r3
10001f16:	601a      	str	r2, [r3, #0]
10001f18:	605a      	str	r2, [r3, #4]
10001f1a:	3308      	adds	r3, #8
10001f1c:	4299      	cmp	r1, r3
10001f1e:	d1fa      	bne.n	10001f16 <runtime_init_install_ram_vector_table+0x4e>
10001f20:	2301      	movs	r3, #1
10001f22:	4203      	tst	r3, r0
10001f24:	d01c      	beq.n	10001f60 <runtime_init_install_ram_vector_table+0x98>
10001f26:	4398      	bics	r0, r3
10001f28:	19c6      	adds	r6, r0, r7
10001f2a:	00b3      	lsls	r3, r6, #2
10001f2c:	50ea      	str	r2, [r5, r3]
10001f2e:	1c73      	adds	r3, r6, #1
10001f30:	2e2f      	cmp	r6, #47	@ 0x2f
10001f32:	d015      	beq.n	10001f60 <runtime_init_install_ram_vector_table+0x98>
10001f34:	009b      	lsls	r3, r3, #2
10001f36:	50ea      	str	r2, [r5, r3]
10001f38:	1cb3      	adds	r3, r6, #2
10001f3a:	2e2e      	cmp	r6, #46	@ 0x2e
10001f3c:	d010      	beq.n	10001f60 <runtime_init_install_ram_vector_table+0x98>
10001f3e:	009b      	lsls	r3, r3, #2
10001f40:	50ea      	str	r2, [r5, r3]
10001f42:	1cf3      	adds	r3, r6, #3
10001f44:	2e2d      	cmp	r6, #45	@ 0x2d
10001f46:	d00b      	beq.n	10001f60 <runtime_init_install_ram_vector_table+0x98>
10001f48:	009b      	lsls	r3, r3, #2
10001f4a:	50ea      	str	r2, [r5, r3]
10001f4c:	1d33      	adds	r3, r6, #4
10001f4e:	2e2c      	cmp	r6, #44	@ 0x2c
10001f50:	d006      	beq.n	10001f60 <runtime_init_install_ram_vector_table+0x98>
10001f52:	009b      	lsls	r3, r3, #2
10001f54:	50ea      	str	r2, [r5, r3]
10001f56:	1d73      	adds	r3, r6, #5
10001f58:	2e2b      	cmp	r6, #43	@ 0x2b
10001f5a:	d001      	beq.n	10001f60 <runtime_init_install_ram_vector_table+0x98>
10001f5c:	009b      	lsls	r3, r3, #2
10001f5e:	50ea      	str	r2, [r5, r3]
10001f60:	4b05      	ldr	r3, [pc, #20]	@ (10001f78 <runtime_init_install_ram_vector_table+0xb0>)
10001f62:	609d      	str	r5, [r3, #8]
10001f64:	bdf8      	pop	{r3, r4, r5, r6, r7, pc}
10001f66:	46c0      	nop			@ (mov r8, r8)
10001f68:	10000100 	.word	0x10000100
10001f6c:	100001c0 	.word	0x100001c0
10001f70:	20000000 	.word	0x20000000
10001f74:	100001c1 	.word	0x100001c1
10001f78:	e000ed00 	.word	0xe000ed00

10001f7c <runtime_init_clocks>:
10001f7c:	2300      	movs	r3, #0
10001f7e:	b510      	push	{r4, lr}
10001f80:	4c29      	ldr	r4, [pc, #164]	@ (10002028 <runtime_init_clocks+0xac>)
10001f82:	b082      	sub	sp, #8
10001f84:	67a3      	str	r3, [r4, #120]	@ 0x78
10001f86:	f7ff ff2d 	bl	10001de4 <xosc_init>
10001f8a:	2201      	movs	r2, #1
10001f8c:	4b27      	ldr	r3, [pc, #156]	@ (1000202c <runtime_init_clocks+0xb0>)
10001f8e:	601a      	str	r2, [r3, #0]
10001f90:	6c63      	ldr	r3, [r4, #68]	@ 0x44
10001f92:	2b01      	cmp	r3, #1
10001f94:	d1fc      	bne.n	10001f90 <runtime_init_clocks+0x14>
10001f96:	2203      	movs	r2, #3
10001f98:	4b25      	ldr	r3, [pc, #148]	@ (10002030 <runtime_init_clocks+0xb4>)
10001f9a:	601a      	str	r2, [r3, #0]
10001f9c:	4a22      	ldr	r2, [pc, #136]	@ (10002028 <runtime_init_clocks+0xac>)
10001f9e:	6b93      	ldr	r3, [r2, #56]	@ 0x38
10001fa0:	2b01      	cmp	r3, #1
10001fa2:	d1fc      	bne.n	10001f9e <runtime_init_clocks+0x22>
10001fa4:	3301      	adds	r3, #1
10001fa6:	9300      	str	r3, [sp, #0]
10001fa8:	2101      	movs	r1, #1
10001faa:	4a22      	ldr	r2, [pc, #136]	@ (10002034 <runtime_init_clocks+0xb8>)
10001fac:	4822      	ldr	r0, [pc, #136]	@ (10002038 <runtime_init_clocks+0xbc>)
10001fae:	3304      	adds	r3, #4
10001fb0:	f7ff fde8 	bl	10001b84 <pll_init>
10001fb4:	2305      	movs	r3, #5
10001fb6:	2101      	movs	r1, #1
10001fb8:	9300      	str	r3, [sp, #0]
10001fba:	4a20      	ldr	r2, [pc, #128]	@ (1000203c <runtime_init_clocks+0xc0>)
10001fbc:	4820      	ldr	r0, [pc, #128]	@ (10002040 <runtime_init_clocks+0xc4>)
10001fbe:	f7ff fde1 	bl	10001b84 <pll_init>
10001fc2:	2200      	movs	r2, #0
10001fc4:	2102      	movs	r1, #2
10001fc6:	2004      	movs	r0, #4
10001fc8:	4b1e      	ldr	r3, [pc, #120]	@ (10002044 <runtime_init_clocks+0xc8>)
10001fca:	f7ff fd3d 	bl	10001a48 <clock_configure_undivided>
10001fce:	2200      	movs	r2, #0
10001fd0:	2101      	movs	r1, #1
10001fd2:	2005      	movs	r0, #5
10001fd4:	4b1c      	ldr	r3, [pc, #112]	@ (10002048 <runtime_init_clocks+0xcc>)
10001fd6:	f7ff fd37 	bl	10001a48 <clock_configure_undivided>
10001fda:	2200      	movs	r2, #0
10001fdc:	2100      	movs	r1, #0
10001fde:	2007      	movs	r0, #7
10001fe0:	4b1a      	ldr	r3, [pc, #104]	@ (1000204c <runtime_init_clocks+0xd0>)
10001fe2:	f7ff fd31 	bl	10001a48 <clock_configure_undivided>
10001fe6:	2200      	movs	r2, #0
10001fe8:	2100      	movs	r1, #0
10001fea:	2008      	movs	r0, #8
10001fec:	4b17      	ldr	r3, [pc, #92]	@ (1000204c <runtime_init_clocks+0xd0>)
10001fee:	f7ff fd2b 	bl	10001a48 <clock_configure_undivided>
10001ff2:	2380      	movs	r3, #128	@ 0x80
10001ff4:	00db      	lsls	r3, r3, #3
10001ff6:	9300      	str	r3, [sp, #0]
10001ff8:	2200      	movs	r2, #0
10001ffa:	2100      	movs	r1, #0
10001ffc:	2009      	movs	r0, #9
10001ffe:	4b13      	ldr	r3, [pc, #76]	@ (1000204c <runtime_init_clocks+0xd0>)
10002000:	f7ff fca8 	bl	10001954 <clock_configure_int_divider>
10002004:	2200      	movs	r2, #0
10002006:	4b10      	ldr	r3, [pc, #64]	@ (10002048 <runtime_init_clocks+0xcc>)
10002008:	2100      	movs	r1, #0
1000200a:	2006      	movs	r0, #6
1000200c:	f7ff fd1c 	bl	10001a48 <clock_configure_undivided>
10002010:	2004      	movs	r0, #4
10002012:	f7ff fd8d 	bl	10001b30 <clock_get_hz>
10002016:	490e      	ldr	r1, [pc, #56]	@ (10002050 <runtime_init_clocks+0xd4>)
10002018:	f000 f84c 	bl	100020b4 <__wrap___aeabi_uidiv>
1000201c:	0001      	movs	r1, r0
1000201e:	2000      	movs	r0, #0
10002020:	f7ff fe94 	bl	10001d4c <tick_start>
10002024:	b002      	add	sp, #8
10002026:	bd10      	pop	{r4, pc}
10002028:	40008000 	.word	0x40008000
1000202c:	4000b03c 	.word	0x4000b03c
10002030:	4000b030 	.word	0x4000b030
10002034:	59682f00 	.word	0x59682f00
10002038:	40028000 	.word	0x40028000
1000203c:	47868c00 	.word	0x47868c00
10002040:	4002c000 	.word	0x4002c000
10002044:	00b71b00 	.word	0x00b71b00
10002048:	07735940 	.word	0x07735940
1000204c:	02dc6c00 	.word	0x02dc6c00
10002050:	000f4240 	.word	0x000f4240

10002054 <__aeabi_bits_init>:
10002054:	4801      	ldr	r0, [pc, #4]	@ (1000205c <__aeabi_bits_init+0x8>)
10002056:	2104      	movs	r1, #4
10002058:	4b01      	ldr	r3, [pc, #4]	@ (10002060 <__aeabi_bits_init+0xc>)
1000205a:	4718      	bx	r3
1000205c:	200010b0 	.word	0x200010b0
10002060:	10001d7d 	.word	0x10001d7d

10002064 <__wrap___aeabi_idiv>:
10002064:	4a12      	ldr	r2, [pc, #72]	@ (100020b0 <divmod_s32s32_savestate+0x18>)
10002066:	6f93      	ldr	r3, [r2, #120]	@ 0x78
10002068:	089b      	lsrs	r3, r3, #2
1000206a:	d215      	bcs.n	10002098 <divmod_s32s32_savestate>

1000206c <divmod_s32s32_unsafe>:
1000206c:	6690      	str	r0, [r2, #104]	@ 0x68
1000206e:	66d1      	str	r1, [r2, #108]	@ 0x6c
10002070:	2900      	cmp	r1, #0
10002072:	d005      	beq.n	10002080 <divmod_s32s32_unsafe+0x14>
10002074:	e7ff      	b.n	10002076 <divmod_s32s32_unsafe+0xa>
10002076:	e7ff      	b.n	10002078 <divmod_s32s32_unsafe+0xc>
10002078:	e7ff      	b.n	1000207a <divmod_s32s32_unsafe+0xe>
1000207a:	6f51      	ldr	r1, [r2, #116]	@ 0x74
1000207c:	6f10      	ldr	r0, [r2, #112]	@ 0x70
1000207e:	4770      	bx	lr
10002080:	b504      	push	{r2, lr}
10002082:	2180      	movs	r1, #128	@ 0x80
10002084:	0609      	lsls	r1, r1, #24
10002086:	17c2      	asrs	r2, r0, #31
10002088:	4051      	eors	r1, r2
1000208a:	2800      	cmp	r0, #0
1000208c:	d000      	beq.n	10002090 <divmod_s32s32_unsafe+0x24>
1000208e:	43c8      	mvns	r0, r1
10002090:	f005 fb22 	bl	100076d8 <____aeabi_idiv0_veneer>
10002094:	2100      	movs	r1, #0
10002096:	bd04      	pop	{r2, pc}

10002098 <divmod_s32s32_savestate>:
10002098:	b5f0      	push	{r4, r5, r6, r7, lr}
1000209a:	6e14      	ldr	r4, [r2, #96]	@ 0x60
1000209c:	6e55      	ldr	r5, [r2, #100]	@ 0x64
1000209e:	6f57      	ldr	r7, [r2, #116]	@ 0x74
100020a0:	6f16      	ldr	r6, [r2, #112]	@ 0x70
100020a2:	f7ff ffe3 	bl	1000206c <divmod_s32s32_unsafe>
100020a6:	6614      	str	r4, [r2, #96]	@ 0x60
100020a8:	6655      	str	r5, [r2, #100]	@ 0x64
100020aa:	6757      	str	r7, [r2, #116]	@ 0x74
100020ac:	6716      	str	r6, [r2, #112]	@ 0x70
100020ae:	bdf0      	pop	{r4, r5, r6, r7, pc}
100020b0:	d0000000 	.word	0xd0000000

100020b4 <__wrap___aeabi_uidiv>:
100020b4:	4a11      	ldr	r2, [pc, #68]	@ (100020fc <divmod_u32u32_savestate+0x18>)
100020b6:	6f93      	ldr	r3, [r2, #120]	@ 0x78
100020b8:	089b      	lsrs	r3, r3, #2
100020ba:	d213      	bcs.n	100020e4 <divmod_u32u32_savestate>

100020bc <divmod_u32u32_unsafe>:
100020bc:	6610      	str	r0, [r2, #96]	@ 0x60
100020be:	6651      	str	r1, [r2, #100]	@ 0x64
100020c0:	2900      	cmp	r1, #0
100020c2:	d005      	beq.n	100020d0 <divmod_u32u32_unsafe+0x14>
100020c4:	e7ff      	b.n	100020c6 <divmod_u32u32_unsafe+0xa>
100020c6:	e7ff      	b.n	100020c8 <divmod_u32u32_unsafe+0xc>
100020c8:	e7ff      	b.n	100020ca <divmod_u32u32_unsafe+0xe>
100020ca:	6f51      	ldr	r1, [r2, #116]	@ 0x74
100020cc:	6f10      	ldr	r0, [r2, #112]	@ 0x70
100020ce:	4770      	bx	lr
100020d0:	b504      	push	{r2, lr}
100020d2:	2800      	cmp	r0, #0
100020d4:	d001      	beq.n	100020da <divmod_u32u32_unsafe+0x1e>
100020d6:	2000      	movs	r0, #0
100020d8:	43c0      	mvns	r0, r0
100020da:	f005 fafd 	bl	100076d8 <____aeabi_idiv0_veneer>
100020de:	2100      	movs	r1, #0
100020e0:	bd04      	pop	{r2, pc}
100020e2:	46c0      	nop			@ (mov r8, r8)

100020e4 <divmod_u32u32_savestate>:
100020e4:	b5f0      	push	{r4, r5, r6, r7, lr}
100020e6:	6e14      	ldr	r4, [r2, #96]	@ 0x60
100020e8:	6e55      	ldr	r5, [r2, #100]	@ 0x64
100020ea:	6f57      	ldr	r7, [r2, #116]	@ 0x74
100020ec:	6f16      	ldr	r6, [r2, #112]	@ 0x70
100020ee:	f7ff ffe5 	bl	100020bc <divmod_u32u32_unsafe>
100020f2:	6614      	str	r4, [r2, #96]	@ 0x60
100020f4:	6655      	str	r5, [r2, #100]	@ 0x64
100020f6:	6757      	str	r7, [r2, #116]	@ 0x74
100020f8:	6716      	str	r6, [r2, #112]	@ 0x70
100020fa:	bdf0      	pop	{r4, r5, r6, r7, pc}
100020fc:	d0000000 	.word	0xd0000000

10002100 <__wrap___aeabi_ldivmod>:
10002100:	4694      	mov	ip, r2
10002102:	4a4a      	ldr	r2, [pc, #296]	@ (1000222c <udiv0+0x1a>)
10002104:	6f92      	ldr	r2, [r2, #120]	@ 0x78
10002106:	0892      	lsrs	r2, r2, #2
10002108:	4662      	mov	r2, ip
1000210a:	d201      	bcs.n	10002110 <divmod_s64s64_savestate>
1000210c:	e028      	b.n	10002160 <divmod_s64s64_unsafe>
1000210e:	46c0      	nop			@ (mov r8, r8)

10002110 <divmod_s64s64_savestate>:
10002110:	b5f0      	push	{r4, r5, r6, r7, lr}
10002112:	4e46      	ldr	r6, [pc, #280]	@ (1000222c <udiv0+0x1a>)
10002114:	6e34      	ldr	r4, [r6, #96]	@ 0x60
10002116:	6e75      	ldr	r5, [r6, #100]	@ 0x64
10002118:	6f77      	ldr	r7, [r6, #116]	@ 0x74
1000211a:	6f36      	ldr	r6, [r6, #112]	@ 0x70
1000211c:	f000 f820 	bl	10002160 <divmod_s64s64_unsafe>
10002120:	4694      	mov	ip, r2
10002122:	4a42      	ldr	r2, [pc, #264]	@ (1000222c <udiv0+0x1a>)
10002124:	6614      	str	r4, [r2, #96]	@ 0x60
10002126:	6655      	str	r5, [r2, #100]	@ 0x64
10002128:	6757      	str	r7, [r2, #116]	@ 0x74
1000212a:	6716      	str	r6, [r2, #112]	@ 0x70
1000212c:	4662      	mov	r2, ip
1000212e:	bdf0      	pop	{r4, r5, r6, r7, pc}

10002130 <__wrap___aeabi_uldivmod>:
10002130:	4694      	mov	ip, r2
10002132:	4a3e      	ldr	r2, [pc, #248]	@ (1000222c <udiv0+0x1a>)
10002134:	6f92      	ldr	r2, [r2, #120]	@ 0x78
10002136:	0892      	lsrs	r2, r2, #2
10002138:	4662      	mov	r2, ip
1000213a:	d201      	bcs.n	10002140 <divmod_u64u64_savestate>
1000213c:	e054      	b.n	100021e8 <divmod_u64u64_unsafe>
1000213e:	46c0      	nop			@ (mov r8, r8)

10002140 <divmod_u64u64_savestate>:
10002140:	b5f0      	push	{r4, r5, r6, r7, lr}
10002142:	4e3a      	ldr	r6, [pc, #232]	@ (1000222c <udiv0+0x1a>)
10002144:	6e34      	ldr	r4, [r6, #96]	@ 0x60
10002146:	6e75      	ldr	r5, [r6, #100]	@ 0x64
10002148:	6f77      	ldr	r7, [r6, #116]	@ 0x74
1000214a:	6f36      	ldr	r6, [r6, #112]	@ 0x70
1000214c:	f000 f84c 	bl	100021e8 <divmod_u64u64_unsafe>
10002150:	4694      	mov	ip, r2
10002152:	4a36      	ldr	r2, [pc, #216]	@ (1000222c <udiv0+0x1a>)
10002154:	6614      	str	r4, [r2, #96]	@ 0x60
10002156:	6655      	str	r5, [r2, #100]	@ 0x64
10002158:	6757      	str	r7, [r2, #116]	@ 0x74
1000215a:	6716      	str	r6, [r2, #112]	@ 0x70
1000215c:	4662      	mov	r2, ip
1000215e:	bdf0      	pop	{r4, r5, r6, r7, pc}

10002160 <divmod_s64s64_unsafe>:
10002160:	2b00      	cmp	r3, #0
10002162:	db24      	blt.n	100021ae <l42_1+0x26>
10002164:	d011      	beq.n	1000218a <l42_1+0x2>
10002166:	2900      	cmp	r1, #0
10002168:	da3e      	bge.n	100021e8 <divmod_u64u64_unsafe>
1000216a:	b500      	push	{lr}
1000216c:	43c9      	mvns	r1, r1
1000216e:	4240      	negs	r0, r0
10002170:	d100      	bne.n	10002174 <l40_1>
10002172:	3101      	adds	r1, #1

10002174 <l40_1>:
10002174:	f000 f838 	bl	100021e8 <divmod_u64u64_unsafe>
10002178:	43c9      	mvns	r1, r1
1000217a:	4240      	negs	r0, r0
1000217c:	d100      	bne.n	10002180 <l41_1>
1000217e:	3101      	adds	r1, #1

10002180 <l41_1>:
10002180:	43db      	mvns	r3, r3
10002182:	4252      	negs	r2, r2
10002184:	d100      	bne.n	10002188 <l42_1>
10002186:	3301      	adds	r3, #1

10002188 <l42_1>:
10002188:	bd00      	pop	{pc}
1000218a:	2a00      	cmp	r2, #0
1000218c:	d1eb      	bne.n	10002166 <divmod_s64s64_unsafe+0x6>
1000218e:	2800      	cmp	r0, #0
10002190:	d101      	bne.n	10002196 <l42_1+0xe>
10002192:	2900      	cmp	r1, #0
10002194:	d005      	beq.n	100021a2 <l42_1+0x1a>
10002196:	2000      	movs	r0, #0
10002198:	0fc9      	lsrs	r1, r1, #31
1000219a:	07c9      	lsls	r1, r1, #31
1000219c:	d101      	bne.n	100021a2 <l42_1+0x1a>
1000219e:	43c0      	mvns	r0, r0
100021a0:	0841      	lsrs	r1, r0, #1
100021a2:	b500      	push	{lr}
100021a4:	f005 fa88 	bl	100076b8 <____aeabi_ldiv0_veneer>
100021a8:	2200      	movs	r2, #0
100021aa:	2300      	movs	r3, #0
100021ac:	bd00      	pop	{pc}
100021ae:	b500      	push	{lr}
100021b0:	2900      	cmp	r1, #0
100021b2:	db0a      	blt.n	100021ca <l44_1+0x2>
100021b4:	43db      	mvns	r3, r3
100021b6:	4252      	negs	r2, r2
100021b8:	d100      	bne.n	100021bc <l43_1>
100021ba:	3301      	adds	r3, #1

100021bc <l43_1>:
100021bc:	f000 f814 	bl	100021e8 <divmod_u64u64_unsafe>
100021c0:	43c9      	mvns	r1, r1
100021c2:	4240      	negs	r0, r0
100021c4:	d100      	bne.n	100021c8 <l44_1>
100021c6:	3101      	adds	r1, #1

100021c8 <l44_1>:
100021c8:	bd00      	pop	{pc}
100021ca:	43c9      	mvns	r1, r1
100021cc:	4240      	negs	r0, r0
100021ce:	d100      	bne.n	100021d2 <l45_1>
100021d0:	3101      	adds	r1, #1

100021d2 <l45_1>:
100021d2:	43db      	mvns	r3, r3
100021d4:	4252      	negs	r2, r2
100021d6:	d100      	bne.n	100021da <l46_1>
100021d8:	3301      	adds	r3, #1

100021da <l46_1>:
100021da:	f000 f805 	bl	100021e8 <divmod_u64u64_unsafe>
100021de:	43db      	mvns	r3, r3
100021e0:	4252      	negs	r2, r2
100021e2:	d100      	bne.n	100021e6 <l47_1>
100021e4:	3301      	adds	r3, #1

100021e6 <l47_1>:
100021e6:	bd00      	pop	{pc}

100021e8 <divmod_u64u64_unsafe>:
100021e8:	2900      	cmp	r1, #0
100021ea:	d123      	bne.n	10002234 <y64>
100021ec:	2b00      	cmp	r3, #0
100021ee:	d118      	bne.n	10002222 <udiv0+0x10>
100021f0:	2a00      	cmp	r2, #0
100021f2:	d00c      	beq.n	1000220e <divmod_u64u64_unsafe+0x26>
100021f4:	46bc      	mov	ip, r7
100021f6:	4f0d      	ldr	r7, [pc, #52]	@ (1000222c <udiv0+0x1a>)
100021f8:	6638      	str	r0, [r7, #96]	@ 0x60
100021fa:	667a      	str	r2, [r7, #100]	@ 0x64
100021fc:	2100      	movs	r1, #0
100021fe:	2300      	movs	r3, #0
10002200:	e7ff      	b.n	10002202 <divmod_u64u64_unsafe+0x1a>
10002202:	e7ff      	b.n	10002204 <divmod_u64u64_unsafe+0x1c>
10002204:	e7ff      	b.n	10002206 <divmod_u64u64_unsafe+0x1e>
10002206:	6f7a      	ldr	r2, [r7, #116]	@ 0x74
10002208:	6f38      	ldr	r0, [r7, #112]	@ 0x70
1000220a:	4667      	mov	r7, ip
1000220c:	4770      	bx	lr
1000220e:	2800      	cmp	r0, #0
10002210:	d001      	beq.n	10002216 <udiv0+0x4>

10002212 <udiv0>:
10002212:	4807      	ldr	r0, [pc, #28]	@ (10002230 <udiv0+0x1e>)
10002214:	0001      	movs	r1, r0
10002216:	b500      	push	{lr}
10002218:	f005 fa4e 	bl	100076b8 <____aeabi_ldiv0_veneer>
1000221c:	2200      	movs	r2, #0
1000221e:	2300      	movs	r3, #0
10002220:	bd00      	pop	{pc}
10002222:	0002      	movs	r2, r0
10002224:	000b      	movs	r3, r1
10002226:	2000      	movs	r0, #0
10002228:	2100      	movs	r1, #0
1000222a:	4770      	bx	lr
1000222c:	d0000000 	.word	0xd0000000
10002230:	ffffffff 	.word	0xffffffff

10002234 <y64>:
10002234:	2b00      	cmp	r3, #0
10002236:	d000      	beq.n	1000223a <y64+0x6>
10002238:	e0bf      	b.n	100023ba <y64_x48>
1000223a:	0c13      	lsrs	r3, r2, #16
1000223c:	d128      	bne.n	10002290 <y64_x32>
1000223e:	2a00      	cmp	r2, #0
10002240:	d0e7      	beq.n	10002212 <udiv0>
10002242:	b480      	push	{r7}
10002244:	4f11      	ldr	r7, [pc, #68]	@ (1000228c <y64+0x58>)
10002246:	6639      	str	r1, [r7, #96]	@ 0x60
10002248:	667a      	str	r2, [r7, #100]	@ 0x64
1000224a:	e7ff      	b.n	1000224c <y64+0x18>
1000224c:	e7ff      	b.n	1000224e <y64+0x1a>
1000224e:	b430      	push	{r4, r5}
10002250:	0c04      	lsrs	r4, r0, #16
10002252:	6f7b      	ldr	r3, [r7, #116]	@ 0x74
10002254:	6f39      	ldr	r1, [r7, #112]	@ 0x70
10002256:	041b      	lsls	r3, r3, #16
10002258:	4323      	orrs	r3, r4
1000225a:	663b      	str	r3, [r7, #96]	@ 0x60
1000225c:	667a      	str	r2, [r7, #100]	@ 0x64
1000225e:	e7ff      	b.n	10002260 <y64+0x2c>
10002260:	e7ff      	b.n	10002262 <y64+0x2e>
10002262:	e7ff      	b.n	10002264 <y64+0x30>
10002264:	46c0      	nop			@ (mov r8, r8)
10002266:	b284      	uxth	r4, r0
10002268:	6f7b      	ldr	r3, [r7, #116]	@ 0x74
1000226a:	6f3d      	ldr	r5, [r7, #112]	@ 0x70
1000226c:	041b      	lsls	r3, r3, #16
1000226e:	4323      	orrs	r3, r4
10002270:	663b      	str	r3, [r7, #96]	@ 0x60
10002272:	667a      	str	r2, [r7, #100]	@ 0x64
10002274:	e7ff      	b.n	10002276 <y64+0x42>
10002276:	e7ff      	b.n	10002278 <y64+0x44>
10002278:	46c0      	nop			@ (mov r8, r8)
1000227a:	2300      	movs	r3, #0
1000227c:	042c      	lsls	r4, r5, #16
1000227e:	0c2d      	lsrs	r5, r5, #16
10002280:	6f7a      	ldr	r2, [r7, #116]	@ 0x74
10002282:	6f38      	ldr	r0, [r7, #112]	@ 0x70
10002284:	1900      	adds	r0, r0, r4
10002286:	4169      	adcs	r1, r5
10002288:	bcb0      	pop	{r4, r5, r7}
1000228a:	4770      	bx	lr
1000228c:	d0000000 	.word	0xd0000000

10002290 <y64_x32>:
10002290:	b5f0      	push	{r4, r5, r6, r7, lr}
10002292:	4694      	mov	ip, r2
10002294:	2500      	movs	r5, #0
10002296:	0e14      	lsrs	r4, r2, #24
10002298:	d101      	bne.n	1000229e <y64_x32+0xe>
1000229a:	0212      	lsls	r2, r2, #8
1000229c:	3508      	adds	r5, #8
1000229e:	0f14      	lsrs	r4, r2, #28
100022a0:	d101      	bne.n	100022a6 <y64_x32+0x16>
100022a2:	0112      	lsls	r2, r2, #4
100022a4:	3504      	adds	r5, #4
100022a6:	0f94      	lsrs	r4, r2, #30
100022a8:	d101      	bne.n	100022ae <y64_x32+0x1e>
100022aa:	0092      	lsls	r2, r2, #2
100022ac:	3502      	adds	r5, #2
100022ae:	0fd4      	lsrs	r4, r2, #31
100022b0:	d101      	bne.n	100022b6 <y64_x32+0x26>
100022b2:	0052      	lsls	r2, r2, #1
100022b4:	3501      	adds	r5, #1
100022b6:	0bd4      	lsrs	r4, r2, #15
100022b8:	3401      	adds	r4, #1
100022ba:	4f25      	ldr	r7, [pc, #148]	@ (10002350 <y64_x32+0xc0>)
100022bc:	667c      	str	r4, [r7, #100]	@ 0x64
100022be:	4c25      	ldr	r4, [pc, #148]	@ (10002354 <y64_x32+0xc4>)
100022c0:	663c      	str	r4, [r7, #96]	@ 0x60
100022c2:	0c0e      	lsrs	r6, r1, #16
100022c4:	b293      	uxth	r3, r2
100022c6:	e7ff      	b.n	100022c8 <y64_x32+0x38>
100022c8:	e7ff      	b.n	100022ca <y64_x32+0x3a>
100022ca:	e7ff      	b.n	100022cc <y64_x32+0x3c>
100022cc:	6f3c      	ldr	r4, [r7, #112]	@ 0x70
100022ce:	4366      	muls	r6, r4
100022d0:	0c36      	lsrs	r6, r6, #16
100022d2:	0377      	lsls	r7, r6, #13
100022d4:	46be      	mov	lr, r7
100022d6:	4373      	muls	r3, r6
100022d8:	0bdf      	lsrs	r7, r3, #15
100022da:	045b      	lsls	r3, r3, #17
100022dc:	1ac0      	subs	r0, r0, r3
100022de:	41b9      	sbcs	r1, r7
100022e0:	0c13      	lsrs	r3, r2, #16
100022e2:	4373      	muls	r3, r6
100022e4:	18db      	adds	r3, r3, r3
100022e6:	1ac9      	subs	r1, r1, r3
100022e8:	08ce      	lsrs	r6, r1, #3
100022ea:	4366      	muls	r6, r4
100022ec:	0c36      	lsrs	r6, r6, #16
100022ee:	44b6      	add	lr, r6
100022f0:	b293      	uxth	r3, r2
100022f2:	4373      	muls	r3, r6
100022f4:	0f1f      	lsrs	r7, r3, #28
100022f6:	011b      	lsls	r3, r3, #4
100022f8:	1ac0      	subs	r0, r0, r3
100022fa:	41b9      	sbcs	r1, r7
100022fc:	0c13      	lsrs	r3, r2, #16
100022fe:	4373      	muls	r3, r6
10002300:	0b1f      	lsrs	r7, r3, #12
10002302:	051b      	lsls	r3, r3, #20
10002304:	1ac0      	subs	r0, r0, r3
10002306:	41b9      	sbcs	r1, r7
10002308:	0d86      	lsrs	r6, r0, #22
1000230a:	028f      	lsls	r7, r1, #10
1000230c:	433e      	orrs	r6, r7
1000230e:	4366      	muls	r6, r4
10002310:	0c36      	lsrs	r6, r6, #16
10002312:	2d09      	cmp	r5, #9
10002314:	db24      	blt.n	10002360 <last0>
10002316:	0a52      	lsrs	r2, r2, #9
10002318:	4372      	muls	r2, r6
1000231a:	1a80      	subs	r0, r0, r2
1000231c:	0377      	lsls	r7, r6, #13
1000231e:	0a46      	lsrs	r6, r0, #9
10002320:	4366      	muls	r6, r4
10002322:	0c36      	lsrs	r6, r6, #16
10002324:	2316      	movs	r3, #22
10002326:	1b5b      	subs	r3, r3, r5
10002328:	40de      	lsrs	r6, r3
1000232a:	40df      	lsrs	r7, r3
1000232c:	19bf      	adds	r7, r7, r6
1000232e:	4664      	mov	r4, ip
10002330:	4366      	muls	r6, r4
10002332:	1b82      	subs	r2, r0, r6
10002334:	4670      	mov	r0, lr
10002336:	3504      	adds	r5, #4
10002338:	3306      	adds	r3, #6
1000233a:	0001      	movs	r1, r0
1000233c:	40d9      	lsrs	r1, r3
1000233e:	40a8      	lsls	r0, r5
10002340:	19c0      	adds	r0, r0, r7
10002342:	d300      	bcc.n	10002346 <y64_x32+0xb6>
10002344:	3101      	adds	r1, #1
10002346:	42a2      	cmp	r2, r4
10002348:	d206      	bcs.n	10002358 <y64_x32+0xc8>
1000234a:	2300      	movs	r3, #0
1000234c:	bdf0      	pop	{r4, r5, r6, r7, pc}
1000234e:	0000      	.short	0x0000
10002350:	d0000000 	.word	0xd0000000
10002354:	ffffffff 	.word	0xffffffff
10002358:	1b12      	subs	r2, r2, r4
1000235a:	3001      	adds	r0, #1
1000235c:	d3f3      	bcc.n	10002346 <y64_x32+0xb6>
1000235e:	e7f1      	b.n	10002344 <y64_x32+0xb4>

10002360 <last0>:
10002360:	2709      	movs	r7, #9
10002362:	1b7f      	subs	r7, r7, r5
10002364:	40fe      	lsrs	r6, r7
10002366:	4664      	mov	r4, ip
10002368:	b2a2      	uxth	r2, r4
1000236a:	4372      	muls	r2, r6
1000236c:	1a80      	subs	r0, r0, r2
1000236e:	d200      	bcs.n	10002372 <last0+0x12>
10002370:	3901      	subs	r1, #1
10002372:	0c22      	lsrs	r2, r4, #16
10002374:	4372      	muls	r2, r6
10002376:	0c13      	lsrs	r3, r2, #16
10002378:	0412      	lsls	r2, r2, #16
1000237a:	1a82      	subs	r2, r0, r2
1000237c:	4199      	sbcs	r1, r3
1000237e:	000b      	movs	r3, r1
10002380:	4670      	mov	r0, lr
10002382:	3504      	adds	r5, #4
10002384:	3713      	adds	r7, #19
10002386:	0001      	movs	r1, r0
10002388:	40f9      	lsrs	r1, r7
1000238a:	40a8      	lsls	r0, r5
1000238c:	1980      	adds	r0, r0, r6
1000238e:	d300      	bcc.n	10002392 <last0+0x32>
10002390:	3101      	adds	r1, #1
10002392:	2b00      	cmp	r3, #0
10002394:	d102      	bne.n	1000239c <last0+0x3c>
10002396:	42a2      	cmp	r2, r4
10002398:	d20a      	bcs.n	100023b0 <last0+0x50>
1000239a:	bdf0      	pop	{r4, r5, r6, r7, pc}
1000239c:	3001      	adds	r0, #1
1000239e:	d300      	bcc.n	100023a2 <last0+0x42>
100023a0:	3101      	adds	r1, #1
100023a2:	1b12      	subs	r2, r2, r4
100023a4:	d2fa      	bcs.n	1000239c <last0+0x3c>
100023a6:	3b01      	subs	r3, #1
100023a8:	d1f8      	bne.n	1000239c <last0+0x3c>
100023aa:	42a2      	cmp	r2, r4
100023ac:	d200      	bcs.n	100023b0 <last0+0x50>
100023ae:	bdf0      	pop	{r4, r5, r6, r7, pc}
100023b0:	3001      	adds	r0, #1
100023b2:	d300      	bcc.n	100023b6 <last0+0x56>
100023b4:	3101      	adds	r1, #1
100023b6:	1b12      	subs	r2, r2, r4
100023b8:	e7f7      	b.n	100023aa <last0+0x4a>

100023ba <y64_x48>:
100023ba:	b5f0      	push	{r4, r5, r6, r7, lr}
100023bc:	0c1c      	lsrs	r4, r3, #16
100023be:	d000      	beq.n	100023c2 <y64_x48+0x8>
100023c0:	e080      	b.n	100024c4 <y64_x64>
100023c2:	b40c      	push	{r2, r3}
100023c4:	2500      	movs	r5, #0
100023c6:	0a1c      	lsrs	r4, r3, #8
100023c8:	d104      	bne.n	100023d4 <y64_x48+0x1a>
100023ca:	021b      	lsls	r3, r3, #8
100023cc:	0e16      	lsrs	r6, r2, #24
100023ce:	4333      	orrs	r3, r6
100023d0:	0212      	lsls	r2, r2, #8
100023d2:	3508      	adds	r5, #8
100023d4:	0b1c      	lsrs	r4, r3, #12
100023d6:	d104      	bne.n	100023e2 <y64_x48+0x28>
100023d8:	011b      	lsls	r3, r3, #4
100023da:	0f16      	lsrs	r6, r2, #28
100023dc:	4333      	orrs	r3, r6
100023de:	0112      	lsls	r2, r2, #4
100023e0:	3504      	adds	r5, #4
100023e2:	0b9c      	lsrs	r4, r3, #14
100023e4:	d104      	bne.n	100023f0 <y64_x48+0x36>
100023e6:	009b      	lsls	r3, r3, #2
100023e8:	0f96      	lsrs	r6, r2, #30
100023ea:	4333      	orrs	r3, r6
100023ec:	0092      	lsls	r2, r2, #2
100023ee:	3502      	adds	r5, #2
100023f0:	0bdc      	lsrs	r4, r3, #15
100023f2:	d102      	bne.n	100023fa <y64_x48+0x40>
100023f4:	1892      	adds	r2, r2, r2
100023f6:	415b      	adcs	r3, r3
100023f8:	3501      	adds	r5, #1
100023fa:	001c      	movs	r4, r3
100023fc:	1897      	adds	r7, r2, r2
100023fe:	4164      	adcs	r4, r4
10002400:	3401      	adds	r4, #1
10002402:	4f46      	ldr	r7, [pc, #280]	@ (1000251c <y64_x64+0x58>)
10002404:	667c      	str	r4, [r7, #100]	@ 0x64
10002406:	4c46      	ldr	r4, [pc, #280]	@ (10002520 <y64_x64+0x5c>)
10002408:	663c      	str	r4, [r7, #96]	@ 0x60
1000240a:	0c0e      	lsrs	r6, r1, #16
1000240c:	e7ff      	b.n	1000240e <y64_x48+0x54>
1000240e:	e7ff      	b.n	10002410 <y64_x48+0x56>
10002410:	e7ff      	b.n	10002412 <y64_x48+0x58>
10002412:	46c0      	nop			@ (mov r8, r8)
10002414:	6f3c      	ldr	r4, [r7, #112]	@ 0x70
10002416:	4366      	muls	r6, r4
10002418:	0c36      	lsrs	r6, r6, #16
1000241a:	0377      	lsls	r7, r6, #13
1000241c:	46be      	mov	lr, r7
1000241e:	b297      	uxth	r7, r2
10002420:	4377      	muls	r7, r6
10002422:	1bc0      	subs	r0, r0, r7
10002424:	d200      	bcs.n	10002428 <y64_x48+0x6e>
10002426:	3901      	subs	r1, #1
10002428:	1bc0      	subs	r0, r0, r7
1000242a:	d200      	bcs.n	1000242e <y64_x48+0x74>
1000242c:	3901      	subs	r1, #1
1000242e:	b29f      	uxth	r7, r3
10002430:	4377      	muls	r7, r6
10002432:	1bc9      	subs	r1, r1, r7
10002434:	1bc9      	subs	r1, r1, r7
10002436:	0c17      	lsrs	r7, r2, #16
10002438:	4377      	muls	r7, r6
1000243a:	047e      	lsls	r6, r7, #17
1000243c:	0bff      	lsrs	r7, r7, #15
1000243e:	1b80      	subs	r0, r0, r6
10002440:	41b9      	sbcs	r1, r7
10002442:	08ce      	lsrs	r6, r1, #3
10002444:	4366      	muls	r6, r4
10002446:	0c36      	lsrs	r6, r6, #16
10002448:	2d0c      	cmp	r5, #12
1000244a:	db33      	blt.n	100024b4 <last1>
1000244c:	44b6      	add	lr, r6
1000244e:	0b12      	lsrs	r2, r2, #12
10002450:	051f      	lsls	r7, r3, #20
10002452:	433a      	orrs	r2, r7
10002454:	0b1b      	lsrs	r3, r3, #12
10002456:	b297      	uxth	r7, r2
10002458:	4377      	muls	r7, r6
1000245a:	1bc0      	subs	r0, r0, r7
1000245c:	d200      	bcs.n	10002460 <y64_x48+0xa6>
1000245e:	3901      	subs	r1, #1
10002460:	b29f      	uxth	r7, r3
10002462:	4377      	muls	r7, r6
10002464:	1bc9      	subs	r1, r1, r7
10002466:	0c17      	lsrs	r7, r2, #16
10002468:	4377      	muls	r7, r6
1000246a:	043e      	lsls	r6, r7, #16
1000246c:	0c3f      	lsrs	r7, r7, #16
1000246e:	1b80      	subs	r0, r0, r6
10002470:	41b9      	sbcs	r1, r7
10002472:	0d86      	lsrs	r6, r0, #22
10002474:	028f      	lsls	r7, r1, #10
10002476:	433e      	orrs	r6, r7
10002478:	4366      	muls	r6, r4
1000247a:	2729      	movs	r7, #41	@ 0x29
1000247c:	1b7f      	subs	r7, r7, r5
1000247e:	40fe      	lsrs	r6, r7
10002480:	3d0c      	subs	r5, #12
10002482:	4677      	mov	r7, lr
10002484:	40af      	lsls	r7, r5
10002486:	19bf      	adds	r7, r7, r6
10002488:	bc30      	pop	{r4, r5}
1000248a:	b2a2      	uxth	r2, r4
1000248c:	b2ab      	uxth	r3, r5
1000248e:	4372      	muls	r2, r6
10002490:	4373      	muls	r3, r6
10002492:	1a80      	subs	r0, r0, r2
10002494:	4199      	sbcs	r1, r3
10002496:	0c22      	lsrs	r2, r4, #16
10002498:	4372      	muls	r2, r6
1000249a:	0c13      	lsrs	r3, r2, #16
1000249c:	0412      	lsls	r2, r2, #16
1000249e:	1a80      	subs	r0, r0, r2
100024a0:	4199      	sbcs	r1, r3
100024a2:	0002      	movs	r2, r0
100024a4:	000b      	movs	r3, r1
100024a6:	3701      	adds	r7, #1
100024a8:	1b00      	subs	r0, r0, r4
100024aa:	41a9      	sbcs	r1, r5
100024ac:	d2f9      	bcs.n	100024a2 <y64_x48+0xe8>
100024ae:	1e78      	subs	r0, r7, #1
100024b0:	2100      	movs	r1, #0
100024b2:	bdf0      	pop	{r4, r5, r6, r7, pc}

100024b4 <last1>:
100024b4:	270c      	movs	r7, #12
100024b6:	1b7f      	subs	r7, r7, r5
100024b8:	40fe      	lsrs	r6, r7
100024ba:	4677      	mov	r7, lr
100024bc:	0b7f      	lsrs	r7, r7, #13
100024be:	40af      	lsls	r7, r5
100024c0:	19ff      	adds	r7, r7, r7
100024c2:	e7e0      	b.n	10002486 <y64_x48+0xcc>

100024c4 <y64_x64>:
100024c4:	2400      	movs	r4, #0
100024c6:	1c5d      	adds	r5, r3, #1
100024c8:	d007      	beq.n	100024da <y64_x64+0x16>
100024ca:	4f14      	ldr	r7, [pc, #80]	@ (1000251c <y64_x64+0x58>)
100024cc:	667d      	str	r5, [r7, #100]	@ 0x64
100024ce:	6639      	str	r1, [r7, #96]	@ 0x60
100024d0:	e7ff      	b.n	100024d2 <y64_x64+0xe>
100024d2:	e7ff      	b.n	100024d4 <y64_x64+0x10>
100024d4:	e7ff      	b.n	100024d6 <y64_x64+0x12>
100024d6:	e7ff      	b.n	100024d8 <y64_x64+0x14>
100024d8:	6f3c      	ldr	r4, [r7, #112]	@ 0x70
100024da:	b295      	uxth	r5, r2
100024dc:	b29e      	uxth	r6, r3
100024de:	4365      	muls	r5, r4
100024e0:	4366      	muls	r6, r4
100024e2:	1b40      	subs	r0, r0, r5
100024e4:	41b1      	sbcs	r1, r6
100024e6:	0c15      	lsrs	r5, r2, #16
100024e8:	0c1e      	lsrs	r6, r3, #16
100024ea:	4365      	muls	r5, r4
100024ec:	4366      	muls	r6, r4
100024ee:	0436      	lsls	r6, r6, #16
100024f0:	0c2f      	lsrs	r7, r5, #16
100024f2:	433e      	orrs	r6, r7
100024f4:	042d      	lsls	r5, r5, #16
100024f6:	1b40      	subs	r0, r0, r5
100024f8:	41b1      	sbcs	r1, r6
100024fa:	4299      	cmp	r1, r3
100024fc:	d204      	bcs.n	10002508 <y64_x64+0x44>
100024fe:	0002      	movs	r2, r0
10002500:	000b      	movs	r3, r1
10002502:	0020      	movs	r0, r4
10002504:	2100      	movs	r1, #0
10002506:	bdf0      	pop	{r4, r5, r6, r7, pc}
10002508:	d101      	bne.n	1000250e <y64_x64+0x4a>
1000250a:	4290      	cmp	r0, r2
1000250c:	d3f7      	bcc.n	100024fe <y64_x64+0x3a>
1000250e:	1a80      	subs	r0, r0, r2
10002510:	4199      	sbcs	r1, r3
10002512:	3401      	adds	r4, #1
10002514:	4299      	cmp	r1, r3
10002516:	d3f2      	bcc.n	100024fe <y64_x64+0x3a>
10002518:	e7f6      	b.n	10002508 <y64_x64+0x44>
1000251a:	0000      	.short	0x0000
1000251c:	d0000000 	.word	0xd0000000
10002520:	ffffffff 	.word	0xffffffff

10002524 <__wrap___aeabi_drsub>:
10002524:	4048      	eors	r0, r1
10002526:	4041      	eors	r1, r0
10002528:	4048      	eors	r0, r1

1000252a <__wrap___aeabi_dsub>:
1000252a:	b418      	push	{r3, r4}
1000252c:	4b1b      	ldr	r3, [pc, #108]	@ (1000259c <__wrap___aeabi_dmul+0x12>)
1000252e:	685b      	ldr	r3, [r3, #4]
10002530:	46fc      	mov	ip, pc
10002532:	9301      	str	r3, [sp, #4]
10002534:	bd08      	pop	{r3, pc}
10002536:	df04      	.short	0xdf04
10002538:	100027cf 	.word	0x100027cf

1000253c <__wrap___aeabi_dadd>:
1000253c:	b418      	push	{r3, r4}
1000253e:	4b17      	ldr	r3, [pc, #92]	@ (1000259c <__wrap___aeabi_dmul+0x12>)
10002540:	681b      	ldr	r3, [r3, #0]
10002542:	46fc      	mov	ip, pc
10002544:	9301      	str	r3, [sp, #4]
10002546:	bd08      	pop	{r3, pc}
10002548:	27d9df00 	.word	0x27d9df00
1000254c:	1000      	.short	0x1000

1000254e <__wrap___aeabi_ddiv>:
1000254e:	4694      	mov	ip, r2
10002550:	4a13      	ldr	r2, [pc, #76]	@ (100025a0 <__wrap___aeabi_dmul+0x16>)
10002552:	6f92      	ldr	r2, [r2, #120]	@ 0x78
10002554:	0892      	lsrs	r2, r2, #2
10002556:	d209      	bcs.n	1000256c <ddiv_save_state>
10002558:	4662      	mov	r2, ip

1000255a <ddiv_shim_call>:
1000255a:	b418      	push	{r3, r4}
1000255c:	4b0f      	ldr	r3, [pc, #60]	@ (1000259c <__wrap___aeabi_dmul+0x12>)
1000255e:	68db      	ldr	r3, [r3, #12]
10002560:	46fc      	mov	ip, pc
10002562:	9301      	str	r3, [sp, #4]
10002564:	bd08      	pop	{r3, pc}
10002566:	df0c      	.short	0xdf0c
10002568:	10002a91 	.word	0x10002a91

1000256c <ddiv_save_state>:
1000256c:	4a0c      	ldr	r2, [pc, #48]	@ (100025a0 <__wrap___aeabi_dmul+0x16>)
1000256e:	b5f0      	push	{r4, r5, r6, r7, lr}
10002570:	6e14      	ldr	r4, [r2, #96]	@ 0x60
10002572:	6e55      	ldr	r5, [r2, #100]	@ 0x64
10002574:	6f57      	ldr	r7, [r2, #116]	@ 0x74
10002576:	6f16      	ldr	r6, [r2, #112]	@ 0x70
10002578:	4662      	mov	r2, ip
1000257a:	f7ff ffee 	bl	1000255a <ddiv_shim_call>
1000257e:	4a08      	ldr	r2, [pc, #32]	@ (100025a0 <__wrap___aeabi_dmul+0x16>)
10002580:	6614      	str	r4, [r2, #96]	@ 0x60
10002582:	6655      	str	r5, [r2, #100]	@ 0x64
10002584:	6757      	str	r7, [r2, #116]	@ 0x74
10002586:	6716      	str	r6, [r2, #112]	@ 0x70
10002588:	bdf0      	pop	{r4, r5, r6, r7, pc}

1000258a <__wrap___aeabi_dmul>:
1000258a:	b418      	push	{r3, r4}
1000258c:	4b03      	ldr	r3, [pc, #12]	@ (1000259c <__wrap___aeabi_dmul+0x12>)
1000258e:	689b      	ldr	r3, [r3, #8]
10002590:	46fc      	mov	ip, pc
10002592:	9301      	str	r3, [sp, #4]
10002594:	bd08      	pop	{r3, pc}
10002596:	df08      	.short	0xdf08
10002598:	10002935 	.word	0x10002935
1000259c:	20001298 	.word	0x20001298
100025a0:	d0000000 	.word	0xd0000000

100025a4 <__wrap___aeabi_cdrcmple>:
100025a4:	b5ff      	push	{r0, r1, r2, r3, r4, r5, r6, r7, lr}
100025a6:	4050      	eors	r0, r2
100025a8:	4042      	eors	r2, r0
100025aa:	4050      	eors	r0, r2
100025ac:	4059      	eors	r1, r3
100025ae:	404b      	eors	r3, r1
100025b0:	4059      	eors	r1, r3
100025b2:	e000      	b.n	100025b6 <__aeabi_dfcmple_guts>

100025b4 <__wrap___aeabi_cdcmpeq>:
100025b4:	b5ff      	push	{r0, r1, r2, r3, r4, r5, r6, r7, lr}

100025b6 <__aeabi_dfcmple_guts>:
100025b6:	4f15      	ldr	r7, [pc, #84]	@ (1000260c <__aeabi_dfcmple_guts+0x56>)
100025b8:	004c      	lsls	r4, r1, #1
100025ba:	0d64      	lsrs	r4, r4, #21
100025bc:	d003      	beq.n	100025c6 <__aeabi_dfcmple_guts+0x10>
100025be:	42bc      	cmp	r4, r7
100025c0:	d104      	bne.n	100025cc <__aeabi_dfcmple_guts+0x16>
100025c2:	030c      	lsls	r4, r1, #12
100025c4:	d814      	bhi.n	100025f0 <__aeabi_dfcmple_guts+0x3a>
100025c6:	2000      	movs	r0, #0
100025c8:	0d09      	lsrs	r1, r1, #20
100025ca:	0509      	lsls	r1, r1, #20
100025cc:	005c      	lsls	r4, r3, #1
100025ce:	0d64      	lsrs	r4, r4, #21
100025d0:	d003      	beq.n	100025da <__aeabi_dfcmple_guts+0x24>
100025d2:	42bc      	cmp	r4, r7
100025d4:	d104      	bne.n	100025e0 <__aeabi_dfcmple_guts+0x2a>
100025d6:	031c      	lsls	r4, r3, #12
100025d8:	d80a      	bhi.n	100025f0 <__aeabi_dfcmple_guts+0x3a>
100025da:	2200      	movs	r2, #0
100025dc:	0d1b      	lsrs	r3, r3, #20
100025de:	051b      	lsls	r3, r3, #20
100025e0:	2601      	movs	r6, #1
100025e2:	404b      	eors	r3, r1
100025e4:	d409      	bmi.n	100025fa <__aeabi_dfcmple_guts+0x44>
100025e6:	404b      	eors	r3, r1
100025e8:	d503      	bpl.n	100025f2 <__aeabi_dfcmple_guts+0x3c>
100025ea:	428b      	cmp	r3, r1
100025ec:	d100      	bne.n	100025f0 <__aeabi_dfcmple_guts+0x3a>
100025ee:	4282      	cmp	r2, r0
100025f0:	bdff      	pop	{r0, r1, r2, r3, r4, r5, r6, r7, pc}
100025f2:	4299      	cmp	r1, r3
100025f4:	d1fc      	bne.n	100025f0 <__aeabi_dfcmple_guts+0x3a>
100025f6:	4290      	cmp	r0, r2
100025f8:	bdff      	pop	{r0, r1, r2, r3, r4, r5, r6, r7, pc}
100025fa:	430b      	orrs	r3, r1
100025fc:	18db      	adds	r3, r3, r3
100025fe:	4303      	orrs	r3, r0
10002600:	4313      	orrs	r3, r2
10002602:	d0f5      	beq.n	100025f0 <__aeabi_dfcmple_guts+0x3a>
10002604:	43c9      	mvns	r1, r1
10002606:	1849      	adds	r1, r1, r1
10002608:	bdff      	pop	{r0, r1, r2, r3, r4, r5, r6, r7, pc}
1000260a:	0000      	.short	0x0000
1000260c:	000007ff 	.word	0x000007ff

10002610 <__wrap___aeabi_dcmplt>:
10002610:	b500      	push	{lr}
10002612:	f7ff ffcf 	bl	100025b4 <__wrap___aeabi_cdcmpeq>
10002616:	4180      	sbcs	r0, r0
10002618:	bd00      	pop	{pc}
1000261a:	46c0      	nop			@ (mov r8, r8)

1000261c <__wrap___aeabi_dcmple>:
1000261c:	b500      	push	{lr}
1000261e:	f7ff ffc9 	bl	100025b4 <__wrap___aeabi_cdcmpeq>
10002622:	d901      	bls.n	10002628 <__wrap___aeabi_dcmple+0xc>
10002624:	2000      	movs	r0, #0
10002626:	bd00      	pop	{pc}
10002628:	2001      	movs	r0, #1
1000262a:	bd00      	pop	{pc}

1000262c <__wrap___aeabi_dcmpge>:
1000262c:	b500      	push	{lr}
1000262e:	f7ff ffb9 	bl	100025a4 <__wrap___aeabi_cdrcmple>
10002632:	d901      	bls.n	10002638 <__wrap___aeabi_dcmpge+0xc>
10002634:	2000      	movs	r0, #0
10002636:	bd00      	pop	{pc}
10002638:	2001      	movs	r0, #1
1000263a:	bd00      	pop	{pc}

1000263c <__wrap___aeabi_dcmpgt>:
1000263c:	b500      	push	{lr}
1000263e:	f7ff ffb1 	bl	100025a4 <__wrap___aeabi_cdrcmple>
10002642:	4180      	sbcs	r0, r0
10002644:	bd00      	pop	{pc}

10002646 <__wrap___aeabi_dcmpun>:
10002646:	2001      	movs	r0, #1
10002648:	0540      	lsls	r0, r0, #21
1000264a:	004a      	lsls	r2, r1, #1
1000264c:	1812      	adds	r2, r2, r0
1000264e:	d804      	bhi.n	1000265a <__wrap___aeabi_dcmpun+0x14>
10002650:	005a      	lsls	r2, r3, #1
10002652:	1812      	adds	r2, r2, r0
10002654:	d801      	bhi.n	1000265a <__wrap___aeabi_dcmpun+0x14>
10002656:	2000      	movs	r0, #0
10002658:	4770      	bx	lr
1000265a:	2001      	movs	r0, #1
1000265c:	4770      	bx	lr
	...

10002660 <__wrap___aeabi_ui2d>:
10002660:	2100      	movs	r1, #0
10002662:	2800      	cmp	r0, #0
10002664:	d105      	bne.n	10002672 <__wrap___aeabi_i2d+0xa>
10002666:	4770      	bx	lr

10002668 <__wrap___aeabi_i2d>:
10002668:	17c1      	asrs	r1, r0, #31
1000266a:	4048      	eors	r0, r1
1000266c:	1a40      	subs	r0, r0, r1
1000266e:	d0fa      	beq.n	10002666 <__wrap___aeabi_ui2d+0x6>
10002670:	07c9      	lsls	r1, r1, #31
10002672:	b513      	push	{r0, r1, r4, lr}
10002674:	4b06      	ldr	r3, [pc, #24]	@ (10002690 <__wrap___aeabi_i2d+0x28>)
10002676:	681b      	ldr	r3, [r3, #0]
10002678:	4798      	blx	r3
1000267a:	bc0c      	pop	{r2, r3}
1000267c:	1c44      	adds	r4, r0, #1
1000267e:	40a2      	lsls	r2, r4
10002680:	0510      	lsls	r0, r2, #20
10002682:	0b12      	lsrs	r2, r2, #12
10002684:	4903      	ldr	r1, [pc, #12]	@ (10002694 <__wrap___aeabi_i2d+0x2c>)
10002686:	1b09      	subs	r1, r1, r4
10002688:	0509      	lsls	r1, r1, #20
1000268a:	4319      	orrs	r1, r3
1000268c:	4311      	orrs	r1, r2
1000268e:	bd10      	pop	{r4, pc}
10002690:	200021e8 	.word	0x200021e8
10002694:	0000041f 	.word	0x0000041f

10002698 <__wrap___aeabi_d2iz>:
10002698:	b510      	push	{r4, lr}
1000269a:	004c      	lsls	r4, r1, #1
1000269c:	0d62      	lsrs	r2, r4, #21
1000269e:	2380      	movs	r3, #128	@ 0x80
100026a0:	18d2      	adds	r2, r2, r3
100026a2:	00db      	lsls	r3, r3, #3
100026a4:	1ad2      	subs	r2, r2, r3
100026a6:	055b      	lsls	r3, r3, #21
100026a8:	2a7e      	cmp	r2, #126	@ 0x7e
100026aa:	dd10      	ble.n	100026ce <__wrap___aeabi_d2iz+0x36>
100026ac:	3a9e      	subs	r2, #158	@ 0x9e
100026ae:	da13      	bge.n	100026d8 <__wrap___aeabi_d2iz+0x40>
100026b0:	17cc      	asrs	r4, r1, #31
100026b2:	0309      	lsls	r1, r1, #12
100026b4:	0849      	lsrs	r1, r1, #1
100026b6:	4319      	orrs	r1, r3
100026b8:	4252      	negs	r2, r2
100026ba:	40d1      	lsrs	r1, r2
100026bc:	0064      	lsls	r4, r4, #1
100026be:	3401      	adds	r4, #1
100026c0:	3215      	adds	r2, #21
100026c2:	2a20      	cmp	r2, #32
100026c4:	da05      	bge.n	100026d2 <__wrap___aeabi_d2iz+0x3a>
100026c6:	40d0      	lsrs	r0, r2
100026c8:	4308      	orrs	r0, r1
100026ca:	4360      	muls	r0, r4
100026cc:	bd10      	pop	{r4, pc}
100026ce:	2000      	movs	r0, #0
100026d0:	bd10      	pop	{r4, pc}
100026d2:	4608      	mov	r0, r1
100026d4:	4360      	muls	r0, r4
100026d6:	bd10      	pop	{r4, pc}
100026d8:	0fc8      	lsrs	r0, r1, #31
100026da:	18c0      	adds	r0, r0, r3
100026dc:	3801      	subs	r0, #1
100026de:	bd10      	pop	{r4, pc}

100026e0 <__wrap___aeabi_d2uiz>:
100026e0:	b418      	push	{r3, r4}
100026e2:	4b04      	ldr	r3, [pc, #16]	@ (100026f4 <__wrap___aeabi_d2uiz+0x14>)
100026e4:	6a5b      	ldr	r3, [r3, #36]	@ 0x24
100026e6:	46fc      	mov	ip, pc
100026e8:	9301      	str	r3, [sp, #4]
100026ea:	bd08      	pop	{r3, pc}
100026ec:	2c41df24 	.word	0x2c41df24
100026f0:	00001000 	.word	0x00001000
100026f4:	20001298 	.word	0x20001298

100026f8 <__aeabi_double_init>:
100026f8:	2313      	movs	r3, #19
100026fa:	b570      	push	{r4, r5, r6, lr}
100026fc:	781d      	ldrb	r5, [r3, #0]
100026fe:	2d01      	cmp	r5, #1
10002700:	d019      	beq.n	10002736 <__aeabi_double_init+0x3e>
10002702:	dd14      	ble.n	1000272e <__aeabi_double_init+0x36>
10002704:	481f      	ldr	r0, [pc, #124]	@ (10002784 <__aeabi_double_init+0x8c>)
10002706:	f7ff fb31 	bl	10001d6c <rom_data_lookup>
1000270a:	0006      	movs	r6, r0
1000270c:	481e      	ldr	r0, [pc, #120]	@ (10002788 <__aeabi_double_init+0x90>)
1000270e:	f7ff fb2d 	bl	10001d6c <rom_data_lookup>
10002712:	4c1e      	ldr	r4, [pc, #120]	@ (1000278c <__aeabi_double_init+0x94>)
10002714:	2280      	movs	r2, #128	@ 0x80
10002716:	0031      	movs	r1, r6
10002718:	0020      	movs	r0, r4
1000271a:	f000 fbb1 	bl	10002e80 <__wrap___aeabi_memcpy>
1000271e:	2d02      	cmp	r5, #2
10002720:	d02d      	beq.n	1000277e <__aeabi_double_init+0x86>
10002722:	481b      	ldr	r0, [pc, #108]	@ (10002790 <__aeabi_double_init+0x98>)
10002724:	f7ff fb1a 	bl	10001d5c <rom_func_lookup>
10002728:	4b1a      	ldr	r3, [pc, #104]	@ (10002794 <__aeabi_double_init+0x9c>)
1000272a:	6018      	str	r0, [r3, #0]
1000272c:	bd70      	pop	{r4, r5, r6, pc}
1000272e:	4b1a      	ldr	r3, [pc, #104]	@ (10002798 <__aeabi_double_init+0xa0>)
10002730:	4c16      	ldr	r4, [pc, #88]	@ (1000278c <__aeabi_double_init+0x94>)
10002732:	64a3      	str	r3, [r4, #72]	@ 0x48
10002734:	e7f5      	b.n	10002722 <__aeabi_double_init+0x2a>
10002736:	4b18      	ldr	r3, [pc, #96]	@ (10002798 <__aeabi_double_init+0xa0>)
10002738:	4c14      	ldr	r4, [pc, #80]	@ (1000278c <__aeabi_double_init+0x94>)
1000273a:	6023      	str	r3, [r4, #0]
1000273c:	6063      	str	r3, [r4, #4]
1000273e:	60a3      	str	r3, [r4, #8]
10002740:	60e3      	str	r3, [r4, #12]
10002742:	6123      	str	r3, [r4, #16]
10002744:	6163      	str	r3, [r4, #20]
10002746:	61a3      	str	r3, [r4, #24]
10002748:	61e3      	str	r3, [r4, #28]
1000274a:	6223      	str	r3, [r4, #32]
1000274c:	6263      	str	r3, [r4, #36]	@ 0x24
1000274e:	62a3      	str	r3, [r4, #40]	@ 0x28
10002750:	62e3      	str	r3, [r4, #44]	@ 0x2c
10002752:	6323      	str	r3, [r4, #48]	@ 0x30
10002754:	6363      	str	r3, [r4, #52]	@ 0x34
10002756:	63a3      	str	r3, [r4, #56]	@ 0x38
10002758:	63e3      	str	r3, [r4, #60]	@ 0x3c
1000275a:	6423      	str	r3, [r4, #64]	@ 0x40
1000275c:	6463      	str	r3, [r4, #68]	@ 0x44
1000275e:	64a3      	str	r3, [r4, #72]	@ 0x48
10002760:	64e3      	str	r3, [r4, #76]	@ 0x4c
10002762:	6523      	str	r3, [r4, #80]	@ 0x50
10002764:	6563      	str	r3, [r4, #84]	@ 0x54
10002766:	65a3      	str	r3, [r4, #88]	@ 0x58
10002768:	65e3      	str	r3, [r4, #92]	@ 0x5c
1000276a:	6623      	str	r3, [r4, #96]	@ 0x60
1000276c:	6663      	str	r3, [r4, #100]	@ 0x64
1000276e:	66a3      	str	r3, [r4, #104]	@ 0x68
10002770:	66e3      	str	r3, [r4, #108]	@ 0x6c
10002772:	6723      	str	r3, [r4, #112]	@ 0x70
10002774:	6763      	str	r3, [r4, #116]	@ 0x74
10002776:	67a3      	str	r3, [r4, #120]	@ 0x78
10002778:	67e3      	str	r3, [r4, #124]	@ 0x7c
1000277a:	64a3      	str	r3, [r4, #72]	@ 0x48
1000277c:	e7d1      	b.n	10002722 <__aeabi_double_init+0x2a>
1000277e:	4b06      	ldr	r3, [pc, #24]	@ (10002798 <__aeabi_double_init+0xa0>)
10002780:	64a3      	str	r3, [r4, #72]	@ 0x48
10002782:	e7ce      	b.n	10002722 <__aeabi_double_init+0x2a>
10002784:	00004453 	.word	0x00004453
10002788:	00004653 	.word	0x00004653
1000278c:	20001298 	.word	0x20001298
10002790:	0000334c 	.word	0x0000334c
10002794:	200021e8 	.word	0x200021e8
10002798:	1000279d 	.word	0x1000279d

1000279c <double_table_shim_on_use_helper>:
1000279c:	b507      	push	{r0, r1, r2, lr}
1000279e:	4660      	mov	r0, ip
100027a0:	8801      	ldrh	r1, [r0, #0]
100027a2:	0a0a      	lsrs	r2, r1, #8
100027a4:	3002      	adds	r0, #2
100027a6:	2adf      	cmp	r2, #223	@ 0xdf
100027a8:	d1fa      	bne.n	100027a0 <double_table_shim_on_use_helper+0x4>
100027aa:	b2c9      	uxtb	r1, r1
100027ac:	0882      	lsrs	r2, r0, #2
100027ae:	d304      	bcc.n	100027ba <double_table_shim_on_use_helper+0x1e>
100027b0:	8802      	ldrh	r2, [r0, #0]
100027b2:	8840      	ldrh	r0, [r0, #2]
100027b4:	0400      	lsls	r0, r0, #16
100027b6:	4310      	orrs	r0, r2
100027b8:	e000      	b.n	100027bc <double_table_shim_on_use_helper+0x20>
100027ba:	6800      	ldr	r0, [r0, #0]
100027bc:	4a01      	ldr	r2, [pc, #4]	@ (100027c4 <double_table_shim_on_use_helper+0x28>)
100027be:	5050      	str	r0, [r2, r1]
100027c0:	9003      	str	r0, [sp, #12]
100027c2:	bd07      	pop	{r0, r1, r2, pc}
100027c4:	20001298 	.word	0x20001298

100027c8 <drsub_shim>:
100027c8:	b40f      	push	{r0, r1, r2, r3}
100027ca:	bc03      	pop	{r0, r1}
100027cc:	bc0c      	pop	{r2, r3}

100027ce <dsub_shim>:
100027ce:	b5f0      	push	{r4, r5, r6, r7, lr}
100027d0:	2401      	movs	r4, #1
100027d2:	07e4      	lsls	r4, r4, #31
100027d4:	4063      	eors	r3, r4
100027d6:	e000      	b.n	100027da <da_entry>

100027d8 <dadd_shim>:
100027d8:	b5f0      	push	{r4, r5, r6, r7, lr}

100027da <da_entry>:
100027da:	0d0c      	lsrs	r4, r1, #20
100027dc:	0fcf      	lsrs	r7, r1, #31
100027de:	1e66      	subs	r6, r4, #1
100027e0:	0536      	lsls	r6, r6, #20
100027e2:	1b89      	subs	r1, r1, r6
100027e4:	0564      	lsls	r4, r4, #21
100027e6:	d303      	bcc.n	100027f0 <l8_1>
100027e8:	43c9      	mvns	r1, r1
100027ea:	4240      	negs	r0, r0
100027ec:	d300      	bcc.n	100027f0 <l8_1>
100027ee:	3101      	adds	r1, #1

100027f0 <l8_1>:
100027f0:	0d64      	lsrs	r4, r4, #21
100027f2:	d003      	beq.n	100027fc <l8_2>
100027f4:	1c66      	adds	r6, r4, #1
100027f6:	0af6      	lsrs	r6, r6, #11
100027f8:	d007      	beq.n	1000280a <l8_3>
100027fa:	1be4      	subs	r4, r4, r7

100027fc <l8_2>:
100027fc:	2000      	movs	r0, #0
100027fe:	007f      	lsls	r7, r7, #1
10002800:	1c79      	adds	r1, r7, #1
10002802:	0789      	lsls	r1, r1, #30
10002804:	1289      	asrs	r1, r1, #10
10002806:	3c80      	subs	r4, #128	@ 0x80
10002808:	0324      	lsls	r4, r4, #12

1000280a <l8_3>:
1000280a:	0d1d      	lsrs	r5, r3, #20
1000280c:	0fdf      	lsrs	r7, r3, #31
1000280e:	1e6e      	subs	r6, r5, #1
10002810:	0536      	lsls	r6, r6, #20
10002812:	1b9b      	subs	r3, r3, r6
10002814:	056d      	lsls	r5, r5, #21
10002816:	d303      	bcc.n	10002820 <l9_1>
10002818:	43db      	mvns	r3, r3
1000281a:	4252      	negs	r2, r2
1000281c:	d300      	bcc.n	10002820 <l9_1>
1000281e:	3301      	adds	r3, #1

10002820 <l9_1>:
10002820:	0d6d      	lsrs	r5, r5, #21
10002822:	d003      	beq.n	1000282c <l9_2>
10002824:	1c6e      	adds	r6, r5, #1
10002826:	0af6      	lsrs	r6, r6, #11
10002828:	d007      	beq.n	1000283a <l9_3>
1000282a:	1bed      	subs	r5, r5, r7

1000282c <l9_2>:
1000282c:	2200      	movs	r2, #0
1000282e:	007f      	lsls	r7, r7, #1
10002830:	1c7b      	adds	r3, r7, #1
10002832:	079b      	lsls	r3, r3, #30
10002834:	129b      	asrs	r3, r3, #10
10002836:	3d80      	subs	r5, #128	@ 0x80
10002838:	032d      	lsls	r5, r5, #12

1000283a <l9_3>:
1000283a:	1b2f      	subs	r7, r5, r4
1000283c:	1b66      	subs	r6, r4, r5
1000283e:	d458      	bmi.n	100028f2 <da_ygtx>
10002840:	46a4      	mov	ip, r4
10002842:	2e20      	cmp	r6, #32
10002844:	da46      	bge.n	100028d4 <da_xrgty>
10002846:	3720      	adds	r7, #32
10002848:	0014      	movs	r4, r2
1000284a:	40bc      	lsls	r4, r7

1000284c <da_xgty0>:
1000284c:	001d      	movs	r5, r3
1000284e:	40bd      	lsls	r5, r7
10002850:	40f2      	lsrs	r2, r6
10002852:	4133      	asrs	r3, r6
10002854:	432a      	orrs	r2, r5

10002856 <da_add>:
10002856:	1880      	adds	r0, r0, r2
10002858:	4159      	adcs	r1, r3

1000285a <da_pack>:
1000285a:	0fcb      	lsrs	r3, r1, #31
1000285c:	d005      	beq.n	1000286a <da_pack+0x10>
1000285e:	43c9      	mvns	r1, r1
10002860:	43c0      	mvns	r0, r0
10002862:	2200      	movs	r2, #0
10002864:	4264      	negs	r4, r4
10002866:	4150      	adcs	r0, r2
10002868:	4151      	adcs	r1, r2
1000286a:	4662      	mov	r2, ip
1000286c:	0d4d      	lsrs	r5, r1, #21
1000286e:	d128      	bne.n	100028c2 <da_0>
10002870:	0d0d      	lsrs	r5, r1, #20
10002872:	d107      	bne.n	10002884 <da_1>
10002874:	2800      	cmp	r0, #0
10002876:	d01f      	beq.n	100028b8 <da_5>

10002878 <da_2>:
10002878:	1924      	adds	r4, r4, r4
1000287a:	4140      	adcs	r0, r0
1000287c:	4149      	adcs	r1, r1
1000287e:	3a01      	subs	r2, #1
10002880:	0d0d      	lsrs	r5, r1, #20
10002882:	d0f9      	beq.n	10002878 <da_2>

10002884 <da_1>:
10002884:	0064      	lsls	r4, r4, #1
10002886:	d306      	bcc.n	10002896 <da_3>

10002888 <da_4>:
10002888:	3001      	adds	r0, #1
1000288a:	d300      	bcc.n	1000288e <da_4+0x6>
1000288c:	3101      	adds	r1, #1
1000288e:	2c00      	cmp	r4, #0
10002890:	d101      	bne.n	10002896 <da_3>
10002892:	0840      	lsrs	r0, r0, #1
10002894:	0040      	lsls	r0, r0, #1

10002896 <da_3>:
10002896:	3a01      	subs	r2, #1
10002898:	d40b      	bmi.n	100028b2 <da_6>
1000289a:	1c94      	adds	r4, r2, #2
1000289c:	0ae4      	lsrs	r4, r4, #11
1000289e:	d104      	bne.n	100028aa <da_7>
100028a0:	0512      	lsls	r2, r2, #20
100028a2:	4411      	add	r1, r2
100028a4:	07db      	lsls	r3, r3, #31
100028a6:	4419      	add	r1, r3
100028a8:	bdf0      	pop	{r4, r5, r6, r7, pc}

100028aa <da_7>:
100028aa:	07d9      	lsls	r1, r3, #31
100028ac:	4b20      	ldr	r3, [pc, #128]	@ (10002930 <da_xmgty+0x4>)
100028ae:	4319      	orrs	r1, r3
100028b0:	e000      	b.n	100028b4 <da_6+0x2>

100028b2 <da_6>:
100028b2:	07d9      	lsls	r1, r3, #31
100028b4:	2000      	movs	r0, #0
100028b6:	bdf0      	pop	{r4, r5, r6, r7, pc}

100028b8 <da_5>:
100028b8:	2900      	cmp	r1, #0
100028ba:	d1dd      	bne.n	10002878 <da_2>
100028bc:	2c00      	cmp	r4, #0
100028be:	d1db      	bne.n	10002878 <da_2>
100028c0:	bdf0      	pop	{r4, r5, r6, r7, pc}

100028c2 <da_0>:
100028c2:	3201      	adds	r2, #1
100028c4:	07c6      	lsls	r6, r0, #31
100028c6:	0840      	lsrs	r0, r0, #1
100028c8:	07cd      	lsls	r5, r1, #31
100028ca:	4328      	orrs	r0, r5
100028cc:	0849      	lsrs	r1, r1, #1
100028ce:	2e00      	cmp	r6, #0
100028d0:	d0e1      	beq.n	10002896 <da_3>
100028d2:	e7d9      	b.n	10002888 <da_4>

100028d4 <da_xrgty>:
100028d4:	2e3c      	cmp	r6, #60	@ 0x3c
100028d6:	da29      	bge.n	1000292c <da_xmgty>
100028d8:	3e20      	subs	r6, #32
100028da:	3740      	adds	r7, #64	@ 0x40
100028dc:	0014      	movs	r4, r2
100028de:	40bc      	lsls	r4, r7
100028e0:	d000      	beq.n	100028e4 <da_xrgty+0x10>
100028e2:	2401      	movs	r4, #1
100028e4:	40f2      	lsrs	r2, r6
100028e6:	4314      	orrs	r4, r2
100028e8:	001a      	movs	r2, r3
100028ea:	40bb      	lsls	r3, r7
100028ec:	431c      	orrs	r4, r3
100028ee:	17d3      	asrs	r3, r2, #31
100028f0:	e7ac      	b.n	1000284c <da_xgty0>

100028f2 <da_ygtx>:
100028f2:	46ac      	mov	ip, r5
100028f4:	2f20      	cmp	r7, #32
100028f6:	da08      	bge.n	1000290a <da_yrgtx>
100028f8:	3620      	adds	r6, #32
100028fa:	0004      	movs	r4, r0
100028fc:	40b4      	lsls	r4, r6

100028fe <da_ygtx0>:
100028fe:	000d      	movs	r5, r1
10002900:	40b5      	lsls	r5, r6
10002902:	40f8      	lsrs	r0, r7
10002904:	4139      	asrs	r1, r7
10002906:	4328      	orrs	r0, r5
10002908:	e7a5      	b.n	10002856 <da_add>

1000290a <da_yrgtx>:
1000290a:	2f3c      	cmp	r7, #60	@ 0x3c
1000290c:	da0c      	bge.n	10002928 <da_ymgtx>
1000290e:	3f20      	subs	r7, #32
10002910:	3640      	adds	r6, #64	@ 0x40
10002912:	0004      	movs	r4, r0
10002914:	40b4      	lsls	r4, r6
10002916:	d000      	beq.n	1000291a <da_yrgtx+0x10>
10002918:	2401      	movs	r4, #1
1000291a:	40f8      	lsrs	r0, r7
1000291c:	4304      	orrs	r4, r0
1000291e:	0008      	movs	r0, r1
10002920:	40b1      	lsls	r1, r6
10002922:	430c      	orrs	r4, r1
10002924:	17c1      	asrs	r1, r0, #31
10002926:	e7ea      	b.n	100028fe <da_ygtx0>

10002928 <da_ymgtx>:
10002928:	0010      	movs	r0, r2
1000292a:	0019      	movs	r1, r3

1000292c <da_xmgty>:
1000292c:	2400      	movs	r4, #0
1000292e:	e794      	b.n	1000285a <da_pack>
10002930:	7ff00000 	.word	0x7ff00000

10002934 <dmul_shim>:
10002934:	b5f0      	push	{r4, r5, r6, r7, lr}
10002936:	0d0c      	lsrs	r4, r1, #20
10002938:	1e66      	subs	r6, r4, #1
1000293a:	0536      	lsls	r6, r6, #20
1000293c:	1b89      	subs	r1, r1, r6
1000293e:	0ae6      	lsrs	r6, r4, #11
10002940:	0564      	lsls	r4, r4, #21
10002942:	0d64      	lsrs	r4, r4, #21
10002944:	d002      	beq.n	1000294c <l12_1>
10002946:	1c65      	adds	r5, r4, #1
10002948:	0aed      	lsrs	r5, r5, #11
1000294a:	d004      	beq.n	10002956 <l12_2>

1000294c <l12_1>:
1000294c:	2000      	movs	r0, #0
1000294e:	2101      	movs	r1, #1
10002950:	0509      	lsls	r1, r1, #20
10002952:	3c80      	subs	r4, #128	@ 0x80
10002954:	0324      	lsls	r4, r4, #12

10002956 <l12_2>:
10002956:	46a4      	mov	ip, r4
10002958:	0d1c      	lsrs	r4, r3, #20
1000295a:	1e67      	subs	r7, r4, #1
1000295c:	053f      	lsls	r7, r7, #20
1000295e:	1bdb      	subs	r3, r3, r7
10002960:	0ae7      	lsrs	r7, r4, #11
10002962:	0564      	lsls	r4, r4, #21
10002964:	0d64      	lsrs	r4, r4, #21
10002966:	d002      	beq.n	1000296e <l13_1>
10002968:	1c65      	adds	r5, r4, #1
1000296a:	0aed      	lsrs	r5, r5, #11
1000296c:	d004      	beq.n	10002978 <l13_2>

1000296e <l13_1>:
1000296e:	2200      	movs	r2, #0
10002970:	2301      	movs	r3, #1
10002972:	051b      	lsls	r3, r3, #20
10002974:	3c80      	subs	r4, #128	@ 0x80
10002976:	0324      	lsls	r4, r4, #12

10002978 <l13_2>:
10002978:	4077      	eors	r7, r6
1000297a:	4464      	add	r4, ip
1000297c:	b497      	push	{r0, r1, r2, r4, r7}
1000297e:	b284      	uxth	r4, r0
10002980:	b296      	uxth	r6, r2
10002982:	4374      	muls	r4, r6
10002984:	0c07      	lsrs	r7, r0, #16
10002986:	437e      	muls	r6, r7
10002988:	0c15      	lsrs	r5, r2, #16
1000298a:	436f      	muls	r7, r5
1000298c:	b280      	uxth	r0, r0
1000298e:	4368      	muls	r0, r5
10002990:	1836      	adds	r6, r6, r0
10002992:	d302      	bcc.n	1000299a <l14_1>
10002994:	2001      	movs	r0, #1
10002996:	0400      	lsls	r0, r0, #16
10002998:	183f      	adds	r7, r7, r0

1000299a <l14_1>:
1000299a:	0430      	lsls	r0, r6, #16
1000299c:	0c35      	lsrs	r5, r6, #16
1000299e:	1900      	adds	r0, r0, r4
100029a0:	417d      	adcs	r5, r7
100029a2:	4684      	mov	ip, r0
100029a4:	b288      	uxth	r0, r1
100029a6:	b29a      	uxth	r2, r3
100029a8:	4350      	muls	r0, r2
100029aa:	0c0c      	lsrs	r4, r1, #16
100029ac:	4362      	muls	r2, r4
100029ae:	0c1f      	lsrs	r7, r3, #16
100029b0:	437c      	muls	r4, r7
100029b2:	b28e      	uxth	r6, r1
100029b4:	437e      	muls	r6, r7
100029b6:	1992      	adds	r2, r2, r6
100029b8:	d302      	bcc.n	100029c0 <l15_1>
100029ba:	2601      	movs	r6, #1
100029bc:	0436      	lsls	r6, r6, #16
100029be:	19a4      	adds	r4, r4, r6

100029c0 <l15_1>:
100029c0:	0416      	lsls	r6, r2, #16
100029c2:	0c17      	lsrs	r7, r2, #16
100029c4:	1836      	adds	r6, r6, r0
100029c6:	4167      	adcs	r7, r4
100029c8:	bc01      	pop	{r0}
100029ca:	b281      	uxth	r1, r0
100029cc:	b29a      	uxth	r2, r3
100029ce:	4351      	muls	r1, r2
100029d0:	0c04      	lsrs	r4, r0, #16
100029d2:	4362      	muls	r2, r4
100029d4:	0c1b      	lsrs	r3, r3, #16
100029d6:	435c      	muls	r4, r3
100029d8:	b280      	uxth	r0, r0
100029da:	4358      	muls	r0, r3
100029dc:	1812      	adds	r2, r2, r0
100029de:	d302      	bcc.n	100029e6 <l16_1>
100029e0:	2001      	movs	r0, #1
100029e2:	0400      	lsls	r0, r0, #16
100029e4:	1824      	adds	r4, r4, r0

100029e6 <l16_1>:
100029e6:	0410      	lsls	r0, r2, #16
100029e8:	0c13      	lsrs	r3, r2, #16
100029ea:	1840      	adds	r0, r0, r1
100029ec:	4163      	adcs	r3, r4
100029ee:	182d      	adds	r5, r5, r0
100029f0:	415e      	adcs	r6, r3
100029f2:	2000      	movs	r0, #0
100029f4:	4147      	adcs	r7, r0
100029f6:	bc06      	pop	{r1, r2}
100029f8:	b288      	uxth	r0, r1
100029fa:	b293      	uxth	r3, r2
100029fc:	4358      	muls	r0, r3
100029fe:	0c0c      	lsrs	r4, r1, #16
10002a00:	4363      	muls	r3, r4
10002a02:	0c12      	lsrs	r2, r2, #16
10002a04:	4354      	muls	r4, r2
10002a06:	b289      	uxth	r1, r1
10002a08:	4351      	muls	r1, r2
10002a0a:	185b      	adds	r3, r3, r1
10002a0c:	d302      	bcc.n	10002a14 <l17_1>
10002a0e:	2101      	movs	r1, #1
10002a10:	0409      	lsls	r1, r1, #16
10002a12:	1864      	adds	r4, r4, r1

10002a14 <l17_1>:
10002a14:	0419      	lsls	r1, r3, #16
10002a16:	0c1a      	lsrs	r2, r3, #16
10002a18:	1809      	adds	r1, r1, r0
10002a1a:	4162      	adcs	r2, r4
10002a1c:	186d      	adds	r5, r5, r1
10002a1e:	4156      	adcs	r6, r2
10002a20:	2000      	movs	r0, #0
10002a22:	4147      	adcs	r7, r0
10002a24:	bc18      	pop	{r3, r4}
10002a26:	02f9      	lsls	r1, r7, #11
10002a28:	0d72      	lsrs	r2, r6, #21
10002a2a:	4311      	orrs	r1, r2
10002a2c:	02f0      	lsls	r0, r6, #11
10002a2e:	0d6a      	lsrs	r2, r5, #21
10002a30:	4310      	orrs	r0, r2
10002a32:	02ed      	lsls	r5, r5, #11
10002a34:	0d0a      	lsrs	r2, r1, #20
10002a36:	d103      	bne.n	10002a40 <l17_1+0x2c>
10002a38:	196d      	adds	r5, r5, r5
10002a3a:	4140      	adcs	r0, r0
10002a3c:	4149      	adcs	r1, r1
10002a3e:	3b01      	subs	r3, #1
10002a40:	4e12      	ldr	r6, [pc, #72]	@ (10002a8c <dm_1+0xa>)
10002a42:	1b9b      	subs	r3, r3, r6
10002a44:	0076      	lsls	r6, r6, #1
10002a46:	42b3      	cmp	r3, r6
10002a48:	d20e      	bcs.n	10002a68 <dm_0>
10002a4a:	006d      	lsls	r5, r5, #1
10002a4c:	d307      	bcc.n	10002a5e <l17_1+0x4a>
10002a4e:	3001      	adds	r0, #1
10002a50:	2600      	movs	r6, #0
10002a52:	4171      	adcs	r1, r6
10002a54:	4666      	mov	r6, ip
10002a56:	4335      	orrs	r5, r6
10002a58:	d101      	bne.n	10002a5e <l17_1+0x4a>
10002a5a:	0840      	lsrs	r0, r0, #1
10002a5c:	0040      	lsls	r0, r0, #1
10002a5e:	051b      	lsls	r3, r3, #20
10002a60:	18c9      	adds	r1, r1, r3

10002a62 <dm_2>:
10002a62:	07e4      	lsls	r4, r4, #31
10002a64:	4421      	add	r1, r4
10002a66:	bdf0      	pop	{r4, r5, r6, r7, pc}

10002a68 <dm_0>:
10002a68:	da0b      	bge.n	10002a82 <dm_1>
10002a6a:	3301      	adds	r3, #1
10002a6c:	d106      	bne.n	10002a7c <dm_0+0x14>
10002a6e:	3001      	adds	r0, #1
10002a70:	d104      	bne.n	10002a7c <dm_0+0x14>
10002a72:	3101      	adds	r1, #1
10002a74:	0d4f      	lsrs	r7, r1, #21
10002a76:	d001      	beq.n	10002a7c <dm_0+0x14>
10002a78:	0849      	lsrs	r1, r1, #1
10002a7a:	e7f2      	b.n	10002a62 <dm_2>
10002a7c:	07e1      	lsls	r1, r4, #31
10002a7e:	2000      	movs	r0, #0
10002a80:	bdf0      	pop	{r4, r5, r6, r7, pc}

10002a82 <dm_1>:
10002a82:	3601      	adds	r6, #1
10002a84:	0531      	lsls	r1, r6, #20
10002a86:	2000      	movs	r0, #0
10002a88:	e7eb      	b.n	10002a62 <dm_2>
10002a8a:	0000      	.short	0x0000
10002a8c:	000003ff 	.word	0x000003ff

10002a90 <ddiv_shim>:
10002a90:	b5f0      	push	{r4, r5, r6, r7, lr}

10002a92 <ddiv0>:
10002a92:	0d1c      	lsrs	r4, r3, #20
10002a94:	1e67      	subs	r7, r4, #1
10002a96:	053f      	lsls	r7, r7, #20
10002a98:	1bdb      	subs	r3, r3, r7
10002a9a:	0ae7      	lsrs	r7, r4, #11
10002a9c:	0564      	lsls	r4, r4, #21
10002a9e:	0d64      	lsrs	r4, r4, #21
10002aa0:	d002      	beq.n	10002aa8 <l20_1>
10002aa2:	1c66      	adds	r6, r4, #1
10002aa4:	0af6      	lsrs	r6, r6, #11
10002aa6:	d004      	beq.n	10002ab2 <l20_2>

10002aa8 <l20_1>:
10002aa8:	2200      	movs	r2, #0
10002aaa:	2301      	movs	r3, #1
10002aac:	051b      	lsls	r3, r3, #20
10002aae:	3c80      	subs	r4, #128	@ 0x80
10002ab0:	0324      	lsls	r4, r4, #12

10002ab2 <l20_2>:
10002ab2:	25d0      	movs	r5, #208	@ 0xd0
10002ab4:	062d      	lsls	r5, r5, #24
10002ab6:	2600      	movs	r6, #0
10002ab8:	43f6      	mvns	r6, r6
10002aba:	662e      	str	r6, [r5, #96]	@ 0x60
10002abc:	091e      	lsrs	r6, r3, #4
10002abe:	666e      	str	r6, [r5, #100]	@ 0x64
10002ac0:	0fce      	lsrs	r6, r1, #31
10002ac2:	19f6      	adds	r6, r6, r7
10002ac4:	46b4      	mov	ip, r6
10002ac6:	0049      	lsls	r1, r1, #1
10002ac8:	0d4f      	lsrs	r7, r1, #21
10002aca:	d002      	beq.n	10002ad2 <l20_2+0x20>
10002acc:	1c7e      	adds	r6, r7, #1
10002ace:	0af6      	lsrs	r6, r6, #11
10002ad0:	d003      	beq.n	10002ada <l20_2+0x28>
10002ad2:	2000      	movs	r0, #0
10002ad4:	2100      	movs	r1, #0
10002ad6:	3f40      	subs	r7, #64	@ 0x40
10002ad8:	033f      	lsls	r7, r7, #12
10002ada:	1b3e      	subs	r6, r7, r4
10002adc:	00b6      	lsls	r6, r6, #2
10002ade:	44b4      	add	ip, r6
10002ae0:	3f01      	subs	r7, #1
10002ae2:	057f      	lsls	r7, r7, #21
10002ae4:	1bc9      	subs	r1, r1, r7
10002ae6:	0849      	lsrs	r1, r1, #1
10002ae8:	6f2e      	ldr	r6, [r5, #112]	@ 0x70
10002aea:	3601      	adds	r6, #1
10002aec:	0876      	lsrs	r6, r6, #1
10002aee:	029c      	lsls	r4, r3, #10
10002af0:	0d95      	lsrs	r5, r2, #22
10002af2:	4325      	orrs	r5, r4
10002af4:	4375      	muls	r5, r6
10002af6:	13ed      	asrs	r5, r5, #15
10002af8:	4375      	muls	r5, r6
10002afa:	13ad      	asrs	r5, r5, #14
10002afc:	3501      	adds	r5, #1
10002afe:	106d      	asrs	r5, r5, #1
10002b00:	03f6      	lsls	r6, r6, #15
10002b02:	1b76      	subs	r6, r6, r5
10002b04:	b40c      	push	{r2, r3}
10002b06:	02cc      	lsls	r4, r1, #11
10002b08:	0d45      	lsrs	r5, r0, #21
10002b0a:	432c      	orrs	r4, r5
10002b0c:	b2a2      	uxth	r2, r4
10002b0e:	b2b3      	uxth	r3, r6
10002b10:	435a      	muls	r2, r3
10002b12:	0c27      	lsrs	r7, r4, #16
10002b14:	437b      	muls	r3, r7
10002b16:	0c35      	lsrs	r5, r6, #16
10002b18:	436f      	muls	r7, r5
10002b1a:	b2a4      	uxth	r4, r4
10002b1c:	436c      	muls	r4, r5
10002b1e:	191b      	adds	r3, r3, r4
10002b20:	d302      	bcc.n	10002b28 <l21_1>
10002b22:	2401      	movs	r4, #1
10002b24:	0424      	lsls	r4, r4, #16
10002b26:	193f      	adds	r7, r7, r4

10002b28 <l21_1>:
10002b28:	041c      	lsls	r4, r3, #16
10002b2a:	0c1d      	lsrs	r5, r3, #16
10002b2c:	18a4      	adds	r4, r4, r2
10002b2e:	417d      	adcs	r5, r7
10002b30:	1924      	adds	r4, r4, r4
10002b32:	416d      	adcs	r5, r5
10002b34:	9a00      	ldr	r2, [sp, #0]
10002b36:	b291      	uxth	r1, r2
10002b38:	b2ac      	uxth	r4, r5
10002b3a:	4361      	muls	r1, r4
10002b3c:	0c17      	lsrs	r7, r2, #16
10002b3e:	437c      	muls	r4, r7
10002b40:	0c2b      	lsrs	r3, r5, #16
10002b42:	435f      	muls	r7, r3
10002b44:	b292      	uxth	r2, r2
10002b46:	435a      	muls	r2, r3
10002b48:	18a4      	adds	r4, r4, r2
10002b4a:	d302      	bcc.n	10002b52 <l22_1>
10002b4c:	2201      	movs	r2, #1
10002b4e:	0412      	lsls	r2, r2, #16
10002b50:	18bf      	adds	r7, r7, r2

10002b52 <l22_1>:
10002b52:	0422      	lsls	r2, r4, #16
10002b54:	0c23      	lsrs	r3, r4, #16
10002b56:	1852      	adds	r2, r2, r1
10002b58:	417b      	adcs	r3, r7
10002b5a:	9c01      	ldr	r4, [sp, #4]
10002b5c:	436c      	muls	r4, r5
10002b5e:	191b      	adds	r3, r3, r4
10002b60:	0e52      	lsrs	r2, r2, #25
10002b62:	01d9      	lsls	r1, r3, #7
10002b64:	430a      	orrs	r2, r1
10002b66:	0144      	lsls	r4, r0, #5
10002b68:	1aa0      	subs	r0, r4, r2
10002b6a:	b281      	uxth	r1, r0
10002b6c:	b2b2      	uxth	r2, r6
10002b6e:	4351      	muls	r1, r2
10002b70:	1403      	asrs	r3, r0, #16
10002b72:	435a      	muls	r2, r3
10002b74:	0c36      	lsrs	r6, r6, #16
10002b76:	4373      	muls	r3, r6
10002b78:	b287      	uxth	r7, r0
10002b7a:	4377      	muls	r7, r6
10002b7c:	17d6      	asrs	r6, r2, #31
10002b7e:	19d2      	adds	r2, r2, r7
10002b80:	2700      	movs	r7, #0
10002b82:	417e      	adcs	r6, r7
10002b84:	0436      	lsls	r6, r6, #16
10002b86:	199b      	adds	r3, r3, r6
10002b88:	0417      	lsls	r7, r2, #16
10002b8a:	0c16      	lsrs	r6, r2, #16
10002b8c:	187f      	adds	r7, r7, r1
10002b8e:	415e      	adcs	r6, r3
10002b90:	1673      	asrs	r3, r6, #25
10002b92:	18ed      	adds	r5, r5, r3
10002b94:	01f3      	lsls	r3, r6, #7
10002b96:	2600      	movs	r6, #0
10002b98:	3380      	adds	r3, #128	@ 0x80
10002b9a:	4175      	adcs	r5, r6
10002b9c:	0fa9      	lsrs	r1, r5, #30
10002b9e:	d106      	bne.n	10002bae <dd_0>
10002ba0:	0064      	lsls	r4, r4, #1
10002ba2:	0a69      	lsrs	r1, r5, #9
10002ba4:	05e8      	lsls	r0, r5, #23
10002ba6:	0a5b      	lsrs	r3, r3, #9
10002ba8:	4318      	orrs	r0, r3
10002baa:	d209      	bcs.n	10002bc0 <dd_1>
10002bac:	e02f      	b.n	10002c0e <dd_2>

10002bae <dd_0>:
10002bae:	2204      	movs	r2, #4
10002bb0:	4494      	add	ip, r2
10002bb2:	3380      	adds	r3, #128	@ 0x80
10002bb4:	4175      	adcs	r5, r6
10002bb6:	0aa9      	lsrs	r1, r5, #10
10002bb8:	05a8      	lsls	r0, r5, #22
10002bba:	0a9b      	lsrs	r3, r3, #10
10002bbc:	4318      	orrs	r0, r3
10002bbe:	d326      	bcc.n	10002c0e <dd_2>

10002bc0 <dd_1>:
10002bc0:	4140      	adcs	r0, r0
10002bc2:	4149      	adcs	r1, r1
10002bc4:	0424      	lsls	r4, r4, #16
10002bc6:	9a00      	ldr	r2, [sp, #0]
10002bc8:	9b01      	ldr	r3, [sp, #4]
10002bca:	000d      	movs	r5, r1
10002bcc:	4355      	muls	r5, r2
10002bce:	1b64      	subs	r4, r4, r5
10002bd0:	4343      	muls	r3, r0
10002bd2:	1ae4      	subs	r4, r4, r3
10002bd4:	b295      	uxth	r5, r2
10002bd6:	b286      	uxth	r6, r0
10002bd8:	4375      	muls	r5, r6
10002bda:	0c17      	lsrs	r7, r2, #16
10002bdc:	437e      	muls	r6, r7
10002bde:	0c03      	lsrs	r3, r0, #16
10002be0:	435f      	muls	r7, r3
10002be2:	b292      	uxth	r2, r2
10002be4:	435a      	muls	r2, r3
10002be6:	18b6      	adds	r6, r6, r2
10002be8:	d302      	bcc.n	10002bf0 <l24_1>
10002bea:	2201      	movs	r2, #1
10002bec:	0412      	lsls	r2, r2, #16
10002bee:	18bf      	adds	r7, r7, r2

10002bf0 <l24_1>:
10002bf0:	0432      	lsls	r2, r6, #16
10002bf2:	0c33      	lsrs	r3, r6, #16
10002bf4:	1952      	adds	r2, r2, r5
10002bf6:	417b      	adcs	r3, r7
10002bf8:	4252      	negs	r2, r2
10002bfa:	419c      	sbcs	r4, r3
10002bfc:	2c00      	cmp	r4, #0
10002bfe:	d402      	bmi.n	10002c06 <l24_1+0x16>
10002c00:	2200      	movs	r2, #0
10002c02:	3001      	adds	r0, #1
10002c04:	4151      	adcs	r1, r2
10002c06:	0840      	lsrs	r0, r0, #1
10002c08:	07ca      	lsls	r2, r1, #31
10002c0a:	4310      	orrs	r0, r2
10002c0c:	0849      	lsrs	r1, r1, #1

10002c0e <dd_2>:
10002c0e:	b002      	add	sp, #8
10002c10:	4662      	mov	r2, ip
10002c12:	07d7      	lsls	r7, r2, #31
10002c14:	1092      	asrs	r2, r2, #2
10002c16:	4b08      	ldr	r3, [pc, #32]	@ (10002c38 <dd_4+0x6>)
10002c18:	18d2      	adds	r2, r2, r3
10002c1a:	4b08      	ldr	r3, [pc, #32]	@ (10002c3c <dd_4+0xa>)
10002c1c:	429a      	cmp	r2, r3
10002c1e:	d203      	bcs.n	10002c28 <dd_3>
10002c20:	0512      	lsls	r2, r2, #20
10002c22:	1889      	adds	r1, r1, r2

10002c24 <dd_5>:
10002c24:	19c9      	adds	r1, r1, r7
10002c26:	bdf0      	pop	{r4, r5, r6, r7, pc}

10002c28 <dd_3>:
10002c28:	2000      	movs	r0, #0
10002c2a:	2a00      	cmp	r2, #0
10002c2c:	dc01      	bgt.n	10002c32 <dd_4>
10002c2e:	0039      	movs	r1, r7
10002c30:	bdf0      	pop	{r4, r5, r6, r7, pc}

10002c32 <dd_4>:
10002c32:	3301      	adds	r3, #1
10002c34:	0519      	lsls	r1, r3, #20
10002c36:	e7f5      	b.n	10002c24 <dd_5>
10002c38:	000003fd 	.word	0x000003fd
10002c3c:	000007fe 	.word	0x000007fe

10002c40 <double2uint_shim>:
10002c40:	2200      	movs	r2, #0

10002c42 <double2ufix_shim>:
10002c42:	b500      	push	{lr}
10002c44:	3220      	adds	r2, #32
10002c46:	f000 f804 	bl	10002c52 <double2ufix64_shim>
10002c4a:	0008      	movs	r0, r1
10002c4c:	bd00      	pop	{pc}
	...

10002c50 <double2uint64_shim>:
10002c50:	2200      	movs	r2, #0

10002c52 <double2ufix64_shim>:
10002c52:	150b      	asrs	r3, r1, #20
10002c54:	d40a      	bmi.n	10002c6c <ret_dzero>

10002c56 <d2fix>:
10002c56:	b510      	push	{r4, lr}
10002c58:	4694      	mov	ip, r2
10002c5a:	f000 f831 	bl	10002cc0 <dunpacks>
10002c5e:	1414      	asrs	r4, r2, #16
10002c60:	3401      	adds	r4, #1
10002c62:	da00      	bge.n	10002c66 <d2fix+0x10>
10002c64:	2100      	movs	r1, #0
10002c66:	17cb      	asrs	r3, r1, #31
10002c68:	4c14      	ldr	r4, [pc, #80]	@ (10002cbc <d2fix_a+0x4a>)
10002c6a:	4720      	bx	r4

10002c6c <ret_dzero>:
10002c6c:	2000      	movs	r0, #0
10002c6e:	2100      	movs	r1, #0
10002c70:	4770      	bx	lr

10002c72 <d2fix_a>:
10002c72:	4462      	add	r2, ip
10002c74:	3a34      	subs	r2, #52	@ 0x34
10002c76:	d40c      	bmi.n	10002c92 <d2fix_a+0x20>
10002c78:	2a0c      	cmp	r2, #12
10002c7a:	da07      	bge.n	10002c8c <d2fix_a+0x1a>
10002c7c:	0004      	movs	r4, r0
10002c7e:	4091      	lsls	r1, r2
10002c80:	4090      	lsls	r0, r2
10002c82:	4252      	negs	r2, r2
10002c84:	3220      	adds	r2, #32
10002c86:	40d4      	lsrs	r4, r2
10002c88:	4321      	orrs	r1, r4
10002c8a:	bd10      	pop	{r4, pc}
10002c8c:	43d8      	mvns	r0, r3
10002c8e:	43d9      	mvns	r1, r3
10002c90:	bd10      	pop	{r4, pc}
10002c92:	3220      	adds	r2, #32
10002c94:	d407      	bmi.n	10002ca6 <d2fix_a+0x34>
10002c96:	460c      	mov	r4, r1
10002c98:	4094      	lsls	r4, r2
10002c9a:	4252      	negs	r2, r2
10002c9c:	3220      	adds	r2, #32
10002c9e:	4111      	asrs	r1, r2
10002ca0:	40d0      	lsrs	r0, r2
10002ca2:	4320      	orrs	r0, r4
10002ca4:	bd10      	pop	{r4, pc}
10002ca6:	0008      	movs	r0, r1
10002ca8:	17c9      	asrs	r1, r1, #31
10002caa:	3220      	adds	r2, #32
10002cac:	d403      	bmi.n	10002cb6 <d2fix_a+0x44>
10002cae:	4252      	negs	r2, r2
10002cb0:	3220      	adds	r2, #32
10002cb2:	4110      	asrs	r0, r2
10002cb4:	bd10      	pop	{r4, pc}
10002cb6:	0018      	movs	r0, r3
10002cb8:	0019      	movs	r1, r3
10002cba:	bd10      	pop	{r4, pc}
10002cbc:	10002c73 	.word	0x10002c73

10002cc0 <dunpacks>:
10002cc0:	0d0a      	lsrs	r2, r1, #20
10002cc2:	0fcc      	lsrs	r4, r1, #31
10002cc4:	1e53      	subs	r3, r2, #1
10002cc6:	051b      	lsls	r3, r3, #20
10002cc8:	1ac9      	subs	r1, r1, r3
10002cca:	0552      	lsls	r2, r2, #21
10002ccc:	d303      	bcc.n	10002cd6 <l60_1>
10002cce:	43c9      	mvns	r1, r1
10002cd0:	4240      	negs	r0, r0
10002cd2:	d300      	bcc.n	10002cd6 <l60_1>
10002cd4:	3101      	adds	r1, #1

10002cd6 <l60_1>:
10002cd6:	0d52      	lsrs	r2, r2, #21
10002cd8:	d003      	beq.n	10002ce2 <l60_2>
10002cda:	1c53      	adds	r3, r2, #1
10002cdc:	0adb      	lsrs	r3, r3, #11
10002cde:	d007      	beq.n	10002cf0 <l60_3>
10002ce0:	1b12      	subs	r2, r2, r4

10002ce2 <l60_2>:
10002ce2:	2000      	movs	r0, #0
10002ce4:	0064      	lsls	r4, r4, #1
10002ce6:	1c61      	adds	r1, r4, #1
10002ce8:	0789      	lsls	r1, r1, #30
10002cea:	1289      	asrs	r1, r1, #10
10002cec:	3a80      	subs	r2, #128	@ 0x80
10002cee:	0312      	lsls	r2, r2, #12

10002cf0 <l60_3>:
10002cf0:	4b01      	ldr	r3, [pc, #4]	@ (10002cf8 <l60_3+0x8>)
10002cf2:	1ad2      	subs	r2, r2, r3
10002cf4:	4770      	bx	lr
10002cf6:	0000      	.short	0x0000
10002cf8:	000003ff 	.word	0x000003ff

10002cfc <__wrap___aeabi_lmul>:
10002cfc:	4351      	muls	r1, r2
10002cfe:	4343      	muls	r3, r0
10002d00:	18c9      	adds	r1, r1, r3
10002d02:	468c      	mov	ip, r1
10002d04:	0c11      	lsrs	r1, r2, #16
10002d06:	b283      	uxth	r3, r0
10002d08:	434b      	muls	r3, r1
10002d0a:	b410      	push	{r4}
10002d0c:	0c04      	lsrs	r4, r0, #16
10002d0e:	4361      	muls	r1, r4
10002d10:	b292      	uxth	r2, r2
10002d12:	b280      	uxth	r0, r0
10002d14:	4350      	muls	r0, r2
10002d16:	4362      	muls	r2, r4
10002d18:	041c      	lsls	r4, r3, #16
10002d1a:	0c1b      	lsrs	r3, r3, #16
10002d1c:	1900      	adds	r0, r0, r4
10002d1e:	bc10      	pop	{r4}
10002d20:	4159      	adcs	r1, r3
10002d22:	0413      	lsls	r3, r2, #16
10002d24:	0c12      	lsrs	r2, r2, #16
10002d26:	18c0      	adds	r0, r0, r3
10002d28:	4151      	adcs	r1, r2
10002d2a:	4461      	add	r1, ip
10002d2c:	4770      	bx	lr
	...

10002d30 <__wrap___aeabi_frsub>:
10002d30:	4048      	eors	r0, r1
10002d32:	4041      	eors	r1, r0
10002d34:	4048      	eors	r0, r1

10002d36 <__wrap___aeabi_fsub>:
10002d36:	4b0e      	ldr	r3, [pc, #56]	@ (10002d70 <__wrap___aeabi_fmul+0x6>)
10002d38:	685b      	ldr	r3, [r3, #4]
10002d3a:	4718      	bx	r3

10002d3c <__wrap___aeabi_fadd>:
10002d3c:	4b0c      	ldr	r3, [pc, #48]	@ (10002d70 <__wrap___aeabi_fmul+0x6>)
10002d3e:	681b      	ldr	r3, [r3, #0]
10002d40:	4718      	bx	r3

10002d42 <__wrap___aeabi_fdiv>:
10002d42:	4a0c      	ldr	r2, [pc, #48]	@ (10002d74 <__wrap___aeabi_fmul+0xa>)
10002d44:	6f93      	ldr	r3, [r2, #120]	@ 0x78
10002d46:	089b      	lsrs	r3, r3, #2
10002d48:	d202      	bcs.n	10002d50 <fdiv_save_state>

10002d4a <fdiv_shim_call>:
10002d4a:	4b09      	ldr	r3, [pc, #36]	@ (10002d70 <__wrap___aeabi_fmul+0x6>)
10002d4c:	68db      	ldr	r3, [r3, #12]
10002d4e:	4718      	bx	r3

10002d50 <fdiv_save_state>:
10002d50:	b5f0      	push	{r4, r5, r6, r7, lr}
10002d52:	6e14      	ldr	r4, [r2, #96]	@ 0x60
10002d54:	6e55      	ldr	r5, [r2, #100]	@ 0x64
10002d56:	6f57      	ldr	r7, [r2, #116]	@ 0x74
10002d58:	6f16      	ldr	r6, [r2, #112]	@ 0x70
10002d5a:	f7ff fff6 	bl	10002d4a <fdiv_shim_call>
10002d5e:	4a05      	ldr	r2, [pc, #20]	@ (10002d74 <__wrap___aeabi_fmul+0xa>)
10002d60:	6614      	str	r4, [r2, #96]	@ 0x60
10002d62:	6655      	str	r5, [r2, #100]	@ 0x64
10002d64:	6757      	str	r7, [r2, #116]	@ 0x74
10002d66:	6716      	str	r6, [r2, #112]	@ 0x70
10002d68:	bdf0      	pop	{r4, r5, r6, r7, pc}

10002d6a <__wrap___aeabi_fmul>:
10002d6a:	4b01      	ldr	r3, [pc, #4]	@ (10002d70 <__wrap___aeabi_fmul+0x6>)
10002d6c:	689b      	ldr	r3, [r3, #8]
10002d6e:	4718      	bx	r3
10002d70:	20001398 	.word	0x20001398
10002d74:	d0000000 	.word	0xd0000000

10002d78 <__wrap___aeabi_ui2f>:
10002d78:	1a49      	subs	r1, r1, r1
10002d7a:	2800      	cmp	r0, #0
10002d7c:	d108      	bne.n	10002d90 <__aeabi_i2f_main>
10002d7e:	4608      	mov	r0, r1
10002d80:	4770      	bx	lr
	...

10002d84 <__wrap___aeabi_i2f>:
10002d84:	0fc1      	lsrs	r1, r0, #31
10002d86:	07c9      	lsls	r1, r1, #31
10002d88:	d500      	bpl.n	10002d8c <__wrap___aeabi_i2f+0x8>
10002d8a:	4240      	negs	r0, r0
10002d8c:	2800      	cmp	r0, #0
10002d8e:	d017      	beq.n	10002dc0 <__aeabi_i2f_main+0x30>

10002d90 <__aeabi_i2f_main>:
10002d90:	46f4      	mov	ip, lr
10002d92:	b403      	push	{r0, r1}
10002d94:	4b0b      	ldr	r3, [pc, #44]	@ (10002dc4 <__aeabi_i2f_main+0x34>)
10002d96:	681b      	ldr	r3, [r3, #0]
10002d98:	4798      	blx	r3
10002d9a:	bc06      	pop	{r1, r2}
10002d9c:	4081      	lsls	r1, r0
10002d9e:	389e      	subs	r0, #158	@ 0x9e
10002da0:	4240      	negs	r0, r0
10002da2:	3180      	adds	r1, #128	@ 0x80
10002da4:	d207      	bcs.n	10002db6 <__aeabi_i2f_main+0x26>
10002da6:	060b      	lsls	r3, r1, #24
10002da8:	d007      	beq.n	10002dba <__aeabi_i2f_main+0x2a>
10002daa:	0049      	lsls	r1, r1, #1
10002dac:	0a49      	lsrs	r1, r1, #9
10002dae:	05c0      	lsls	r0, r0, #23
10002db0:	4310      	orrs	r0, r2
10002db2:	4308      	orrs	r0, r1
10002db4:	4760      	bx	ip
10002db6:	3001      	adds	r0, #1
10002db8:	e7f8      	b.n	10002dac <__aeabi_i2f_main+0x1c>
10002dba:	0a49      	lsrs	r1, r1, #9
10002dbc:	0289      	lsls	r1, r1, #10
10002dbe:	e7f5      	b.n	10002dac <__aeabi_i2f_main+0x1c>
10002dc0:	4770      	bx	lr
10002dc2:	0000      	.short	0x0000
10002dc4:	200021e8 	.word	0x200021e8

10002dc8 <__wrap___aeabi_f2uiz>:
10002dc8:	4b01      	ldr	r3, [pc, #4]	@ (10002dd0 <__wrap___aeabi_f2uiz+0x8>)
10002dca:	6a5b      	ldr	r3, [r3, #36]	@ 0x24
10002dcc:	4718      	bx	r3
10002dce:	0000      	.short	0x0000
10002dd0:	20001398 	.word	0x20001398

10002dd4 <__aeabi_float_init>:
10002dd4:	2313      	movs	r3, #19
10002dd6:	b510      	push	{r4, lr}
10002dd8:	4812      	ldr	r0, [pc, #72]	@ (10002e24 <__aeabi_float_init+0x50>)
10002dda:	781c      	ldrb	r4, [r3, #0]
10002ddc:	f7fe ffc6 	bl	10001d6c <rom_data_lookup>
10002de0:	0001      	movs	r1, r0
10002de2:	2c01      	cmp	r4, #1
10002de4:	d00a      	beq.n	10002dfc <__aeabi_float_init+0x28>
10002de6:	dd03      	ble.n	10002df0 <__aeabi_float_init+0x1c>
10002de8:	2280      	movs	r2, #128	@ 0x80
10002dea:	480f      	ldr	r0, [pc, #60]	@ (10002e28 <__aeabi_float_init+0x54>)
10002dec:	f000 f848 	bl	10002e80 <__wrap___aeabi_memcpy>
10002df0:	480e      	ldr	r0, [pc, #56]	@ (10002e2c <__aeabi_float_init+0x58>)
10002df2:	f7fe ffb3 	bl	10001d5c <rom_func_lookup>
10002df6:	4b0e      	ldr	r3, [pc, #56]	@ (10002e30 <__aeabi_float_init+0x5c>)
10002df8:	6018      	str	r0, [r3, #0]
10002dfa:	bd10      	pop	{r4, pc}
10002dfc:	4c0a      	ldr	r4, [pc, #40]	@ (10002e28 <__aeabi_float_init+0x54>)
10002dfe:	2254      	movs	r2, #84	@ 0x54
10002e00:	0020      	movs	r0, r4
10002e02:	f000 f83d 	bl	10002e80 <__wrap___aeabi_memcpy>
10002e06:	4b0b      	ldr	r3, [pc, #44]	@ (10002e34 <__aeabi_float_init+0x60>)
10002e08:	6563      	str	r3, [r4, #84]	@ 0x54
10002e0a:	65a3      	str	r3, [r4, #88]	@ 0x58
10002e0c:	65e3      	str	r3, [r4, #92]	@ 0x5c
10002e0e:	6623      	str	r3, [r4, #96]	@ 0x60
10002e10:	6663      	str	r3, [r4, #100]	@ 0x64
10002e12:	66a3      	str	r3, [r4, #104]	@ 0x68
10002e14:	66e3      	str	r3, [r4, #108]	@ 0x6c
10002e16:	6723      	str	r3, [r4, #112]	@ 0x70
10002e18:	6763      	str	r3, [r4, #116]	@ 0x74
10002e1a:	67a3      	str	r3, [r4, #120]	@ 0x78
10002e1c:	67e3      	str	r3, [r4, #124]	@ 0x7c
10002e1e:	6223      	str	r3, [r4, #32]
10002e20:	61e3      	str	r3, [r4, #28]
10002e22:	e7e5      	b.n	10002df0 <__aeabi_float_init+0x1c>
10002e24:	00004653 	.word	0x00004653
10002e28:	20001398 	.word	0x20001398
10002e2c:	0000334c 	.word	0x0000334c
10002e30:	200021e8 	.word	0x200021e8
10002e34:	10002e39 	.word	0x10002e39

10002e38 <float_table_shim_on_use_helper>:
10002e38:	b507      	push	{r0, r1, r2, lr}
10002e3a:	4660      	mov	r0, ip
10002e3c:	8801      	ldrh	r1, [r0, #0]
10002e3e:	0a0a      	lsrs	r2, r1, #8
10002e40:	3002      	adds	r0, #2
10002e42:	2adf      	cmp	r2, #223	@ 0xdf
10002e44:	d1fa      	bne.n	10002e3c <float_table_shim_on_use_helper+0x4>
10002e46:	b2c9      	uxtb	r1, r1
10002e48:	0882      	lsrs	r2, r0, #2
10002e4a:	d304      	bcc.n	10002e56 <float_table_shim_on_use_helper+0x1e>
10002e4c:	8802      	ldrh	r2, [r0, #0]
10002e4e:	8840      	ldrh	r0, [r0, #2]
10002e50:	0400      	lsls	r0, r0, #16
10002e52:	4310      	orrs	r0, r2
10002e54:	e000      	b.n	10002e58 <float_table_shim_on_use_helper+0x20>
10002e56:	6800      	ldr	r0, [r0, #0]
10002e58:	4a01      	ldr	r2, [pc, #4]	@ (10002e60 <float_table_shim_on_use_helper+0x28>)
10002e5a:	5050      	str	r0, [r2, r1]
10002e5c:	9003      	str	r0, [sp, #12]
10002e5e:	bd07      	pop	{r0, r1, r2, pc}
10002e60:	20001398 	.word	0x20001398

10002e64 <__aeabi_mem_init>:
10002e64:	4801      	ldr	r0, [pc, #4]	@ (10002e6c <__aeabi_mem_init+0x8>)
10002e66:	2104      	movs	r1, #4
10002e68:	4b01      	ldr	r3, [pc, #4]	@ (10002e70 <__aeabi_mem_init+0xc>)
10002e6a:	4718      	bx	r3
10002e6c:	200010c0 	.word	0x200010c0
10002e70:	10001d7d 	.word	0x10001d7d

10002e74 <__wrap_memset>:
10002e74:	4b01      	ldr	r3, [pc, #4]	@ (10002e7c <__wrap_memset+0x8>)
10002e76:	681b      	ldr	r3, [r3, #0]
10002e78:	4718      	bx	r3
10002e7a:	0000      	.short	0x0000
10002e7c:	200010c0 	.word	0x200010c0

10002e80 <__wrap___aeabi_memcpy>:
10002e80:	4b01      	ldr	r3, [pc, #4]	@ (10002e88 <__wrap___aeabi_memcpy+0x8>)
10002e82:	685b      	ldr	r3, [r3, #4]
10002e84:	4718      	bx	r3
10002e86:	0000      	.short	0x0000
10002e88:	200010c0 	.word	0x200010c0

10002e8c <_out_null>:
10002e8c:	4770      	bx	lr
10002e8e:	46c0      	nop			@ (mov r8, r8)

10002e90 <_out_rev>:
10002e90:	b5f8      	push	{r3, r4, r5, r6, r7, lr}
10002e92:	4657      	mov	r7, sl
10002e94:	46de      	mov	lr, fp
10002e96:	464e      	mov	r6, r9
10002e98:	4645      	mov	r5, r8
10002e9a:	b5e0      	push	{r5, r6, r7, lr}
10002e9c:	4699      	mov	r9, r3
10002e9e:	9b0a      	ldr	r3, [sp, #40]	@ 0x28
10002ea0:	0007      	movs	r7, r0
10002ea2:	469a      	mov	sl, r3
10002ea4:	9b0d      	ldr	r3, [sp, #52]	@ 0x34
10002ea6:	4688      	mov	r8, r1
10002ea8:	4693      	mov	fp, r2
10002eaa:	9c0b      	ldr	r4, [sp, #44]	@ 0x2c
10002eac:	079b      	lsls	r3, r3, #30
10002eae:	d13b      	bne.n	10002f28 <_out_rev+0x98>
10002eb0:	9b0c      	ldr	r3, [sp, #48]	@ 0x30
10002eb2:	429c      	cmp	r4, r3
10002eb4:	d23d      	bcs.n	10002f32 <_out_rev+0xa2>
10002eb6:	1b1e      	subs	r6, r3, r4
10002eb8:	940b      	str	r4, [sp, #44]	@ 0x2c
10002eba:	0015      	movs	r5, r2
10002ebc:	000c      	movs	r4, r1
10002ebe:	445e      	add	r6, fp
10002ec0:	002a      	movs	r2, r5
10002ec2:	464b      	mov	r3, r9
10002ec4:	3501      	adds	r5, #1
10002ec6:	0021      	movs	r1, r4
10002ec8:	2020      	movs	r0, #32
10002eca:	47b8      	blx	r7
10002ecc:	42b5      	cmp	r5, r6
10002ece:	d1f7      	bne.n	10002ec0 <_out_rev+0x30>
10002ed0:	46a0      	mov	r8, r4
10002ed2:	9c0b      	ldr	r4, [sp, #44]	@ 0x2c
10002ed4:	2c00      	cmp	r4, #0
10002ed6:	d020      	beq.n	10002f1a <_out_rev+0x8a>
10002ed8:	4645      	mov	r5, r8
10002eda:	1936      	adds	r6, r6, r4
10002edc:	4653      	mov	r3, sl
10002ede:	1b32      	subs	r2, r6, r4
10002ee0:	3c01      	subs	r4, #1
10002ee2:	5d18      	ldrb	r0, [r3, r4]
10002ee4:	0029      	movs	r1, r5
10002ee6:	464b      	mov	r3, r9
10002ee8:	47b8      	blx	r7
10002eea:	2c00      	cmp	r4, #0
10002eec:	d1f6      	bne.n	10002edc <_out_rev+0x4c>
10002eee:	002b      	movs	r3, r5
10002ef0:	0035      	movs	r5, r6
10002ef2:	4698      	mov	r8, r3
10002ef4:	9b0d      	ldr	r3, [sp, #52]	@ 0x34
10002ef6:	079b      	lsls	r3, r3, #30
10002ef8:	d50f      	bpl.n	10002f1a <_out_rev+0x8a>
10002efa:	465b      	mov	r3, fp
10002efc:	1aec      	subs	r4, r5, r3
10002efe:	9b0c      	ldr	r3, [sp, #48]	@ 0x30
10002f00:	42a3      	cmp	r3, r4
10002f02:	d90a      	bls.n	10002f1a <_out_rev+0x8a>
10002f04:	4646      	mov	r6, r8
10002f06:	4698      	mov	r8, r3
10002f08:	002a      	movs	r2, r5
10002f0a:	464b      	mov	r3, r9
10002f0c:	0031      	movs	r1, r6
10002f0e:	2020      	movs	r0, #32
10002f10:	3401      	adds	r4, #1
10002f12:	47b8      	blx	r7
10002f14:	3501      	adds	r5, #1
10002f16:	4544      	cmp	r4, r8
10002f18:	d3f6      	bcc.n	10002f08 <_out_rev+0x78>
10002f1a:	0028      	movs	r0, r5
10002f1c:	bcf0      	pop	{r4, r5, r6, r7}
10002f1e:	46bb      	mov	fp, r7
10002f20:	46b2      	mov	sl, r6
10002f22:	46a9      	mov	r9, r5
10002f24:	46a0      	mov	r8, r4
10002f26:	bdf8      	pop	{r3, r4, r5, r6, r7, pc}
10002f28:	0016      	movs	r6, r2
10002f2a:	0015      	movs	r5, r2
10002f2c:	2c00      	cmp	r4, #0
10002f2e:	d1d3      	bne.n	10002ed8 <_out_rev+0x48>
10002f30:	e7e0      	b.n	10002ef4 <_out_rev+0x64>
10002f32:	0016      	movs	r6, r2
10002f34:	0015      	movs	r5, r2
10002f36:	2c00      	cmp	r4, #0
10002f38:	d1ce      	bne.n	10002ed8 <_out_rev+0x48>
10002f3a:	e7ee      	b.n	10002f1a <_out_rev+0x8a>

10002f3c <_ntoa_format>:
10002f3c:	b5f0      	push	{r4, r5, r6, r7, lr}
10002f3e:	4645      	mov	r5, r8
10002f40:	46de      	mov	lr, fp
10002f42:	4657      	mov	r7, sl
10002f44:	464e      	mov	r6, r9
10002f46:	b5e0      	push	{r5, r6, r7, lr}
10002f48:	b085      	sub	sp, #20
10002f4a:	469c      	mov	ip, r3
10002f4c:	ab10      	add	r3, sp, #64	@ 0x40
10002f4e:	781b      	ldrb	r3, [r3, #0]
10002f50:	9f14      	ldr	r7, [sp, #80]	@ 0x50
10002f52:	4693      	mov	fp, r2
10002f54:	4698      	mov	r8, r3
10002f56:	9c0f      	ldr	r4, [sp, #60]	@ 0x3c
10002f58:	9e12      	ldr	r6, [sp, #72]	@ 0x48
10002f5a:	9d13      	ldr	r5, [sp, #76]	@ 0x4c
10002f5c:	07bb      	lsls	r3, r7, #30
10002f5e:	d44c      	bmi.n	10002ffa <_ntoa_format+0xbe>
10002f60:	2d00      	cmp	r5, #0
10002f62:	d142      	bne.n	10002fea <_ntoa_format+0xae>
10002f64:	42b4      	cmp	r4, r6
10002f66:	d248      	bcs.n	10002ffa <_ntoa_format+0xbe>
10002f68:	2301      	movs	r3, #1
10002f6a:	403b      	ands	r3, r7
10002f6c:	4699      	mov	r9, r3
10002f6e:	9b0e      	ldr	r3, [sp, #56]	@ 0x38
10002f70:	3b01      	subs	r3, #1
10002f72:	469a      	mov	sl, r3
10002f74:	2330      	movs	r3, #48	@ 0x30
10002f76:	e004      	b.n	10002f82 <_ntoa_format+0x46>
10002f78:	4652      	mov	r2, sl
10002f7a:	3401      	adds	r4, #1
10002f7c:	5513      	strb	r3, [r2, r4]
10002f7e:	42a6      	cmp	r6, r4
10002f80:	d901      	bls.n	10002f86 <_ntoa_format+0x4a>
10002f82:	2c20      	cmp	r4, #32
10002f84:	d1f8      	bne.n	10002f78 <_ntoa_format+0x3c>
10002f86:	464b      	mov	r3, r9
10002f88:	2b00      	cmp	r3, #0
10002f8a:	d100      	bne.n	10002f8e <_ntoa_format+0x52>
10002f8c:	e083      	b.n	10003096 <_ntoa_format+0x15a>
10002f8e:	9b0e      	ldr	r3, [sp, #56]	@ 0x38
10002f90:	3b01      	subs	r3, #1
10002f92:	4699      	mov	r9, r3
10002f94:	2330      	movs	r3, #48	@ 0x30
10002f96:	42a5      	cmp	r5, r4
10002f98:	d805      	bhi.n	10002fa6 <_ntoa_format+0x6a>
10002f9a:	e02e      	b.n	10002ffa <_ntoa_format+0xbe>
10002f9c:	464a      	mov	r2, r9
10002f9e:	3401      	adds	r4, #1
10002fa0:	5513      	strb	r3, [r2, r4]
10002fa2:	42ac      	cmp	r4, r5
10002fa4:	d029      	beq.n	10002ffa <_ntoa_format+0xbe>
10002fa6:	2c20      	cmp	r4, #32
10002fa8:	d1f8      	bne.n	10002f9c <_ntoa_format+0x60>
10002faa:	06fb      	lsls	r3, r7, #27
10002fac:	d50c      	bpl.n	10002fc8 <_ntoa_format+0x8c>
10002fae:	057b      	lsls	r3, r7, #21
10002fb0:	d454      	bmi.n	1000305c <_ntoa_format+0x120>
10002fb2:	42a6      	cmp	r6, r4
10002fb4:	d063      	beq.n	1000307e <_ntoa_format+0x142>
10002fb6:	42a5      	cmp	r5, r4
10002fb8:	d061      	beq.n	1000307e <_ntoa_format+0x142>
10002fba:	9b11      	ldr	r3, [sp, #68]	@ 0x44
10002fbc:	2b10      	cmp	r3, #16
10002fbe:	d050      	beq.n	10003062 <_ntoa_format+0x126>
10002fc0:	2b02      	cmp	r3, #2
10002fc2:	d057      	beq.n	10003074 <_ntoa_format+0x138>
10002fc4:	2c20      	cmp	r4, #32
10002fc6:	d132      	bne.n	1000302e <_ntoa_format+0xf2>
10002fc8:	2320      	movs	r3, #32
10002fca:	9301      	str	r3, [sp, #4]
10002fcc:	9b0e      	ldr	r3, [sp, #56]	@ 0x38
10002fce:	465a      	mov	r2, fp
10002fd0:	9300      	str	r3, [sp, #0]
10002fd2:	9703      	str	r7, [sp, #12]
10002fd4:	4663      	mov	r3, ip
10002fd6:	9502      	str	r5, [sp, #8]
10002fd8:	f7ff ff5a 	bl	10002e90 <_out_rev>
10002fdc:	b005      	add	sp, #20
10002fde:	bcf0      	pop	{r4, r5, r6, r7}
10002fe0:	46bb      	mov	fp, r7
10002fe2:	46b2      	mov	sl, r6
10002fe4:	46a9      	mov	r9, r5
10002fe6:	46a0      	mov	r8, r4
10002fe8:	bdf0      	pop	{r4, r5, r6, r7, pc}
10002fea:	2301      	movs	r3, #1
10002fec:	403b      	ands	r3, r7
10002fee:	4699      	mov	r9, r3
10002ff0:	2301      	movs	r3, #1
10002ff2:	423b      	tst	r3, r7
10002ff4:	d12a      	bne.n	1000304c <_ntoa_format+0x110>
10002ff6:	42b4      	cmp	r4, r6
10002ff8:	d3b9      	bcc.n	10002f6e <_ntoa_format+0x32>
10002ffa:	06fb      	lsls	r3, r7, #27
10002ffc:	d51c      	bpl.n	10003038 <_ntoa_format+0xfc>
10002ffe:	057b      	lsls	r3, r7, #21
10003000:	d4db      	bmi.n	10002fba <_ntoa_format+0x7e>
10003002:	2c00      	cmp	r4, #0
10003004:	d1d5      	bne.n	10002fb2 <_ntoa_format+0x76>
10003006:	9b11      	ldr	r3, [sp, #68]	@ 0x44
10003008:	2b10      	cmp	r3, #16
1000300a:	d05b      	beq.n	100030c4 <_ntoa_format+0x188>
1000300c:	9b11      	ldr	r3, [sp, #68]	@ 0x44
1000300e:	2b02      	cmp	r3, #2
10003010:	d06b      	beq.n	100030ea <_ntoa_format+0x1ae>
10003012:	2330      	movs	r3, #48	@ 0x30
10003014:	2401      	movs	r4, #1
10003016:	9a0e      	ldr	r2, [sp, #56]	@ 0x38
10003018:	7013      	strb	r3, [r2, #0]
1000301a:	4643      	mov	r3, r8
1000301c:	2b00      	cmp	r3, #0
1000301e:	d110      	bne.n	10003042 <_ntoa_format+0x106>
10003020:	077b      	lsls	r3, r7, #29
10003022:	d53e      	bpl.n	100030a2 <_ntoa_format+0x166>
10003024:	262b      	movs	r6, #43	@ 0x2b
10003026:	9a0e      	ldr	r2, [sp, #56]	@ 0x38
10003028:	1c63      	adds	r3, r4, #1
1000302a:	5516      	strb	r6, [r2, r4]
1000302c:	e7cd      	b.n	10002fca <_ntoa_format+0x8e>
1000302e:	0023      	movs	r3, r4
10003030:	3401      	adds	r4, #1
10003032:	2630      	movs	r6, #48	@ 0x30
10003034:	9a0e      	ldr	r2, [sp, #56]	@ 0x38
10003036:	54d6      	strb	r6, [r2, r3]
10003038:	2c20      	cmp	r4, #32
1000303a:	d0c5      	beq.n	10002fc8 <_ntoa_format+0x8c>
1000303c:	4643      	mov	r3, r8
1000303e:	2b00      	cmp	r3, #0
10003040:	d0ee      	beq.n	10003020 <_ntoa_format+0xe4>
10003042:	262d      	movs	r6, #45	@ 0x2d
10003044:	9a0e      	ldr	r2, [sp, #56]	@ 0x38
10003046:	1c63      	adds	r3, r4, #1
10003048:	5516      	strb	r6, [r2, r4]
1000304a:	e7be      	b.n	10002fca <_ntoa_format+0x8e>
1000304c:	4643      	mov	r3, r8
1000304e:	2b00      	cmp	r3, #0
10003050:	d02f      	beq.n	100030b2 <_ntoa_format+0x176>
10003052:	3d01      	subs	r5, #1
10003054:	42b4      	cmp	r4, r6
10003056:	d200      	bcs.n	1000305a <_ntoa_format+0x11e>
10003058:	e789      	b.n	10002f6e <_ntoa_format+0x32>
1000305a:	e798      	b.n	10002f8e <_ntoa_format+0x52>
1000305c:	9b11      	ldr	r3, [sp, #68]	@ 0x44
1000305e:	2b10      	cmp	r3, #16
10003060:	d1b2      	bne.n	10002fc8 <_ntoa_format+0x8c>
10003062:	06bb      	lsls	r3, r7, #26
10003064:	d537      	bpl.n	100030d6 <_ntoa_format+0x19a>
10003066:	2c20      	cmp	r4, #32
10003068:	d0ae      	beq.n	10002fc8 <_ntoa_format+0x8c>
1000306a:	2358      	movs	r3, #88	@ 0x58
1000306c:	9a0e      	ldr	r2, [sp, #56]	@ 0x38
1000306e:	5513      	strb	r3, [r2, r4]
10003070:	3401      	adds	r4, #1
10003072:	e7a7      	b.n	10002fc4 <_ntoa_format+0x88>
10003074:	2c20      	cmp	r4, #32
10003076:	d0a7      	beq.n	10002fc8 <_ntoa_format+0x8c>
10003078:	0023      	movs	r3, r4
1000307a:	3401      	adds	r4, #1
1000307c:	e007      	b.n	1000308e <_ntoa_format+0x152>
1000307e:	1e63      	subs	r3, r4, #1
10003080:	2c01      	cmp	r4, #1
10003082:	d0c0      	beq.n	10003006 <_ntoa_format+0xca>
10003084:	9a11      	ldr	r2, [sp, #68]	@ 0x44
10003086:	2a10      	cmp	r2, #16
10003088:	d031      	beq.n	100030ee <_ntoa_format+0x1b2>
1000308a:	2a02      	cmp	r2, #2
1000308c:	d1d1      	bne.n	10003032 <_ntoa_format+0xf6>
1000308e:	2662      	movs	r6, #98	@ 0x62
10003090:	9a0e      	ldr	r2, [sp, #56]	@ 0x38
10003092:	54d6      	strb	r6, [r2, r3]
10003094:	e796      	b.n	10002fc4 <_ntoa_format+0x88>
10003096:	06fb      	lsls	r3, r7, #27
10003098:	d5ce      	bpl.n	10003038 <_ntoa_format+0xfc>
1000309a:	057b      	lsls	r3, r7, #21
1000309c:	d400      	bmi.n	100030a0 <_ntoa_format+0x164>
1000309e:	e788      	b.n	10002fb2 <_ntoa_format+0x76>
100030a0:	e78b      	b.n	10002fba <_ntoa_format+0x7e>
100030a2:	0023      	movs	r3, r4
100030a4:	073e      	lsls	r6, r7, #28
100030a6:	d590      	bpl.n	10002fca <_ntoa_format+0x8e>
100030a8:	2620      	movs	r6, #32
100030aa:	9a0e      	ldr	r2, [sp, #56]	@ 0x38
100030ac:	3301      	adds	r3, #1
100030ae:	5516      	strb	r6, [r2, r4]
100030b0:	e78b      	b.n	10002fca <_ntoa_format+0x8e>
100030b2:	230c      	movs	r3, #12
100030b4:	403b      	ands	r3, r7
100030b6:	1e5a      	subs	r2, r3, #1
100030b8:	4193      	sbcs	r3, r2
100030ba:	1aed      	subs	r5, r5, r3
100030bc:	42b4      	cmp	r4, r6
100030be:	d200      	bcs.n	100030c2 <_ntoa_format+0x186>
100030c0:	e755      	b.n	10002f6e <_ntoa_format+0x32>
100030c2:	e764      	b.n	10002f8e <_ntoa_format+0x52>
100030c4:	06bb      	lsls	r3, r7, #26
100030c6:	d40e      	bmi.n	100030e6 <_ntoa_format+0x1aa>
100030c8:	2378      	movs	r3, #120	@ 0x78
100030ca:	9a0e      	ldr	r2, [sp, #56]	@ 0x38
100030cc:	2402      	movs	r4, #2
100030ce:	7013      	strb	r3, [r2, #0]
100030d0:	2330      	movs	r3, #48	@ 0x30
100030d2:	7053      	strb	r3, [r2, #1]
100030d4:	e7a1      	b.n	1000301a <_ntoa_format+0xde>
100030d6:	2c20      	cmp	r4, #32
100030d8:	d100      	bne.n	100030dc <_ntoa_format+0x1a0>
100030da:	e775      	b.n	10002fc8 <_ntoa_format+0x8c>
100030dc:	2378      	movs	r3, #120	@ 0x78
100030de:	9a0e      	ldr	r2, [sp, #56]	@ 0x38
100030e0:	5513      	strb	r3, [r2, r4]
100030e2:	3401      	adds	r4, #1
100030e4:	e76e      	b.n	10002fc4 <_ntoa_format+0x88>
100030e6:	2358      	movs	r3, #88	@ 0x58
100030e8:	e7ef      	b.n	100030ca <_ntoa_format+0x18e>
100030ea:	3360      	adds	r3, #96	@ 0x60
100030ec:	e7ed      	b.n	100030ca <_ntoa_format+0x18e>
100030ee:	9a0e      	ldr	r2, [sp, #56]	@ 0x38
100030f0:	1ea6      	subs	r6, r4, #2
100030f2:	4691      	mov	r9, r2
100030f4:	444e      	add	r6, r9
100030f6:	06ba      	lsls	r2, r7, #26
100030f8:	d502      	bpl.n	10003100 <_ntoa_format+0x1c4>
100030fa:	2258      	movs	r2, #88	@ 0x58
100030fc:	7032      	strb	r2, [r6, #0]
100030fe:	e798      	b.n	10003032 <_ntoa_format+0xf6>
10003100:	2278      	movs	r2, #120	@ 0x78
10003102:	7032      	strb	r2, [r6, #0]
10003104:	e795      	b.n	10003032 <_ntoa_format+0xf6>
10003106:	46c0      	nop			@ (mov r8, r8)

10003108 <_out_char>:
10003108:	b510      	push	{r4, lr}
1000310a:	2800      	cmp	r0, #0
1000310c:	d100      	bne.n	10003110 <_out_char+0x8>
1000310e:	bd10      	pop	{r4, pc}
10003110:	f001 fc7e 	bl	10004a10 <__wrap_putchar>
10003114:	e7fb      	b.n	1000310e <_out_char+0x6>
10003116:	46c0      	nop			@ (mov r8, r8)

10003118 <_out_fct>:
10003118:	000b      	movs	r3, r1
1000311a:	b510      	push	{r4, lr}
1000311c:	2800      	cmp	r0, #0
1000311e:	d002      	beq.n	10003126 <_out_fct+0xe>
10003120:	6849      	ldr	r1, [r1, #4]
10003122:	681b      	ldr	r3, [r3, #0]
10003124:	4798      	blx	r3
10003126:	bd10      	pop	{r4, pc}

10003128 <_ftoa>:
10003128:	b5f0      	push	{r4, r5, r6, r7, lr}
1000312a:	4657      	mov	r7, sl
1000312c:	46de      	mov	lr, fp
1000312e:	464e      	mov	r6, r9
10003130:	4645      	mov	r5, r8
10003132:	b5e0      	push	{r5, r6, r7, lr}
10003134:	b095      	sub	sp, #84	@ 0x54
10003136:	4683      	mov	fp, r0
10003138:	000f      	movs	r7, r1
1000313a:	4692      	mov	sl, r2
1000313c:	4698      	mov	r8, r3
1000313e:	9a1e      	ldr	r2, [sp, #120]	@ 0x78
10003140:	9b1f      	ldr	r3, [sp, #124]	@ 0x7c
10003142:	0010      	movs	r0, r2
10003144:	0019      	movs	r1, r3
10003146:	9e20      	ldr	r6, [sp, #128]	@ 0x80
10003148:	f7ff fa7d 	bl	10002646 <__wrap___aeabi_dcmpun>
1000314c:	2800      	cmp	r0, #0
1000314e:	d000      	beq.n	10003152 <_ftoa+0x2a>
10003150:	e1ea      	b.n	10003528 <_ftoa+0x400>
10003152:	981e      	ldr	r0, [sp, #120]	@ 0x78
10003154:	991f      	ldr	r1, [sp, #124]	@ 0x7c
10003156:	2201      	movs	r2, #1
10003158:	4bc5      	ldr	r3, [pc, #788]	@ (10003470 <_ftoa+0x348>)
1000315a:	4252      	negs	r2, r2
1000315c:	f7ff fa58 	bl	10002610 <__wrap___aeabi_dcmplt>
10003160:	2800      	cmp	r0, #0
10003162:	d000      	beq.n	10003166 <_ftoa+0x3e>
10003164:	e114      	b.n	10003390 <_ftoa+0x268>
10003166:	981e      	ldr	r0, [sp, #120]	@ 0x78
10003168:	991f      	ldr	r1, [sp, #124]	@ 0x7c
1000316a:	2201      	movs	r2, #1
1000316c:	4bc1      	ldr	r3, [pc, #772]	@ (10003474 <_ftoa+0x34c>)
1000316e:	4252      	negs	r2, r2
10003170:	f7ff fa64 	bl	1000263c <__wrap___aeabi_dcmpgt>
10003174:	2800      	cmp	r0, #0
10003176:	d000      	beq.n	1000317a <_ftoa+0x52>
10003178:	e0e9      	b.n	1000334e <_ftoa+0x226>
1000317a:	981e      	ldr	r0, [sp, #120]	@ 0x78
1000317c:	991f      	ldr	r1, [sp, #124]	@ 0x7c
1000317e:	2200      	movs	r2, #0
10003180:	4bbd      	ldr	r3, [pc, #756]	@ (10003478 <_ftoa+0x350>)
10003182:	f7ff fa5b 	bl	1000263c <__wrap___aeabi_dcmpgt>
10003186:	2800      	cmp	r0, #0
10003188:	d000      	beq.n	1000318c <_ftoa+0x64>
1000318a:	e0c8      	b.n	1000331e <_ftoa+0x1f6>
1000318c:	981e      	ldr	r0, [sp, #120]	@ 0x78
1000318e:	991f      	ldr	r1, [sp, #124]	@ 0x7c
10003190:	2200      	movs	r2, #0
10003192:	4bba      	ldr	r3, [pc, #744]	@ (1000347c <_ftoa+0x354>)
10003194:	f7ff fa3c 	bl	10002610 <__wrap___aeabi_dcmplt>
10003198:	2800      	cmp	r0, #0
1000319a:	d000      	beq.n	1000319e <_ftoa+0x76>
1000319c:	e0bf      	b.n	1000331e <_ftoa+0x1f6>
1000319e:	981e      	ldr	r0, [sp, #120]	@ 0x78
100031a0:	991f      	ldr	r1, [sp, #124]	@ 0x7c
100031a2:	2200      	movs	r2, #0
100031a4:	2300      	movs	r3, #0
100031a6:	f7ff fa33 	bl	10002610 <__wrap___aeabi_dcmplt>
100031aa:	2800      	cmp	r0, #0
100031ac:	d000      	beq.n	100031b0 <_ftoa+0x88>
100031ae:	e0e4      	b.n	1000337a <_ftoa+0x252>
100031b0:	2300      	movs	r3, #0
100031b2:	930b      	str	r3, [sp, #44]	@ 0x2c
100031b4:	9b22      	ldr	r3, [sp, #136]	@ 0x88
100031b6:	055b      	lsls	r3, r3, #21
100031b8:	d400      	bmi.n	100031bc <_ftoa+0x94>
100031ba:	2606      	movs	r6, #6
100031bc:	2400      	movs	r4, #0
100031be:	2330      	movs	r3, #48	@ 0x30
100031c0:	e007      	b.n	100031d2 <_ftoa+0xaa>
100031c2:	2117      	movs	r1, #23
100031c4:	aa06      	add	r2, sp, #24
100031c6:	3401      	adds	r4, #1
100031c8:	1852      	adds	r2, r2, r1
100031ca:	5513      	strb	r3, [r2, r4]
100031cc:	3e01      	subs	r6, #1
100031ce:	2c20      	cmp	r4, #32
100031d0:	d001      	beq.n	100031d6 <_ftoa+0xae>
100031d2:	2e09      	cmp	r6, #9
100031d4:	d8f5      	bhi.n	100031c2 <_ftoa+0x9a>
100031d6:	981e      	ldr	r0, [sp, #120]	@ 0x78
100031d8:	991f      	ldr	r1, [sp, #124]	@ 0x7c
100031da:	f7ff fa5d 	bl	10002698 <__wrap___aeabi_d2iz>
100031de:	4ba8      	ldr	r3, [pc, #672]	@ (10003480 <_ftoa+0x358>)
100031e0:	00f2      	lsls	r2, r6, #3
100031e2:	189b      	adds	r3, r3, r2
100031e4:	681a      	ldr	r2, [r3, #0]
100031e6:	685b      	ldr	r3, [r3, #4]
100031e8:	0005      	movs	r5, r0
100031ea:	9208      	str	r2, [sp, #32]
100031ec:	9309      	str	r3, [sp, #36]	@ 0x24
100031ee:	f7ff fa3b 	bl	10002668 <__wrap___aeabi_i2d>
100031f2:	0002      	movs	r2, r0
100031f4:	000b      	movs	r3, r1
100031f6:	981e      	ldr	r0, [sp, #120]	@ 0x78
100031f8:	991f      	ldr	r1, [sp, #124]	@ 0x7c
100031fa:	f7ff f996 	bl	1000252a <__wrap___aeabi_dsub>
100031fe:	9a08      	ldr	r2, [sp, #32]
10003200:	9b09      	ldr	r3, [sp, #36]	@ 0x24
10003202:	f7ff f9c2 	bl	1000258a <__wrap___aeabi_dmul>
10003206:	9006      	str	r0, [sp, #24]
10003208:	9107      	str	r1, [sp, #28]
1000320a:	f7ff fa69 	bl	100026e0 <__wrap___aeabi_d2uiz>
1000320e:	4681      	mov	r9, r0
10003210:	f7ff fa26 	bl	10002660 <__wrap___aeabi_ui2d>
10003214:	0002      	movs	r2, r0
10003216:	000b      	movs	r3, r1
10003218:	9806      	ldr	r0, [sp, #24]
1000321a:	9907      	ldr	r1, [sp, #28]
1000321c:	f7ff f985 	bl	1000252a <__wrap___aeabi_dsub>
10003220:	2200      	movs	r2, #0
10003222:	4b98      	ldr	r3, [pc, #608]	@ (10003484 <_ftoa+0x35c>)
10003224:	9006      	str	r0, [sp, #24]
10003226:	9107      	str	r1, [sp, #28]
10003228:	f7ff fa08 	bl	1000263c <__wrap___aeabi_dcmpgt>
1000322c:	2800      	cmp	r0, #0
1000322e:	d100      	bne.n	10003232 <_ftoa+0x10a>
10003230:	e10d      	b.n	1000344e <_ftoa+0x326>
10003232:	2301      	movs	r3, #1
10003234:	469c      	mov	ip, r3
10003236:	44e1      	add	r9, ip
10003238:	4648      	mov	r0, r9
1000323a:	f7ff fa11 	bl	10002660 <__wrap___aeabi_ui2d>
1000323e:	0002      	movs	r2, r0
10003240:	000b      	movs	r3, r1
10003242:	9808      	ldr	r0, [sp, #32]
10003244:	9909      	ldr	r1, [sp, #36]	@ 0x24
10003246:	f7ff f9e9 	bl	1000261c <__wrap___aeabi_dcmple>
1000324a:	2800      	cmp	r0, #0
1000324c:	d002      	beq.n	10003254 <_ftoa+0x12c>
1000324e:	2300      	movs	r3, #0
10003250:	4699      	mov	r9, r3
10003252:	3501      	adds	r5, #1
10003254:	2e00      	cmp	r6, #0
10003256:	d100      	bne.n	1000325a <_ftoa+0x132>
10003258:	e0d9      	b.n	1000340e <_ftoa+0x2e6>
1000325a:	9506      	str	r5, [sp, #24]
1000325c:	464d      	mov	r5, r9
1000325e:	46b9      	mov	r9, r7
10003260:	e014      	b.n	1000328c <_ftoa+0x164>
10003262:	aa06      	add	r2, sp, #24
10003264:	4694      	mov	ip, r2
10003266:	2317      	movs	r3, #23
10003268:	210a      	movs	r1, #10
1000326a:	4463      	add	r3, ip
1000326c:	0028      	movs	r0, r5
1000326e:	3401      	adds	r4, #1
10003270:	191f      	adds	r7, r3, r4
10003272:	f7fe ff1f 	bl	100020b4 <__wrap___aeabi_uidiv>
10003276:	3130      	adds	r1, #48	@ 0x30
10003278:	7039      	strb	r1, [r7, #0]
1000327a:	0028      	movs	r0, r5
1000327c:	210a      	movs	r1, #10
1000327e:	3e01      	subs	r6, #1
10003280:	f7fe ff18 	bl	100020b4 <__wrap___aeabi_uidiv>
10003284:	2d09      	cmp	r5, #9
10003286:	d800      	bhi.n	1000328a <_ftoa+0x162>
10003288:	e117      	b.n	100034ba <_ftoa+0x392>
1000328a:	0005      	movs	r5, r0
1000328c:	2c20      	cmp	r4, #32
1000328e:	d1e8      	bne.n	10003262 <_ftoa+0x13a>
10003290:	464f      	mov	r7, r9
10003292:	9d06      	ldr	r5, [sp, #24]
10003294:	2420      	movs	r4, #32
10003296:	ae0c      	add	r6, sp, #48	@ 0x30
10003298:	aa06      	add	r2, sp, #24
1000329a:	2317      	movs	r3, #23
1000329c:	4694      	mov	ip, r2
1000329e:	4463      	add	r3, ip
100032a0:	4699      	mov	r9, r3
100032a2:	465b      	mov	r3, fp
100032a4:	46b3      	mov	fp, r6
100032a6:	9306      	str	r3, [sp, #24]
100032a8:	e00f      	b.n	100032ca <_ftoa+0x1a2>
100032aa:	464b      	mov	r3, r9
100032ac:	0028      	movs	r0, r5
100032ae:	210a      	movs	r1, #10
100032b0:	3401      	adds	r4, #1
100032b2:	18e6      	adds	r6, r4, r3
100032b4:	f7fe fed6 	bl	10002064 <__wrap___aeabi_idiv>
100032b8:	3130      	adds	r1, #48	@ 0x30
100032ba:	0028      	movs	r0, r5
100032bc:	7031      	strb	r1, [r6, #0]
100032be:	210a      	movs	r1, #10
100032c0:	f7fe fed0 	bl	10002064 <__wrap___aeabi_idiv>
100032c4:	1e05      	subs	r5, r0, #0
100032c6:	d100      	bne.n	100032ca <_ftoa+0x1a2>
100032c8:	e0e4      	b.n	10003494 <_ftoa+0x36c>
100032ca:	2c20      	cmp	r4, #32
100032cc:	d1ed      	bne.n	100032aa <_ftoa+0x182>
100032ce:	9b06      	ldr	r3, [sp, #24]
100032d0:	465e      	mov	r6, fp
100032d2:	469b      	mov	fp, r3
100032d4:	2303      	movs	r3, #3
100032d6:	9a22      	ldr	r2, [sp, #136]	@ 0x88
100032d8:	4013      	ands	r3, r2
100032da:	2b01      	cmp	r3, #1
100032dc:	d118      	bne.n	10003310 <_ftoa+0x1e8>
100032de:	9b21      	ldr	r3, [sp, #132]	@ 0x84
100032e0:	2b00      	cmp	r3, #0
100032e2:	d015      	beq.n	10003310 <_ftoa+0x1e8>
100032e4:	9b0b      	ldr	r3, [sp, #44]	@ 0x2c
100032e6:	2b00      	cmp	r3, #0
100032e8:	d100      	bne.n	100032ec <_ftoa+0x1c4>
100032ea:	e0fd      	b.n	100034e8 <_ftoa+0x3c0>
100032ec:	9b21      	ldr	r3, [sp, #132]	@ 0x84
100032ee:	3b01      	subs	r3, #1
100032f0:	9321      	str	r3, [sp, #132]	@ 0x84
100032f2:	2b20      	cmp	r3, #32
100032f4:	d90c      	bls.n	10003310 <_ftoa+0x1e8>
100032f6:	2330      	movs	r3, #48	@ 0x30
100032f8:	9a21      	ldr	r2, [sp, #132]	@ 0x84
100032fa:	e007      	b.n	1000330c <_ftoa+0x1e4>
100032fc:	2017      	movs	r0, #23
100032fe:	a906      	add	r1, sp, #24
10003300:	3401      	adds	r4, #1
10003302:	1809      	adds	r1, r1, r0
10003304:	550b      	strb	r3, [r1, r4]
10003306:	4294      	cmp	r4, r2
10003308:	d300      	bcc.n	1000330c <_ftoa+0x1e4>
1000330a:	e0cc      	b.n	100034a6 <_ftoa+0x37e>
1000330c:	2c20      	cmp	r4, #32
1000330e:	d1f5      	bne.n	100032fc <_ftoa+0x1d4>
10003310:	9b22      	ldr	r3, [sp, #136]	@ 0x88
10003312:	9401      	str	r4, [sp, #4]
10003314:	9303      	str	r3, [sp, #12]
10003316:	9b21      	ldr	r3, [sp, #132]	@ 0x84
10003318:	9600      	str	r6, [sp, #0]
1000331a:	9302      	str	r3, [sp, #8]
1000331c:	e022      	b.n	10003364 <_ftoa+0x23c>
1000331e:	9b22      	ldr	r3, [sp, #136]	@ 0x88
10003320:	4652      	mov	r2, sl
10003322:	9304      	str	r3, [sp, #16]
10003324:	9b21      	ldr	r3, [sp, #132]	@ 0x84
10003326:	0039      	movs	r1, r7
10003328:	9303      	str	r3, [sp, #12]
1000332a:	4658      	mov	r0, fp
1000332c:	9b1e      	ldr	r3, [sp, #120]	@ 0x78
1000332e:	9c1f      	ldr	r4, [sp, #124]	@ 0x7c
10003330:	9602      	str	r6, [sp, #8]
10003332:	9300      	str	r3, [sp, #0]
10003334:	9401      	str	r4, [sp, #4]
10003336:	4643      	mov	r3, r8
10003338:	f000 f94a 	bl	100035d0 <_etoa>
1000333c:	0004      	movs	r4, r0
1000333e:	0020      	movs	r0, r4
10003340:	b015      	add	sp, #84	@ 0x54
10003342:	bcf0      	pop	{r4, r5, r6, r7}
10003344:	46bb      	mov	fp, r7
10003346:	46b2      	mov	sl, r6
10003348:	46a9      	mov	r9, r5
1000334a:	46a0      	mov	r8, r4
1000334c:	bdf0      	pop	{r4, r5, r6, r7, pc}
1000334e:	9b22      	ldr	r3, [sp, #136]	@ 0x88
10003350:	075b      	lsls	r3, r3, #29
10003352:	d40f      	bmi.n	10003374 <_ftoa+0x24c>
10003354:	2203      	movs	r2, #3
10003356:	4b4c      	ldr	r3, [pc, #304]	@ (10003488 <_ftoa+0x360>)
10003358:	9922      	ldr	r1, [sp, #136]	@ 0x88
1000335a:	9201      	str	r2, [sp, #4]
1000335c:	9103      	str	r1, [sp, #12]
1000335e:	9921      	ldr	r1, [sp, #132]	@ 0x84
10003360:	9300      	str	r3, [sp, #0]
10003362:	9102      	str	r1, [sp, #8]
10003364:	4643      	mov	r3, r8
10003366:	4652      	mov	r2, sl
10003368:	0039      	movs	r1, r7
1000336a:	4658      	mov	r0, fp
1000336c:	f7ff fd90 	bl	10002e90 <_out_rev>
10003370:	0004      	movs	r4, r0
10003372:	e7e4      	b.n	1000333e <_ftoa+0x216>
10003374:	2204      	movs	r2, #4
10003376:	4b45      	ldr	r3, [pc, #276]	@ (1000348c <_ftoa+0x364>)
10003378:	e7ee      	b.n	10003358 <_ftoa+0x230>
1000337a:	9a1e      	ldr	r2, [sp, #120]	@ 0x78
1000337c:	9b1f      	ldr	r3, [sp, #124]	@ 0x7c
1000337e:	2000      	movs	r0, #0
10003380:	2100      	movs	r1, #0
10003382:	f7ff f8d2 	bl	1000252a <__wrap___aeabi_dsub>
10003386:	2301      	movs	r3, #1
10003388:	901e      	str	r0, [sp, #120]	@ 0x78
1000338a:	911f      	str	r1, [sp, #124]	@ 0x7c
1000338c:	930b      	str	r3, [sp, #44]	@ 0x2c
1000338e:	e711      	b.n	100031b4 <_ftoa+0x8c>
10003390:	9b22      	ldr	r3, [sp, #136]	@ 0x88
10003392:	4654      	mov	r4, sl
10003394:	079b      	lsls	r3, r3, #30
10003396:	d111      	bne.n	100033bc <_ftoa+0x294>
10003398:	9b21      	ldr	r3, [sp, #132]	@ 0x84
1000339a:	2b04      	cmp	r3, #4
1000339c:	d90e      	bls.n	100033bc <_ftoa+0x294>
1000339e:	9b21      	ldr	r3, [sp, #132]	@ 0x84
100033a0:	4655      	mov	r5, sl
100033a2:	469c      	mov	ip, r3
100033a4:	465e      	mov	r6, fp
100033a6:	3c04      	subs	r4, #4
100033a8:	4464      	add	r4, ip
100033aa:	002a      	movs	r2, r5
100033ac:	4643      	mov	r3, r8
100033ae:	3501      	adds	r5, #1
100033b0:	0039      	movs	r1, r7
100033b2:	2020      	movs	r0, #32
100033b4:	47b0      	blx	r6
100033b6:	42a5      	cmp	r5, r4
100033b8:	d1f7      	bne.n	100033aa <_ftoa+0x282>
100033ba:	46b3      	mov	fp, r6
100033bc:	4d34      	ldr	r5, [pc, #208]	@ (10003490 <_ftoa+0x368>)
100033be:	0026      	movs	r6, r4
100033c0:	1f2b      	subs	r3, r5, #4
100033c2:	4699      	mov	r9, r3
100033c4:	465b      	mov	r3, fp
100033c6:	46a3      	mov	fp, r4
100033c8:	001c      	movs	r4, r3
100033ca:	0032      	movs	r2, r6
100033cc:	78e8      	ldrb	r0, [r5, #3]
100033ce:	4643      	mov	r3, r8
100033d0:	0039      	movs	r1, r7
100033d2:	3d01      	subs	r5, #1
100033d4:	47a0      	blx	r4
100033d6:	3601      	adds	r6, #1
100033d8:	454d      	cmp	r5, r9
100033da:	d1f6      	bne.n	100033ca <_ftoa+0x2a2>
100033dc:	0023      	movs	r3, r4
100033de:	465c      	mov	r4, fp
100033e0:	469b      	mov	fp, r3
100033e2:	9b22      	ldr	r3, [sp, #136]	@ 0x88
100033e4:	3404      	adds	r4, #4
100033e6:	079b      	lsls	r3, r3, #30
100033e8:	d5a9      	bpl.n	1000333e <_ftoa+0x216>
100033ea:	4653      	mov	r3, sl
100033ec:	9a21      	ldr	r2, [sp, #132]	@ 0x84
100033ee:	1ae3      	subs	r3, r4, r3
100033f0:	429a      	cmp	r2, r3
100033f2:	d9a4      	bls.n	1000333e <_ftoa+0x216>
100033f4:	465e      	mov	r6, fp
100033f6:	0015      	movs	r5, r2
100033f8:	0022      	movs	r2, r4
100033fa:	4643      	mov	r3, r8
100033fc:	0039      	movs	r1, r7
100033fe:	2020      	movs	r0, #32
10003400:	47b0      	blx	r6
10003402:	4653      	mov	r3, sl
10003404:	3401      	adds	r4, #1
10003406:	1ae3      	subs	r3, r4, r3
10003408:	429d      	cmp	r5, r3
1000340a:	d8f5      	bhi.n	100033f8 <_ftoa+0x2d0>
1000340c:	e797      	b.n	1000333e <_ftoa+0x216>
1000340e:	0028      	movs	r0, r5
10003410:	f7ff f92a 	bl	10002668 <__wrap___aeabi_i2d>
10003414:	0002      	movs	r2, r0
10003416:	000b      	movs	r3, r1
10003418:	981e      	ldr	r0, [sp, #120]	@ 0x78
1000341a:	991f      	ldr	r1, [sp, #124]	@ 0x7c
1000341c:	f7ff f885 	bl	1000252a <__wrap___aeabi_dsub>
10003420:	2200      	movs	r2, #0
10003422:	4b18      	ldr	r3, [pc, #96]	@ (10003484 <_ftoa+0x35c>)
10003424:	9006      	str	r0, [sp, #24]
10003426:	9107      	str	r1, [sp, #28]
10003428:	f7ff f8f2 	bl	10002610 <__wrap___aeabi_dcmplt>
1000342c:	ae0c      	add	r6, sp, #48	@ 0x30
1000342e:	2800      	cmp	r0, #0
10003430:	d000      	beq.n	10003434 <_ftoa+0x30c>
10003432:	e731      	b.n	10003298 <_ftoa+0x170>
10003434:	9806      	ldr	r0, [sp, #24]
10003436:	9907      	ldr	r1, [sp, #28]
10003438:	2200      	movs	r2, #0
1000343a:	4b12      	ldr	r3, [pc, #72]	@ (10003484 <_ftoa+0x35c>)
1000343c:	f7ff f8fe 	bl	1000263c <__wrap___aeabi_dcmpgt>
10003440:	2800      	cmp	r0, #0
10003442:	d000      	beq.n	10003446 <_ftoa+0x31e>
10003444:	e728      	b.n	10003298 <_ftoa+0x170>
10003446:	2301      	movs	r3, #1
10003448:	3501      	adds	r5, #1
1000344a:	439d      	bics	r5, r3
1000344c:	e724      	b.n	10003298 <_ftoa+0x170>
1000344e:	2200      	movs	r2, #0
10003450:	9806      	ldr	r0, [sp, #24]
10003452:	9907      	ldr	r1, [sp, #28]
10003454:	4b0b      	ldr	r3, [pc, #44]	@ (10003484 <_ftoa+0x35c>)
10003456:	f7ff f8db 	bl	10002610 <__wrap___aeabi_dcmplt>
1000345a:	2800      	cmp	r0, #0
1000345c:	d000      	beq.n	10003460 <_ftoa+0x338>
1000345e:	e6f9      	b.n	10003254 <_ftoa+0x12c>
10003460:	464b      	mov	r3, r9
10003462:	2b00      	cmp	r3, #0
10003464:	d15c      	bne.n	10003520 <_ftoa+0x3f8>
10003466:	2301      	movs	r3, #1
10003468:	469c      	mov	ip, r3
1000346a:	44e1      	add	r9, ip
1000346c:	e6f2      	b.n	10003254 <_ftoa+0x12c>
1000346e:	46c0      	nop			@ (mov r8, r8)
10003470:	ffefffff 	.word	0xffefffff
10003474:	7fefffff 	.word	0x7fefffff
10003478:	41cdcd65 	.word	0x41cdcd65
1000347c:	c1cdcd65 	.word	0xc1cdcd65
10003480:	10007ce8 	.word	0x10007ce8
10003484:	3fe00000 	.word	0x3fe00000
10003488:	10007a3c 	.word	0x10007a3c
1000348c:	10007a34 	.word	0x10007a34
10003490:	10007a44 	.word	0x10007a44
10003494:	9b06      	ldr	r3, [sp, #24]
10003496:	465e      	mov	r6, fp
10003498:	469b      	mov	fp, r3
1000349a:	2303      	movs	r3, #3
1000349c:	9a22      	ldr	r2, [sp, #136]	@ 0x88
1000349e:	4013      	ands	r3, r2
100034a0:	2b01      	cmp	r3, #1
100034a2:	d100      	bne.n	100034a6 <_ftoa+0x37e>
100034a4:	e081      	b.n	100035aa <_ftoa+0x482>
100034a6:	2c20      	cmp	r4, #32
100034a8:	d100      	bne.n	100034ac <_ftoa+0x384>
100034aa:	e731      	b.n	10003310 <_ftoa+0x1e8>
100034ac:	9b0b      	ldr	r3, [sp, #44]	@ 0x2c
100034ae:	2b00      	cmp	r3, #0
100034b0:	d027      	beq.n	10003502 <_ftoa+0x3da>
100034b2:	232d      	movs	r3, #45	@ 0x2d
100034b4:	5533      	strb	r3, [r6, r4]
100034b6:	3401      	adds	r4, #1
100034b8:	e72a      	b.n	10003310 <_ftoa+0x1e8>
100034ba:	464f      	mov	r7, r9
100034bc:	9d06      	ldr	r5, [sp, #24]
100034be:	2c20      	cmp	r4, #32
100034c0:	d100      	bne.n	100034c4 <_ftoa+0x39c>
100034c2:	e6e7      	b.n	10003294 <_ftoa+0x16c>
100034c4:	2230      	movs	r2, #48	@ 0x30
100034c6:	1933      	adds	r3, r6, r4
100034c8:	e007      	b.n	100034da <_ftoa+0x3b2>
100034ca:	2017      	movs	r0, #23
100034cc:	a906      	add	r1, sp, #24
100034ce:	3401      	adds	r4, #1
100034d0:	1809      	adds	r1, r1, r0
100034d2:	550a      	strb	r2, [r1, r4]
100034d4:	2c20      	cmp	r4, #32
100034d6:	d100      	bne.n	100034da <_ftoa+0x3b2>
100034d8:	e6dc      	b.n	10003294 <_ftoa+0x16c>
100034da:	42a3      	cmp	r3, r4
100034dc:	d1f5      	bne.n	100034ca <_ftoa+0x3a2>
100034de:	222e      	movs	r2, #46	@ 0x2e
100034e0:	ae0c      	add	r6, sp, #48	@ 0x30
100034e2:	3401      	adds	r4, #1
100034e4:	54f2      	strb	r2, [r6, r3]
100034e6:	e6d7      	b.n	10003298 <_ftoa+0x170>
100034e8:	230c      	movs	r3, #12
100034ea:	9a22      	ldr	r2, [sp, #136]	@ 0x88
100034ec:	4213      	tst	r3, r2
100034ee:	d057      	beq.n	100035a0 <_ftoa+0x478>
100034f0:	9b21      	ldr	r3, [sp, #132]	@ 0x84
100034f2:	3b01      	subs	r3, #1
100034f4:	9321      	str	r3, [sp, #132]	@ 0x84
100034f6:	42a3      	cmp	r3, r4
100034f8:	d900      	bls.n	100034fc <_ftoa+0x3d4>
100034fa:	e6fc      	b.n	100032f6 <_ftoa+0x1ce>
100034fc:	2c20      	cmp	r4, #32
100034fe:	d100      	bne.n	10003502 <_ftoa+0x3da>
10003500:	e706      	b.n	10003310 <_ftoa+0x1e8>
10003502:	9b22      	ldr	r3, [sp, #136]	@ 0x88
10003504:	075b      	lsls	r3, r3, #29
10003506:	d503      	bpl.n	10003510 <_ftoa+0x3e8>
10003508:	232b      	movs	r3, #43	@ 0x2b
1000350a:	5533      	strb	r3, [r6, r4]
1000350c:	3401      	adds	r4, #1
1000350e:	e6ff      	b.n	10003310 <_ftoa+0x1e8>
10003510:	9b22      	ldr	r3, [sp, #136]	@ 0x88
10003512:	071b      	lsls	r3, r3, #28
10003514:	d400      	bmi.n	10003518 <_ftoa+0x3f0>
10003516:	e6fb      	b.n	10003310 <_ftoa+0x1e8>
10003518:	2320      	movs	r3, #32
1000351a:	5533      	strb	r3, [r6, r4]
1000351c:	3401      	adds	r4, #1
1000351e:	e6f7      	b.n	10003310 <_ftoa+0x1e8>
10003520:	07db      	lsls	r3, r3, #31
10003522:	d400      	bmi.n	10003526 <_ftoa+0x3fe>
10003524:	e696      	b.n	10003254 <_ftoa+0x12c>
10003526:	e79e      	b.n	10003466 <_ftoa+0x33e>
10003528:	9b22      	ldr	r3, [sp, #136]	@ 0x88
1000352a:	4655      	mov	r5, sl
1000352c:	079b      	lsls	r3, r3, #30
1000352e:	d111      	bne.n	10003554 <_ftoa+0x42c>
10003530:	9b21      	ldr	r3, [sp, #132]	@ 0x84
10003532:	2b03      	cmp	r3, #3
10003534:	d90e      	bls.n	10003554 <_ftoa+0x42c>
10003536:	9b21      	ldr	r3, [sp, #132]	@ 0x84
10003538:	4654      	mov	r4, sl
1000353a:	469c      	mov	ip, r3
1000353c:	465e      	mov	r6, fp
1000353e:	3d03      	subs	r5, #3
10003540:	4465      	add	r5, ip
10003542:	0022      	movs	r2, r4
10003544:	4643      	mov	r3, r8
10003546:	3401      	adds	r4, #1
10003548:	0039      	movs	r1, r7
1000354a:	2020      	movs	r0, #32
1000354c:	47b0      	blx	r6
1000354e:	42ac      	cmp	r4, r5
10003550:	d1f7      	bne.n	10003542 <_ftoa+0x41a>
10003552:	46b3      	mov	fp, r6
10003554:	46b9      	mov	r9, r7
10003556:	465f      	mov	r7, fp
10003558:	4e1c      	ldr	r6, [pc, #112]	@ (100035cc <_ftoa+0x4a4>)
1000355a:	1cec      	adds	r4, r5, #3
1000355c:	002a      	movs	r2, r5
1000355e:	78b0      	ldrb	r0, [r6, #2]
10003560:	4643      	mov	r3, r8
10003562:	4649      	mov	r1, r9
10003564:	3501      	adds	r5, #1
10003566:	47b8      	blx	r7
10003568:	3e01      	subs	r6, #1
1000356a:	42ac      	cmp	r4, r5
1000356c:	d1f6      	bne.n	1000355c <_ftoa+0x434>
1000356e:	9b22      	ldr	r3, [sp, #136]	@ 0x88
10003570:	46bb      	mov	fp, r7
10003572:	464f      	mov	r7, r9
10003574:	079b      	lsls	r3, r3, #30
10003576:	d400      	bmi.n	1000357a <_ftoa+0x452>
10003578:	e6e1      	b.n	1000333e <_ftoa+0x216>
1000357a:	4653      	mov	r3, sl
1000357c:	9a21      	ldr	r2, [sp, #132]	@ 0x84
1000357e:	1ae3      	subs	r3, r4, r3
10003580:	429a      	cmp	r2, r3
10003582:	d800      	bhi.n	10003586 <_ftoa+0x45e>
10003584:	e6db      	b.n	1000333e <_ftoa+0x216>
10003586:	465e      	mov	r6, fp
10003588:	0015      	movs	r5, r2
1000358a:	0022      	movs	r2, r4
1000358c:	4643      	mov	r3, r8
1000358e:	0039      	movs	r1, r7
10003590:	2020      	movs	r0, #32
10003592:	47b0      	blx	r6
10003594:	4653      	mov	r3, sl
10003596:	3401      	adds	r4, #1
10003598:	1ae3      	subs	r3, r4, r3
1000359a:	42ab      	cmp	r3, r5
1000359c:	d3f5      	bcc.n	1000358a <_ftoa+0x462>
1000359e:	e6ce      	b.n	1000333e <_ftoa+0x216>
100035a0:	9b21      	ldr	r3, [sp, #132]	@ 0x84
100035a2:	42a3      	cmp	r3, r4
100035a4:	d900      	bls.n	100035a8 <_ftoa+0x480>
100035a6:	e6a6      	b.n	100032f6 <_ftoa+0x1ce>
100035a8:	e6b2      	b.n	10003310 <_ftoa+0x1e8>
100035aa:	9b21      	ldr	r3, [sp, #132]	@ 0x84
100035ac:	2b00      	cmp	r3, #0
100035ae:	d100      	bne.n	100035b2 <_ftoa+0x48a>
100035b0:	e779      	b.n	100034a6 <_ftoa+0x37e>
100035b2:	9b0b      	ldr	r3, [sp, #44]	@ 0x2c
100035b4:	2b00      	cmp	r3, #0
100035b6:	d097      	beq.n	100034e8 <_ftoa+0x3c0>
100035b8:	9b21      	ldr	r3, [sp, #132]	@ 0x84
100035ba:	3b01      	subs	r3, #1
100035bc:	9321      	str	r3, [sp, #132]	@ 0x84
100035be:	429c      	cmp	r4, r3
100035c0:	d200      	bcs.n	100035c4 <_ftoa+0x49c>
100035c2:	e698      	b.n	100032f6 <_ftoa+0x1ce>
100035c4:	2c20      	cmp	r4, #32
100035c6:	d000      	beq.n	100035ca <_ftoa+0x4a2>
100035c8:	e773      	b.n	100034b2 <_ftoa+0x38a>
100035ca:	e6a1      	b.n	10003310 <_ftoa+0x1e8>
100035cc:	10007a40 	.word	0x10007a40

100035d0 <_etoa>:
100035d0:	b5f0      	push	{r4, r5, r6, r7, lr}
100035d2:	46de      	mov	lr, fp
100035d4:	4657      	mov	r7, sl
100035d6:	464e      	mov	r6, r9
100035d8:	4645      	mov	r5, r8
100035da:	b5e0      	push	{r5, r6, r7, lr}
100035dc:	b099      	sub	sp, #100	@ 0x64
100035de:	4681      	mov	r9, r0
100035e0:	468b      	mov	fp, r1
100035e2:	4692      	mov	sl, r2
100035e4:	4698      	mov	r8, r3
100035e6:	9a22      	ldr	r2, [sp, #136]	@ 0x88
100035e8:	9b23      	ldr	r3, [sp, #140]	@ 0x8c
100035ea:	0010      	movs	r0, r2
100035ec:	0019      	movs	r1, r3
100035ee:	f7ff f82a 	bl	10002646 <__wrap___aeabi_dcmpun>
100035f2:	2800      	cmp	r0, #0
100035f4:	d000      	beq.n	100035f8 <_etoa+0x28>
100035f6:	e0ca      	b.n	1000378e <_etoa+0x1be>
100035f8:	9822      	ldr	r0, [sp, #136]	@ 0x88
100035fa:	9923      	ldr	r1, [sp, #140]	@ 0x8c
100035fc:	2201      	movs	r2, #1
100035fe:	4b82      	ldr	r3, [pc, #520]	@ (10003808 <_etoa+0x238>)
10003600:	4252      	negs	r2, r2
10003602:	f7ff f81b 	bl	1000263c <__wrap___aeabi_dcmpgt>
10003606:	2800      	cmp	r0, #0
10003608:	d000      	beq.n	1000360c <_etoa+0x3c>
1000360a:	e0c0      	b.n	1000378e <_etoa+0x1be>
1000360c:	9822      	ldr	r0, [sp, #136]	@ 0x88
1000360e:	9923      	ldr	r1, [sp, #140]	@ 0x8c
10003610:	2201      	movs	r2, #1
10003612:	4b7e      	ldr	r3, [pc, #504]	@ (1000380c <_etoa+0x23c>)
10003614:	4252      	negs	r2, r2
10003616:	f7fe fffb 	bl	10002610 <__wrap___aeabi_dcmplt>
1000361a:	2800      	cmp	r0, #0
1000361c:	d000      	beq.n	10003620 <_etoa+0x50>
1000361e:	e0b6      	b.n	1000378e <_etoa+0x1be>
10003620:	9822      	ldr	r0, [sp, #136]	@ 0x88
10003622:	9923      	ldr	r1, [sp, #140]	@ 0x8c
10003624:	2200      	movs	r2, #0
10003626:	2300      	movs	r3, #0
10003628:	f7fe fff2 	bl	10002610 <__wrap___aeabi_dcmplt>
1000362c:	2800      	cmp	r0, #0
1000362e:	d000      	beq.n	10003632 <_etoa+0x62>
10003630:	e1c9      	b.n	100039c6 <_etoa+0x3f6>
10003632:	9b22      	ldr	r3, [sp, #136]	@ 0x88
10003634:	9c23      	ldr	r4, [sp, #140]	@ 0x8c
10003636:	9308      	str	r3, [sp, #32]
10003638:	9409      	str	r4, [sp, #36]	@ 0x24
1000363a:	9808      	ldr	r0, [sp, #32]
1000363c:	9909      	ldr	r1, [sp, #36]	@ 0x24
1000363e:	2380      	movs	r3, #128	@ 0x80
10003640:	9a26      	ldr	r2, [sp, #152]	@ 0x98
10003642:	00db      	lsls	r3, r3, #3
10003644:	401a      	ands	r2, r3
10003646:	920d      	str	r2, [sp, #52]	@ 0x34
10003648:	2280      	movs	r2, #128	@ 0x80
1000364a:	9c26      	ldr	r4, [sp, #152]	@ 0x98
1000364c:	0112      	lsls	r2, r2, #4
1000364e:	4014      	ands	r4, r2
10003650:	0022      	movs	r2, r4
10003652:	940b      	str	r4, [sp, #44]	@ 0x2c
10003654:	9c26      	ldr	r4, [sp, #152]	@ 0x98
10003656:	0007      	movs	r7, r0
10003658:	000e      	movs	r6, r1
1000365a:	421c      	tst	r4, r3
1000365c:	d000      	beq.n	10003660 <_etoa+0x90>
1000365e:	e0ad      	b.n	100037bc <_etoa+0x1ec>
10003660:	000b      	movs	r3, r1
10003662:	4303      	orrs	r3, r0
10003664:	d000      	beq.n	10003668 <_etoa+0x98>
10003666:	e0d5      	b.n	10003814 <_etoa+0x244>
10003668:	2a00      	cmp	r2, #0
1000366a:	d000      	beq.n	1000366e <_etoa+0x9e>
1000366c:	e20a      	b.n	10003a84 <_etoa+0x4b4>
1000366e:	0022      	movs	r2, r4
10003670:	3306      	adds	r3, #6
10003672:	9324      	str	r3, [sp, #144]	@ 0x90
10003674:	2302      	movs	r3, #2
10003676:	4013      	ands	r3, r2
10003678:	930c      	str	r3, [sp, #48]	@ 0x30
1000367a:	2302      	movs	r3, #2
1000367c:	4213      	tst	r3, r2
1000367e:	d000      	beq.n	10003682 <_etoa+0xb2>
10003680:	e202      	b.n	10003a88 <_etoa+0x4b8>
10003682:	9b25      	ldr	r3, [sp, #148]	@ 0x94
10003684:	2b04      	cmp	r3, #4
10003686:	d200      	bcs.n	1000368a <_etoa+0xba>
10003688:	e20f      	b.n	10003aaa <_etoa+0x4da>
1000368a:	3b04      	subs	r3, #4
1000368c:	930b      	str	r3, [sp, #44]	@ 0x2c
1000368e:	2300      	movs	r3, #0
10003690:	2504      	movs	r5, #4
10003692:	930a      	str	r3, [sp, #40]	@ 0x28
10003694:	2200      	movs	r2, #0
10003696:	9822      	ldr	r0, [sp, #136]	@ 0x88
10003698:	9923      	ldr	r1, [sp, #140]	@ 0x8c
1000369a:	2300      	movs	r3, #0
1000369c:	f7fe ffb8 	bl	10002610 <__wrap___aeabi_dcmplt>
100036a0:	2800      	cmp	r0, #0
100036a2:	d000      	beq.n	100036a6 <_etoa+0xd6>
100036a4:	e203      	b.n	10003aae <_etoa+0x4de>
100036a6:	4b5a      	ldr	r3, [pc, #360]	@ (10003810 <_etoa+0x240>)
100036a8:	9a26      	ldr	r2, [sp, #152]	@ 0x98
100036aa:	4013      	ands	r3, r2
100036ac:	9304      	str	r3, [sp, #16]
100036ae:	9b0b      	ldr	r3, [sp, #44]	@ 0x2c
100036b0:	9303      	str	r3, [sp, #12]
100036b2:	9b24      	ldr	r3, [sp, #144]	@ 0x90
100036b4:	9302      	str	r3, [sp, #8]
100036b6:	9b08      	ldr	r3, [sp, #32]
100036b8:	9c09      	ldr	r4, [sp, #36]	@ 0x24
100036ba:	9300      	str	r3, [sp, #0]
100036bc:	9401      	str	r4, [sp, #4]
100036be:	4659      	mov	r1, fp
100036c0:	4643      	mov	r3, r8
100036c2:	4652      	mov	r2, sl
100036c4:	4648      	mov	r0, r9
100036c6:	f7ff fd2f 	bl	10003128 <_ftoa>
100036ca:	0002      	movs	r2, r0
100036cc:	2020      	movs	r0, #32
100036ce:	9b26      	ldr	r3, [sp, #152]	@ 0x98
100036d0:	271f      	movs	r7, #31
100036d2:	4003      	ands	r3, r0
100036d4:	4259      	negs	r1, r3
100036d6:	414b      	adcs	r3, r1
100036d8:	425b      	negs	r3, r3
100036da:	4018      	ands	r0, r3
100036dc:	1c53      	adds	r3, r2, #1
100036de:	9308      	str	r3, [sp, #32]
100036e0:	4659      	mov	r1, fp
100036e2:	4643      	mov	r3, r8
100036e4:	3045      	adds	r0, #69	@ 0x45
100036e6:	47c8      	blx	r9
100036e8:	9a0a      	ldr	r2, [sp, #40]	@ 0x28
100036ea:	17d3      	asrs	r3, r2, #31
100036ec:	18d4      	adds	r4, r2, r3
100036ee:	405c      	eors	r4, r3
100036f0:	0fd3      	lsrs	r3, r2, #31
100036f2:	930a      	str	r3, [sp, #40]	@ 0x28
100036f4:	1e6b      	subs	r3, r5, #1
100036f6:	930b      	str	r3, [sp, #44]	@ 0x2c
100036f8:	ab08      	add	r3, sp, #32
100036fa:	469c      	mov	ip, r3
100036fc:	2500      	movs	r5, #0
100036fe:	4467      	add	r7, ip
10003700:	e001      	b.n	10003706 <_etoa+0x136>
10003702:	2d20      	cmp	r5, #32
10003704:	d00f      	beq.n	10003726 <_etoa+0x156>
10003706:	0020      	movs	r0, r4
10003708:	210a      	movs	r1, #10
1000370a:	f7fe fcd3 	bl	100020b4 <__wrap___aeabi_uidiv>
1000370e:	3501      	adds	r5, #1
10003710:	197e      	adds	r6, r7, r5
10003712:	3130      	adds	r1, #48	@ 0x30
10003714:	7031      	strb	r1, [r6, #0]
10003716:	0020      	movs	r0, r4
10003718:	210a      	movs	r1, #10
1000371a:	f7fe fccb 	bl	100020b4 <__wrap___aeabi_uidiv>
1000371e:	0026      	movs	r6, r4
10003720:	0004      	movs	r4, r0
10003722:	2e09      	cmp	r6, #9
10003724:	d8ed      	bhi.n	10003702 <_etoa+0x132>
10003726:	2305      	movs	r3, #5
10003728:	9306      	str	r3, [sp, #24]
1000372a:	9b0b      	ldr	r3, [sp, #44]	@ 0x2c
1000372c:	4659      	mov	r1, fp
1000372e:	9305      	str	r3, [sp, #20]
10003730:	2300      	movs	r3, #0
10003732:	9304      	str	r3, [sp, #16]
10003734:	330a      	adds	r3, #10
10003736:	9303      	str	r3, [sp, #12]
10003738:	9b0a      	ldr	r3, [sp, #40]	@ 0x28
1000373a:	4648      	mov	r0, r9
1000373c:	9302      	str	r3, [sp, #8]
1000373e:	ab10      	add	r3, sp, #64	@ 0x40
10003740:	9300      	str	r3, [sp, #0]
10003742:	9a08      	ldr	r2, [sp, #32]
10003744:	4643      	mov	r3, r8
10003746:	9501      	str	r5, [sp, #4]
10003748:	f7ff fbf8 	bl	10002f3c <_ntoa_format>
1000374c:	9b0c      	ldr	r3, [sp, #48]	@ 0x30
1000374e:	2b00      	cmp	r3, #0
10003750:	d02d      	beq.n	100037ae <_etoa+0x1de>
10003752:	4653      	mov	r3, sl
10003754:	1ac4      	subs	r4, r0, r3
10003756:	9b25      	ldr	r3, [sp, #148]	@ 0x94
10003758:	42a3      	cmp	r3, r4
1000375a:	d928      	bls.n	100037ae <_etoa+0x1de>
1000375c:	464d      	mov	r5, r9
1000375e:	465f      	mov	r7, fp
10003760:	4681      	mov	r9, r0
10003762:	001e      	movs	r6, r3
10003764:	4653      	mov	r3, sl
10003766:	0039      	movs	r1, r7
10003768:	191a      	adds	r2, r3, r4
1000376a:	2020      	movs	r0, #32
1000376c:	4643      	mov	r3, r8
1000376e:	3401      	adds	r4, #1
10003770:	47a8      	blx	r5
10003772:	42a6      	cmp	r6, r4
10003774:	d8f6      	bhi.n	10003764 <_etoa+0x194>
10003776:	4653      	mov	r3, sl
10003778:	4648      	mov	r0, r9
1000377a:	9925      	ldr	r1, [sp, #148]	@ 0x94
1000377c:	1ac2      	subs	r2, r0, r3
1000377e:	3201      	adds	r2, #1
10003780:	2300      	movs	r3, #0
10003782:	4291      	cmp	r1, r2
10003784:	d300      	bcc.n	10003788 <_etoa+0x1b8>
10003786:	e186      	b.n	10003a96 <_etoa+0x4c6>
10003788:	3001      	adds	r0, #1
1000378a:	1818      	adds	r0, r3, r0
1000378c:	e00f      	b.n	100037ae <_etoa+0x1de>
1000378e:	9b26      	ldr	r3, [sp, #152]	@ 0x98
10003790:	9304      	str	r3, [sp, #16]
10003792:	9b25      	ldr	r3, [sp, #148]	@ 0x94
10003794:	9303      	str	r3, [sp, #12]
10003796:	9b24      	ldr	r3, [sp, #144]	@ 0x90
10003798:	9302      	str	r3, [sp, #8]
1000379a:	9b22      	ldr	r3, [sp, #136]	@ 0x88
1000379c:	9c23      	ldr	r4, [sp, #140]	@ 0x8c
1000379e:	9300      	str	r3, [sp, #0]
100037a0:	9401      	str	r4, [sp, #4]
100037a2:	4643      	mov	r3, r8
100037a4:	4652      	mov	r2, sl
100037a6:	4659      	mov	r1, fp
100037a8:	4648      	mov	r0, r9
100037aa:	f7ff fcbd 	bl	10003128 <_ftoa>
100037ae:	b019      	add	sp, #100	@ 0x64
100037b0:	bcf0      	pop	{r4, r5, r6, r7}
100037b2:	46bb      	mov	fp, r7
100037b4:	46b2      	mov	sl, r6
100037b6:	46a9      	mov	r9, r5
100037b8:	46a0      	mov	r8, r4
100037ba:	bdf0      	pop	{r4, r5, r6, r7, pc}
100037bc:	4301      	orrs	r1, r0
100037be:	d12b      	bne.n	10003818 <_etoa+0x248>
100037c0:	9b0b      	ldr	r3, [sp, #44]	@ 0x2c
100037c2:	0022      	movs	r2, r4
100037c4:	2b00      	cmp	r3, #0
100037c6:	d100      	bne.n	100037ca <_etoa+0x1fa>
100037c8:	e754      	b.n	10003674 <_etoa+0xa4>
100037ca:	2300      	movs	r3, #0
100037cc:	930a      	str	r3, [sp, #40]	@ 0x28
100037ce:	9b24      	ldr	r3, [sp, #144]	@ 0x90
100037d0:	9a0a      	ldr	r2, [sp, #40]	@ 0x28
100037d2:	2400      	movs	r4, #0
100037d4:	4293      	cmp	r3, r2
100037d6:	dd00      	ble.n	100037da <_etoa+0x20a>
100037d8:	e185      	b.n	10003ae6 <_etoa+0x516>
100037da:	9822      	ldr	r0, [sp, #136]	@ 0x88
100037dc:	9923      	ldr	r1, [sp, #140]	@ 0x8c
100037de:	2200      	movs	r2, #0
100037e0:	2300      	movs	r3, #0
100037e2:	f7fe ff15 	bl	10002610 <__wrap___aeabi_dcmplt>
100037e6:	2800      	cmp	r0, #0
100037e8:	d000      	beq.n	100037ec <_etoa+0x21c>
100037ea:	e135      	b.n	10003a58 <_etoa+0x488>
100037ec:	9b26      	ldr	r3, [sp, #152]	@ 0x98
100037ee:	4a08      	ldr	r2, [pc, #32]	@ (10003810 <_etoa+0x240>)
100037f0:	9402      	str	r4, [sp, #8]
100037f2:	401a      	ands	r2, r3
100037f4:	2380      	movs	r3, #128	@ 0x80
100037f6:	00db      	lsls	r3, r3, #3
100037f8:	4313      	orrs	r3, r2
100037fa:	9304      	str	r3, [sp, #16]
100037fc:	9b25      	ldr	r3, [sp, #148]	@ 0x94
100037fe:	9303      	str	r3, [sp, #12]
10003800:	9b08      	ldr	r3, [sp, #32]
10003802:	9c09      	ldr	r4, [sp, #36]	@ 0x24
10003804:	e7cb      	b.n	1000379e <_etoa+0x1ce>
10003806:	46c0      	nop			@ (mov r8, r8)
10003808:	7fefffff 	.word	0x7fefffff
1000380c:	ffefffff 	.word	0xffefffff
10003810:	fffff7ff 	.word	0xfffff7ff
10003814:	2306      	movs	r3, #6
10003816:	9324      	str	r3, [sp, #144]	@ 0x90
10003818:	4bb4      	ldr	r3, [pc, #720]	@ (10003aec <_etoa+0x51c>)
1000381a:	0070      	lsls	r0, r6, #1
1000381c:	469c      	mov	ip, r3
1000381e:	0d40      	lsrs	r0, r0, #21
10003820:	4460      	add	r0, ip
10003822:	f7fe ff21 	bl	10002668 <__wrap___aeabi_i2d>
10003826:	4ab2      	ldr	r2, [pc, #712]	@ (10003af0 <_etoa+0x520>)
10003828:	4bb2      	ldr	r3, [pc, #712]	@ (10003af4 <_etoa+0x524>)
1000382a:	f7fe feae 	bl	1000258a <__wrap___aeabi_dmul>
1000382e:	4ab2      	ldr	r2, [pc, #712]	@ (10003af8 <_etoa+0x528>)
10003830:	4bb2      	ldr	r3, [pc, #712]	@ (10003afc <_etoa+0x52c>)
10003832:	f7fe fe83 	bl	1000253c <__wrap___aeabi_dadd>
10003836:	0336      	lsls	r6, r6, #12
10003838:	4bb1      	ldr	r3, [pc, #708]	@ (10003b00 <_etoa+0x530>)
1000383a:	0b36      	lsrs	r6, r6, #12
1000383c:	4333      	orrs	r3, r6
1000383e:	0004      	movs	r4, r0
10003840:	000d      	movs	r5, r1
10003842:	0038      	movs	r0, r7
10003844:	0019      	movs	r1, r3
10003846:	2200      	movs	r2, #0
10003848:	4bae      	ldr	r3, [pc, #696]	@ (10003b04 <_etoa+0x534>)
1000384a:	f7fe fe6e 	bl	1000252a <__wrap___aeabi_dsub>
1000384e:	4aae      	ldr	r2, [pc, #696]	@ (10003b08 <_etoa+0x538>)
10003850:	4bae      	ldr	r3, [pc, #696]	@ (10003b0c <_etoa+0x53c>)
10003852:	f7fe fe9a 	bl	1000258a <__wrap___aeabi_dmul>
10003856:	0002      	movs	r2, r0
10003858:	000b      	movs	r3, r1
1000385a:	0020      	movs	r0, r4
1000385c:	0029      	movs	r1, r5
1000385e:	f7fe fe6d 	bl	1000253c <__wrap___aeabi_dadd>
10003862:	f7fe ff19 	bl	10002698 <__wrap___aeabi_d2iz>
10003866:	900a      	str	r0, [sp, #40]	@ 0x28
10003868:	f7fe fefe 	bl	10002668 <__wrap___aeabi_i2d>
1000386c:	4aa8      	ldr	r2, [pc, #672]	@ (10003b10 <_etoa+0x540>)
1000386e:	4ba9      	ldr	r3, [pc, #676]	@ (10003b14 <_etoa+0x544>)
10003870:	0004      	movs	r4, r0
10003872:	000d      	movs	r5, r1
10003874:	f7fe fe89 	bl	1000258a <__wrap___aeabi_dmul>
10003878:	2200      	movs	r2, #0
1000387a:	4ba7      	ldr	r3, [pc, #668]	@ (10003b18 <_etoa+0x548>)
1000387c:	f7fe fe5e 	bl	1000253c <__wrap___aeabi_dadd>
10003880:	f7fe ff0a 	bl	10002698 <__wrap___aeabi_d2iz>
10003884:	4aa5      	ldr	r2, [pc, #660]	@ (10003b1c <_etoa+0x54c>)
10003886:	0006      	movs	r6, r0
10003888:	4ba5      	ldr	r3, [pc, #660]	@ (10003b20 <_etoa+0x550>)
1000388a:	0020      	movs	r0, r4
1000388c:	0029      	movs	r1, r5
1000388e:	f7fe fe7c 	bl	1000258a <__wrap___aeabi_dmul>
10003892:	0004      	movs	r4, r0
10003894:	0030      	movs	r0, r6
10003896:	000d      	movs	r5, r1
10003898:	960c      	str	r6, [sp, #48]	@ 0x30
1000389a:	f7fe fee5 	bl	10002668 <__wrap___aeabi_i2d>
1000389e:	4aa1      	ldr	r2, [pc, #644]	@ (10003b24 <_etoa+0x554>)
100038a0:	4ba1      	ldr	r3, [pc, #644]	@ (10003b28 <_etoa+0x558>)
100038a2:	f7fe fe72 	bl	1000258a <__wrap___aeabi_dmul>
100038a6:	0002      	movs	r2, r0
100038a8:	000b      	movs	r3, r1
100038aa:	0020      	movs	r0, r4
100038ac:	0029      	movs	r1, r5
100038ae:	f7fe fe3c 	bl	1000252a <__wrap___aeabi_dsub>
100038b2:	0002      	movs	r2, r0
100038b4:	000b      	movs	r3, r1
100038b6:	0006      	movs	r6, r0
100038b8:	000f      	movs	r7, r1
100038ba:	f7fe fe66 	bl	1000258a <__wrap___aeabi_dmul>
100038be:	0032      	movs	r2, r6
100038c0:	0004      	movs	r4, r0
100038c2:	000d      	movs	r5, r1
100038c4:	003b      	movs	r3, r7
100038c6:	0030      	movs	r0, r6
100038c8:	0039      	movs	r1, r7
100038ca:	f7fe fe37 	bl	1000253c <__wrap___aeabi_dadd>
100038ce:	2200      	movs	r2, #0
100038d0:	900e      	str	r0, [sp, #56]	@ 0x38
100038d2:	910f      	str	r1, [sp, #60]	@ 0x3c
100038d4:	4b95      	ldr	r3, [pc, #596]	@ (10003b2c <_etoa+0x55c>)
100038d6:	0020      	movs	r0, r4
100038d8:	0029      	movs	r1, r5
100038da:	f7fe fe38 	bl	1000254e <__wrap___aeabi_ddiv>
100038de:	2200      	movs	r2, #0
100038e0:	4b93      	ldr	r3, [pc, #588]	@ (10003b30 <_etoa+0x560>)
100038e2:	f7fe fe2b 	bl	1000253c <__wrap___aeabi_dadd>
100038e6:	0002      	movs	r2, r0
100038e8:	000b      	movs	r3, r1
100038ea:	0020      	movs	r0, r4
100038ec:	0029      	movs	r1, r5
100038ee:	f7fe fe2e 	bl	1000254e <__wrap___aeabi_ddiv>
100038f2:	2200      	movs	r2, #0
100038f4:	4b8f      	ldr	r3, [pc, #572]	@ (10003b34 <_etoa+0x564>)
100038f6:	f7fe fe21 	bl	1000253c <__wrap___aeabi_dadd>
100038fa:	0002      	movs	r2, r0
100038fc:	000b      	movs	r3, r1
100038fe:	0020      	movs	r0, r4
10003900:	0029      	movs	r1, r5
10003902:	f7fe fe24 	bl	1000254e <__wrap___aeabi_ddiv>
10003906:	000d      	movs	r5, r1
10003908:	2180      	movs	r1, #128	@ 0x80
1000390a:	0004      	movs	r4, r0
1000390c:	0032      	movs	r2, r6
1000390e:	003b      	movs	r3, r7
10003910:	2000      	movs	r0, #0
10003912:	05c9      	lsls	r1, r1, #23
10003914:	f7fe fe09 	bl	1000252a <__wrap___aeabi_dsub>
10003918:	0002      	movs	r2, r0
1000391a:	000b      	movs	r3, r1
1000391c:	0020      	movs	r0, r4
1000391e:	0029      	movs	r1, r5
10003920:	f7fe fe0c 	bl	1000253c <__wrap___aeabi_dadd>
10003924:	0002      	movs	r2, r0
10003926:	000b      	movs	r3, r1
10003928:	980e      	ldr	r0, [sp, #56]	@ 0x38
1000392a:	990f      	ldr	r1, [sp, #60]	@ 0x3c
1000392c:	f7fe fe0f 	bl	1000254e <__wrap___aeabi_ddiv>
10003930:	2200      	movs	r2, #0
10003932:	4b73      	ldr	r3, [pc, #460]	@ (10003b00 <_etoa+0x530>)
10003934:	f7fe fe02 	bl	1000253c <__wrap___aeabi_dadd>
10003938:	4b7f      	ldr	r3, [pc, #508]	@ (10003b38 <_etoa+0x568>)
1000393a:	9c0c      	ldr	r4, [sp, #48]	@ 0x30
1000393c:	469c      	mov	ip, r3
1000393e:	4464      	add	r4, ip
10003940:	2200      	movs	r2, #0
10003942:	0523      	lsls	r3, r4, #20
10003944:	f7fe fe21 	bl	1000258a <__wrap___aeabi_dmul>
10003948:	0006      	movs	r6, r0
1000394a:	000f      	movs	r7, r1
1000394c:	0002      	movs	r2, r0
1000394e:	000b      	movs	r3, r1
10003950:	9808      	ldr	r0, [sp, #32]
10003952:	9909      	ldr	r1, [sp, #36]	@ 0x24
10003954:	f7fe fe5c 	bl	10002610 <__wrap___aeabi_dcmplt>
10003958:	2800      	cmp	r0, #0
1000395a:	d00a      	beq.n	10003972 <_etoa+0x3a2>
1000395c:	9b0a      	ldr	r3, [sp, #40]	@ 0x28
1000395e:	0030      	movs	r0, r6
10003960:	3b01      	subs	r3, #1
10003962:	0039      	movs	r1, r7
10003964:	930a      	str	r3, [sp, #40]	@ 0x28
10003966:	2200      	movs	r2, #0
10003968:	4b71      	ldr	r3, [pc, #452]	@ (10003b30 <_etoa+0x560>)
1000396a:	f7fe fdf0 	bl	1000254e <__wrap___aeabi_ddiv>
1000396e:	0006      	movs	r6, r0
10003970:	000f      	movs	r7, r1
10003972:	9a0a      	ldr	r2, [sp, #40]	@ 0x28
10003974:	0033      	movs	r3, r6
10003976:	3263      	adds	r2, #99	@ 0x63
10003978:	0039      	movs	r1, r7
1000397a:	2ac6      	cmp	r2, #198	@ 0xc6
1000397c:	d812      	bhi.n	100039a4 <_etoa+0x3d4>
1000397e:	2202      	movs	r2, #2
10003980:	9826      	ldr	r0, [sp, #152]	@ 0x98
10003982:	2504      	movs	r5, #4
10003984:	4010      	ands	r0, r2
10003986:	9a0b      	ldr	r2, [sp, #44]	@ 0x2c
10003988:	900c      	str	r0, [sp, #48]	@ 0x30
1000398a:	2a00      	cmp	r2, #0
1000398c:	d125      	bne.n	100039da <_etoa+0x40a>
1000398e:	9b25      	ldr	r3, [sp, #148]	@ 0x94
10003990:	2b04      	cmp	r3, #4
10003992:	d905      	bls.n	100039a0 <_etoa+0x3d0>
10003994:	2800      	cmp	r0, #0
10003996:	d000      	beq.n	1000399a <_etoa+0x3ca>
10003998:	e0a1      	b.n	10003ade <_etoa+0x50e>
1000399a:	9b25      	ldr	r3, [sp, #148]	@ 0x94
1000399c:	3b04      	subs	r3, #4
1000399e:	930b      	str	r3, [sp, #44]	@ 0x2c
100039a0:	2504      	movs	r5, #4
100039a2:	e041      	b.n	10003a28 <_etoa+0x458>
100039a4:	2202      	movs	r2, #2
100039a6:	9826      	ldr	r0, [sp, #152]	@ 0x98
100039a8:	4010      	ands	r0, r2
100039aa:	9a0b      	ldr	r2, [sp, #44]	@ 0x2c
100039ac:	900c      	str	r0, [sp, #48]	@ 0x30
100039ae:	2a00      	cmp	r2, #0
100039b0:	d112      	bne.n	100039d8 <_etoa+0x408>
100039b2:	9b25      	ldr	r3, [sp, #148]	@ 0x94
100039b4:	2b05      	cmp	r3, #5
100039b6:	d976      	bls.n	10003aa6 <_etoa+0x4d6>
100039b8:	2800      	cmp	r0, #0
100039ba:	d172      	bne.n	10003aa2 <_etoa+0x4d2>
100039bc:	9b25      	ldr	r3, [sp, #148]	@ 0x94
100039be:	2505      	movs	r5, #5
100039c0:	3b05      	subs	r3, #5
100039c2:	930b      	str	r3, [sp, #44]	@ 0x2c
100039c4:	e034      	b.n	10003a30 <_etoa+0x460>
100039c6:	2280      	movs	r2, #128	@ 0x80
100039c8:	0612      	lsls	r2, r2, #24
100039ca:	4694      	mov	ip, r2
100039cc:	9b22      	ldr	r3, [sp, #136]	@ 0x88
100039ce:	9308      	str	r3, [sp, #32]
100039d0:	9b23      	ldr	r3, [sp, #140]	@ 0x8c
100039d2:	4463      	add	r3, ip
100039d4:	9309      	str	r3, [sp, #36]	@ 0x24
100039d6:	e630      	b.n	1000363a <_etoa+0x6a>
100039d8:	2505      	movs	r5, #5
100039da:	430b      	orrs	r3, r1
100039dc:	d100      	bne.n	100039e0 <_etoa+0x410>
100039de:	e6f6      	b.n	100037ce <_etoa+0x1fe>
100039e0:	9808      	ldr	r0, [sp, #32]
100039e2:	9909      	ldr	r1, [sp, #36]	@ 0x24
100039e4:	4a55      	ldr	r2, [pc, #340]	@ (10003b3c <_etoa+0x56c>)
100039e6:	4b56      	ldr	r3, [pc, #344]	@ (10003b40 <_etoa+0x570>)
100039e8:	f7fe fe20 	bl	1000262c <__wrap___aeabi_dcmpge>
100039ec:	2800      	cmp	r0, #0
100039ee:	d008      	beq.n	10003a02 <_etoa+0x432>
100039f0:	9808      	ldr	r0, [sp, #32]
100039f2:	9909      	ldr	r1, [sp, #36]	@ 0x24
100039f4:	2200      	movs	r2, #0
100039f6:	4b53      	ldr	r3, [pc, #332]	@ (10003b44 <_etoa+0x574>)
100039f8:	f7fe fe0a 	bl	10002610 <__wrap___aeabi_dcmplt>
100039fc:	2800      	cmp	r0, #0
100039fe:	d000      	beq.n	10003a02 <_etoa+0x432>
10003a00:	e6e5      	b.n	100037ce <_etoa+0x1fe>
10003a02:	9b24      	ldr	r3, [sp, #144]	@ 0x90
10003a04:	2b00      	cmp	r3, #0
10003a06:	d01c      	beq.n	10003a42 <_etoa+0x472>
10003a08:	9b0d      	ldr	r3, [sp, #52]	@ 0x34
10003a0a:	2b00      	cmp	r3, #0
10003a0c:	d019      	beq.n	10003a42 <_etoa+0x472>
10003a0e:	9b24      	ldr	r3, [sp, #144]	@ 0x90
10003a10:	3b01      	subs	r3, #1
10003a12:	9324      	str	r3, [sp, #144]	@ 0x90
10003a14:	9b25      	ldr	r3, [sp, #148]	@ 0x94
10003a16:	42ab      	cmp	r3, r5
10003a18:	d904      	bls.n	10003a24 <_etoa+0x454>
10003a1a:	9b0c      	ldr	r3, [sp, #48]	@ 0x30
10003a1c:	2b00      	cmp	r3, #0
10003a1e:	d05a      	beq.n	10003ad6 <_etoa+0x506>
10003a20:	2302      	movs	r3, #2
10003a22:	930c      	str	r3, [sp, #48]	@ 0x30
10003a24:	2300      	movs	r3, #0
10003a26:	930b      	str	r3, [sp, #44]	@ 0x2c
10003a28:	9b0a      	ldr	r3, [sp, #40]	@ 0x28
10003a2a:	2b00      	cmp	r3, #0
10003a2c:	d100      	bne.n	10003a30 <_etoa+0x460>
10003a2e:	e631      	b.n	10003694 <_etoa+0xc4>
10003a30:	9808      	ldr	r0, [sp, #32]
10003a32:	9909      	ldr	r1, [sp, #36]	@ 0x24
10003a34:	0032      	movs	r2, r6
10003a36:	003b      	movs	r3, r7
10003a38:	f7fe fd89 	bl	1000254e <__wrap___aeabi_ddiv>
10003a3c:	9008      	str	r0, [sp, #32]
10003a3e:	9109      	str	r1, [sp, #36]	@ 0x24
10003a40:	e628      	b.n	10003694 <_etoa+0xc4>
10003a42:	9b25      	ldr	r3, [sp, #148]	@ 0x94
10003a44:	42ab      	cmp	r3, r5
10003a46:	d9ed      	bls.n	10003a24 <_etoa+0x454>
10003a48:	9b0c      	ldr	r3, [sp, #48]	@ 0x30
10003a4a:	2b00      	cmp	r3, #0
10003a4c:	d043      	beq.n	10003ad6 <_etoa+0x506>
10003a4e:	2300      	movs	r3, #0
10003a50:	930b      	str	r3, [sp, #44]	@ 0x2c
10003a52:	3302      	adds	r3, #2
10003a54:	930c      	str	r3, [sp, #48]	@ 0x30
10003a56:	e7e7      	b.n	10003a28 <_etoa+0x458>
10003a58:	2080      	movs	r0, #128	@ 0x80
10003a5a:	9b26      	ldr	r3, [sp, #152]	@ 0x98
10003a5c:	4a3a      	ldr	r2, [pc, #232]	@ (10003b48 <_etoa+0x578>)
10003a5e:	0600      	lsls	r0, r0, #24
10003a60:	401a      	ands	r2, r3
10003a62:	2380      	movs	r3, #128	@ 0x80
10003a64:	4684      	mov	ip, r0
10003a66:	9402      	str	r4, [sp, #8]
10003a68:	9c08      	ldr	r4, [sp, #32]
10003a6a:	9d09      	ldr	r5, [sp, #36]	@ 0x24
10003a6c:	0029      	movs	r1, r5
10003a6e:	00db      	lsls	r3, r3, #3
10003a70:	4313      	orrs	r3, r2
10003a72:	9304      	str	r3, [sp, #16]
10003a74:	9b25      	ldr	r3, [sp, #148]	@ 0x94
10003a76:	4461      	add	r1, ip
10003a78:	0022      	movs	r2, r4
10003a7a:	9303      	str	r3, [sp, #12]
10003a7c:	000b      	movs	r3, r1
10003a7e:	9200      	str	r2, [sp, #0]
10003a80:	9301      	str	r3, [sp, #4]
10003a82:	e68e      	b.n	100037a2 <_etoa+0x1d2>
10003a84:	2405      	movs	r4, #5
10003a86:	e6a8      	b.n	100037da <_etoa+0x20a>
10003a88:	2300      	movs	r3, #0
10003a8a:	930b      	str	r3, [sp, #44]	@ 0x2c
10003a8c:	930a      	str	r3, [sp, #40]	@ 0x28
10003a8e:	3302      	adds	r3, #2
10003a90:	2504      	movs	r5, #4
10003a92:	930c      	str	r3, [sp, #48]	@ 0x30
10003a94:	e5fe      	b.n	10003694 <_etoa+0xc4>
10003a96:	4653      	mov	r3, sl
10003a98:	468c      	mov	ip, r1
10003a9a:	3b01      	subs	r3, #1
10003a9c:	4463      	add	r3, ip
10003a9e:	1a1b      	subs	r3, r3, r0
10003aa0:	e672      	b.n	10003788 <_etoa+0x1b8>
10003aa2:	2302      	movs	r3, #2
10003aa4:	930c      	str	r3, [sp, #48]	@ 0x30
10003aa6:	2505      	movs	r5, #5
10003aa8:	e7c2      	b.n	10003a30 <_etoa+0x460>
10003aaa:	2304      	movs	r3, #4
10003aac:	e5ed      	b.n	1000368a <_etoa+0xba>
10003aae:	2080      	movs	r0, #128	@ 0x80
10003ab0:	9e08      	ldr	r6, [sp, #32]
10003ab2:	9f09      	ldr	r7, [sp, #36]	@ 0x24
10003ab4:	0600      	lsls	r0, r0, #24
10003ab6:	0039      	movs	r1, r7
10003ab8:	4684      	mov	ip, r0
10003aba:	9a26      	ldr	r2, [sp, #152]	@ 0x98
10003abc:	4b22      	ldr	r3, [pc, #136]	@ (10003b48 <_etoa+0x578>)
10003abe:	4461      	add	r1, ip
10003ac0:	4013      	ands	r3, r2
10003ac2:	9304      	str	r3, [sp, #16]
10003ac4:	9b0b      	ldr	r3, [sp, #44]	@ 0x2c
10003ac6:	0032      	movs	r2, r6
10003ac8:	9303      	str	r3, [sp, #12]
10003aca:	9b24      	ldr	r3, [sp, #144]	@ 0x90
10003acc:	9302      	str	r3, [sp, #8]
10003ace:	000b      	movs	r3, r1
10003ad0:	9200      	str	r2, [sp, #0]
10003ad2:	9301      	str	r3, [sp, #4]
10003ad4:	e5f3      	b.n	100036be <_etoa+0xee>
10003ad6:	9b25      	ldr	r3, [sp, #148]	@ 0x94
10003ad8:	1b5b      	subs	r3, r3, r5
10003ada:	930b      	str	r3, [sp, #44]	@ 0x2c
10003adc:	e7a4      	b.n	10003a28 <_etoa+0x458>
10003ade:	2302      	movs	r3, #2
10003ae0:	2504      	movs	r5, #4
10003ae2:	930c      	str	r3, [sp, #48]	@ 0x30
10003ae4:	e7a0      	b.n	10003a28 <_etoa+0x458>
10003ae6:	1a9c      	subs	r4, r3, r2
10003ae8:	3c01      	subs	r4, #1
10003aea:	e676      	b.n	100037da <_etoa+0x20a>
10003aec:	fffffc01 	.word	0xfffffc01
10003af0:	509f79fb 	.word	0x509f79fb
10003af4:	3fd34413 	.word	0x3fd34413
10003af8:	8b60c8b3 	.word	0x8b60c8b3
10003afc:	3fc68a28 	.word	0x3fc68a28
10003b00:	3ff00000 	.word	0x3ff00000
10003b04:	3ff80000 	.word	0x3ff80000
10003b08:	636f4361 	.word	0x636f4361
10003b0c:	3fd287a7 	.word	0x3fd287a7
10003b10:	0979a371 	.word	0x0979a371
10003b14:	400a934f 	.word	0x400a934f
10003b18:	3fe00000 	.word	0x3fe00000
10003b1c:	bbb55516 	.word	0xbbb55516
10003b20:	40026bb1 	.word	0x40026bb1
10003b24:	fefa39ef 	.word	0xfefa39ef
10003b28:	3fe62e42 	.word	0x3fe62e42
10003b2c:	402c0000 	.word	0x402c0000
10003b30:	40240000 	.word	0x40240000
10003b34:	40180000 	.word	0x40180000
10003b38:	000003ff 	.word	0x000003ff
10003b3c:	eb1c432d 	.word	0xeb1c432d
10003b40:	3f1a36e2 	.word	0x3f1a36e2
10003b44:	412e8480 	.word	0x412e8480
10003b48:	fffff7ff 	.word	0xfffff7ff

10003b4c <_vsnprintf>:
10003b4c:	b5f0      	push	{r4, r5, r6, r7, lr}
10003b4e:	46de      	mov	lr, fp
10003b50:	4657      	mov	r7, sl
10003b52:	464e      	mov	r6, r9
10003b54:	4645      	mov	r5, r8
10003b56:	b5e0      	push	{r5, r6, r7, lr}
10003b58:	b0a5      	sub	sp, #148	@ 0x94
10003b5a:	001e      	movs	r6, r3
10003b5c:	9b2e      	ldr	r3, [sp, #184]	@ 0xb8
10003b5e:	4692      	mov	sl, r2
10003b60:	930c      	str	r3, [sp, #48]	@ 0x30
10003b62:	4acd      	ldr	r2, [pc, #820]	@ (10003e98 <_vsnprintf+0x34c>)
10003b64:	4bcd      	ldr	r3, [pc, #820]	@ (10003e9c <_vsnprintf+0x350>)
10003b66:	4680      	mov	r8, r0
10003b68:	468b      	mov	fp, r1
10003b6a:	601a      	str	r2, [r3, #0]
10003b6c:	2900      	cmp	r1, #0
10003b6e:	d100      	bne.n	10003b72 <_vsnprintf+0x26>
10003b70:	e1ea      	b.n	10003f48 <_vsnprintf+0x3fc>
10003b72:	2300      	movs	r3, #0
10003b74:	7830      	ldrb	r0, [r6, #0]
10003b76:	4699      	mov	r9, r3
10003b78:	2800      	cmp	r0, #0
10003b7a:	d100      	bne.n	10003b7e <_vsnprintf+0x32>
10003b7c:	e1ec      	b.n	10003f58 <_vsnprintf+0x40c>
10003b7e:	4bc8      	ldr	r3, [pc, #800]	@ (10003ea0 <_vsnprintf+0x354>)
10003b80:	464c      	mov	r4, r9
10003b82:	930b      	str	r3, [sp, #44]	@ 0x2c
10003b84:	4bc7      	ldr	r3, [pc, #796]	@ (10003ea4 <_vsnprintf+0x358>)
10003b86:	4645      	mov	r5, r8
10003b88:	4657      	mov	r7, sl
10003b8a:	930e      	str	r3, [sp, #56]	@ 0x38
10003b8c:	e00a      	b.n	10003ba4 <_vsnprintf+0x58>
10003b8e:	1c63      	adds	r3, r4, #1
10003b90:	4698      	mov	r8, r3
10003b92:	0022      	movs	r2, r4
10003b94:	003b      	movs	r3, r7
10003b96:	4659      	mov	r1, fp
10003b98:	47a8      	blx	r5
10003b9a:	4644      	mov	r4, r8
10003b9c:	7830      	ldrb	r0, [r6, #0]
10003b9e:	2800      	cmp	r0, #0
10003ba0:	d100      	bne.n	10003ba4 <_vsnprintf+0x58>
10003ba2:	e087      	b.n	10003cb4 <_vsnprintf+0x168>
10003ba4:	3601      	adds	r6, #1
10003ba6:	2825      	cmp	r0, #37	@ 0x25
10003ba8:	d1f1      	bne.n	10003b8e <_vsnprintf+0x42>
10003baa:	2308      	movs	r3, #8
10003bac:	469a      	mov	sl, r3
10003bae:	3b04      	subs	r3, #4
10003bb0:	4699      	mov	r9, r3
10003bb2:	3b02      	subs	r3, #2
10003bb4:	4698      	mov	r8, r3
10003bb6:	3b01      	subs	r3, #1
10003bb8:	2200      	movs	r2, #0
10003bba:	469c      	mov	ip, r3
10003bbc:	940d      	str	r4, [sp, #52]	@ 0x34
10003bbe:	7830      	ldrb	r0, [r6, #0]
10003bc0:	1c71      	adds	r1, r6, #1
10003bc2:	0003      	movs	r3, r0
10003bc4:	3b20      	subs	r3, #32
10003bc6:	b2db      	uxtb	r3, r3
10003bc8:	2b10      	cmp	r3, #16
10003bca:	d803      	bhi.n	10003bd4 <_vsnprintf+0x88>
10003bcc:	9c0b      	ldr	r4, [sp, #44]	@ 0x2c
10003bce:	009b      	lsls	r3, r3, #2
10003bd0:	58e3      	ldr	r3, [r4, r3]
10003bd2:	469f      	mov	pc, r3
10003bd4:	0003      	movs	r3, r0
10003bd6:	3b30      	subs	r3, #48	@ 0x30
10003bd8:	4689      	mov	r9, r1
10003bda:	9c0d      	ldr	r4, [sp, #52]	@ 0x34
10003bdc:	2b09      	cmp	r3, #9
10003bde:	d93a      	bls.n	10003c56 <_vsnprintf+0x10a>
10003be0:	2300      	movs	r3, #0
10003be2:	4698      	mov	r8, r3
10003be4:	282a      	cmp	r0, #42	@ 0x2a
10003be6:	d100      	bne.n	10003bea <_vsnprintf+0x9e>
10003be8:	e0c1      	b.n	10003d6e <_vsnprintf+0x222>
10003bea:	2300      	movs	r3, #0
10003bec:	469a      	mov	sl, r3
10003bee:	282e      	cmp	r0, #46	@ 0x2e
10003bf0:	d04b      	beq.n	10003c8a <_vsnprintf+0x13e>
10003bf2:	0003      	movs	r3, r0
10003bf4:	3b68      	subs	r3, #104	@ 0x68
10003bf6:	b2db      	uxtb	r3, r3
10003bf8:	2b12      	cmp	r3, #18
10003bfa:	d81e      	bhi.n	10003c3a <_vsnprintf+0xee>
10003bfc:	990e      	ldr	r1, [sp, #56]	@ 0x38
10003bfe:	009b      	lsls	r3, r3, #2
10003c00:	58cb      	ldr	r3, [r1, r3]
10003c02:	469f      	mov	pc, r3
10003c04:	4663      	mov	r3, ip
10003c06:	000e      	movs	r6, r1
10003c08:	431a      	orrs	r2, r3
10003c0a:	e7d8      	b.n	10003bbe <_vsnprintf+0x72>
10003c0c:	4643      	mov	r3, r8
10003c0e:	000e      	movs	r6, r1
10003c10:	431a      	orrs	r2, r3
10003c12:	e7d4      	b.n	10003bbe <_vsnprintf+0x72>
10003c14:	464b      	mov	r3, r9
10003c16:	000e      	movs	r6, r1
10003c18:	431a      	orrs	r2, r3
10003c1a:	e7d0      	b.n	10003bbe <_vsnprintf+0x72>
10003c1c:	2310      	movs	r3, #16
10003c1e:	000e      	movs	r6, r1
10003c20:	431a      	orrs	r2, r3
10003c22:	e7cc      	b.n	10003bbe <_vsnprintf+0x72>
10003c24:	4653      	mov	r3, sl
10003c26:	000e      	movs	r6, r1
10003c28:	431a      	orrs	r2, r3
10003c2a:	e7c8      	b.n	10003bbe <_vsnprintf+0x72>
10003c2c:	2380      	movs	r3, #128	@ 0x80
10003c2e:	005b      	lsls	r3, r3, #1
10003c30:	431a      	orrs	r2, r3
10003c32:	3bff      	subs	r3, #255	@ 0xff
10003c34:	469c      	mov	ip, r3
10003c36:	7870      	ldrb	r0, [r6, #1]
10003c38:	44e1      	add	r9, ip
10003c3a:	464e      	mov	r6, r9
10003c3c:	2867      	cmp	r0, #103	@ 0x67
10003c3e:	d84f      	bhi.n	10003ce0 <_vsnprintf+0x194>
10003c40:	2824      	cmp	r0, #36	@ 0x24
10003c42:	d9a4      	bls.n	10003b8e <_vsnprintf+0x42>
10003c44:	0003      	movs	r3, r0
10003c46:	3b25      	subs	r3, #37	@ 0x25
10003c48:	b2db      	uxtb	r3, r3
10003c4a:	2b42      	cmp	r3, #66	@ 0x42
10003c4c:	d89f      	bhi.n	10003b8e <_vsnprintf+0x42>
10003c4e:	4996      	ldr	r1, [pc, #600]	@ (10003ea8 <_vsnprintf+0x35c>)
10003c50:	009b      	lsls	r3, r3, #2
10003c52:	58cb      	ldr	r3, [r1, r3]
10003c54:	469f      	mov	pc, r3
10003c56:	2300      	movs	r3, #0
10003c58:	4694      	mov	ip, r2
10003c5a:	001e      	movs	r6, r3
10003c5c:	e000      	b.n	10003c60 <_vsnprintf+0x114>
10003c5e:	3101      	adds	r1, #1
10003c60:	00b3      	lsls	r3, r6, #2
10003c62:	199b      	adds	r3, r3, r6
10003c64:	005b      	lsls	r3, r3, #1
10003c66:	181e      	adds	r6, r3, r0
10003c68:	7808      	ldrb	r0, [r1, #0]
10003c6a:	3e30      	subs	r6, #48	@ 0x30
10003c6c:	0003      	movs	r3, r0
10003c6e:	3b30      	subs	r3, #48	@ 0x30
10003c70:	2b09      	cmp	r3, #9
10003c72:	d9f4      	bls.n	10003c5e <_vsnprintf+0x112>
10003c74:	2301      	movs	r3, #1
10003c76:	4662      	mov	r2, ip
10003c78:	4689      	mov	r9, r1
10003c7a:	469c      	mov	ip, r3
10003c7c:	2300      	movs	r3, #0
10003c7e:	46b0      	mov	r8, r6
10003c80:	469a      	mov	sl, r3
10003c82:	000e      	movs	r6, r1
10003c84:	44e1      	add	r9, ip
10003c86:	282e      	cmp	r0, #46	@ 0x2e
10003c88:	d1b3      	bne.n	10003bf2 <_vsnprintf+0xa6>
10003c8a:	2130      	movs	r1, #48	@ 0x30
10003c8c:	2080      	movs	r0, #128	@ 0x80
10003c8e:	4249      	negs	r1, r1
10003c90:	468c      	mov	ip, r1
10003c92:	00c0      	lsls	r0, r0, #3
10003c94:	4302      	orrs	r2, r0
10003c96:	7870      	ldrb	r0, [r6, #1]
10003c98:	464b      	mov	r3, r9
10003c9a:	4484      	add	ip, r0
10003c9c:	4661      	mov	r1, ip
10003c9e:	2909      	cmp	r1, #9
10003ca0:	d800      	bhi.n	10003ca4 <_vsnprintf+0x158>
10003ca2:	e16c      	b.n	10003f7e <_vsnprintf+0x432>
10003ca4:	282a      	cmp	r0, #42	@ 0x2a
10003ca6:	d100      	bne.n	10003caa <_vsnprintf+0x15e>
10003ca8:	e17a      	b.n	10003fa0 <_vsnprintf+0x454>
10003caa:	2301      	movs	r3, #1
10003cac:	469c      	mov	ip, r3
10003cae:	464e      	mov	r6, r9
10003cb0:	44e1      	add	r9, ip
10003cb2:	e79e      	b.n	10003bf2 <_vsnprintf+0xa6>
10003cb4:	46a1      	mov	r9, r4
10003cb6:	46a8      	mov	r8, r5
10003cb8:	46ba      	mov	sl, r7
10003cba:	45ca      	cmp	sl, r9
10003cbc:	d803      	bhi.n	10003cc6 <_vsnprintf+0x17a>
10003cbe:	2301      	movs	r3, #1
10003cc0:	425b      	negs	r3, r3
10003cc2:	4453      	add	r3, sl
10003cc4:	4699      	mov	r9, r3
10003cc6:	4653      	mov	r3, sl
10003cc8:	464a      	mov	r2, r9
10003cca:	4659      	mov	r1, fp
10003ccc:	2000      	movs	r0, #0
10003cce:	47c0      	blx	r8
10003cd0:	0020      	movs	r0, r4
10003cd2:	b025      	add	sp, #148	@ 0x94
10003cd4:	bcf0      	pop	{r4, r5, r6, r7}
10003cd6:	46bb      	mov	fp, r7
10003cd8:	46b2      	mov	sl, r6
10003cda:	46a9      	mov	r9, r5
10003cdc:	46a0      	mov	r8, r4
10003cde:	bdf0      	pop	{r4, r5, r6, r7, pc}
10003ce0:	0003      	movs	r3, r0
10003ce2:	3b69      	subs	r3, #105	@ 0x69
10003ce4:	b2db      	uxtb	r3, r3
10003ce6:	930d      	str	r3, [sp, #52]	@ 0x34
10003ce8:	2b0f      	cmp	r3, #15
10003cea:	d900      	bls.n	10003cee <_vsnprintf+0x1a2>
10003cec:	e74f      	b.n	10003b8e <_vsnprintf+0x42>
10003cee:	2101      	movs	r1, #1
10003cf0:	4099      	lsls	r1, r3
10003cf2:	468c      	mov	ip, r1
10003cf4:	496d      	ldr	r1, [pc, #436]	@ (10003eac <_vsnprintf+0x360>)
10003cf6:	4689      	mov	r9, r1
10003cf8:	4661      	mov	r1, ip
10003cfa:	464b      	mov	r3, r9
10003cfc:	4019      	ands	r1, r3
10003cfe:	910f      	str	r1, [sp, #60]	@ 0x3c
10003d00:	4663      	mov	r3, ip
10003d02:	4649      	mov	r1, r9
10003d04:	420b      	tst	r3, r1
10003d06:	d000      	beq.n	10003d0a <_vsnprintf+0x1be>
10003d08:	e128      	b.n	10003f5c <_vsnprintf+0x410>
10003d0a:	9b0d      	ldr	r3, [sp, #52]	@ 0x34
10003d0c:	2b0a      	cmp	r3, #10
10003d0e:	d03a      	beq.n	10003d86 <_vsnprintf+0x23a>
10003d10:	2b07      	cmp	r3, #7
10003d12:	d000      	beq.n	10003d16 <_vsnprintf+0x1ca>
10003d14:	e73b      	b.n	10003b8e <_vsnprintf+0x42>
10003d16:	9b0c      	ldr	r3, [sp, #48]	@ 0x30
10003d18:	0019      	movs	r1, r3
10003d1a:	c908      	ldmia	r1!, {r3}
10003d1c:	4688      	mov	r8, r1
10003d1e:	2b00      	cmp	r3, #0
10003d20:	d100      	bne.n	10003d24 <_vsnprintf+0x1d8>
10003d22:	e14b      	b.n	10003fbc <_vsnprintf+0x470>
10003d24:	2021      	movs	r0, #33	@ 0x21
10003d26:	4302      	orrs	r2, r0
10003d28:	4691      	mov	r9, r2
10003d2a:	a914      	add	r1, sp, #80	@ 0x50
10003d2c:	468c      	mov	ip, r1
10003d2e:	221f      	movs	r2, #31
10003d30:	210f      	movs	r1, #15
10003d32:	4462      	add	r2, ip
10003d34:	468c      	mov	ip, r1
10003d36:	4651      	mov	r1, sl
10003d38:	950d      	str	r5, [sp, #52]	@ 0x34
10003d3a:	910c      	str	r1, [sp, #48]	@ 0x30
10003d3c:	46a2      	mov	sl, r4
10003d3e:	0015      	movs	r5, r2
10003d40:	990f      	ldr	r1, [sp, #60]	@ 0x3c
10003d42:	e002      	b.n	10003d4a <_vsnprintf+0x1fe>
10003d44:	2920      	cmp	r1, #32
10003d46:	d00c      	beq.n	10003d62 <_vsnprintf+0x216>
10003d48:	0013      	movs	r3, r2
10003d4a:	4664      	mov	r4, ip
10003d4c:	401c      	ands	r4, r3
10003d4e:	0020      	movs	r0, r4
10003d50:	3037      	adds	r0, #55	@ 0x37
10003d52:	2c09      	cmp	r4, #9
10003d54:	d800      	bhi.n	10003d58 <_vsnprintf+0x20c>
10003d56:	3807      	subs	r0, #7
10003d58:	3101      	adds	r1, #1
10003d5a:	5468      	strb	r0, [r5, r1]
10003d5c:	091a      	lsrs	r2, r3, #4
10003d5e:	2b0f      	cmp	r3, #15
10003d60:	d8f0      	bhi.n	10003d44 <_vsnprintf+0x1f8>
10003d62:	9b0c      	ldr	r3, [sp, #48]	@ 0x30
10003d64:	4654      	mov	r4, sl
10003d66:	9d0d      	ldr	r5, [sp, #52]	@ 0x34
10003d68:	469a      	mov	sl, r3
10003d6a:	910f      	str	r1, [sp, #60]	@ 0x3c
10003d6c:	e133      	b.n	10003fd6 <_vsnprintf+0x48a>
10003d6e:	9b0c      	ldr	r3, [sp, #48]	@ 0x30
10003d70:	cb02      	ldmia	r3!, {r1}
10003d72:	4688      	mov	r8, r1
10003d74:	2900      	cmp	r1, #0
10003d76:	db47      	blt.n	10003e08 <_vsnprintf+0x2bc>
10003d78:	930c      	str	r3, [sp, #48]	@ 0x30
10003d7a:	2301      	movs	r3, #1
10003d7c:	469c      	mov	ip, r3
10003d7e:	7870      	ldrb	r0, [r6, #1]
10003d80:	464e      	mov	r6, r9
10003d82:	44e1      	add	r9, ip
10003d84:	e731      	b.n	10003bea <_vsnprintf+0x9e>
10003d86:	9b0c      	ldr	r3, [sp, #48]	@ 0x30
10003d88:	cb02      	ldmia	r3!, {r1}
10003d8a:	9314      	str	r3, [sp, #80]	@ 0x50
10003d8c:	4653      	mov	r3, sl
10003d8e:	2b00      	cmp	r3, #0
10003d90:	d100      	bne.n	10003d94 <_vsnprintf+0x248>
10003d92:	e138      	b.n	10004006 <_vsnprintf+0x4ba>
10003d94:	469c      	mov	ip, r3
10003d96:	7808      	ldrb	r0, [r1, #0]
10003d98:	000b      	movs	r3, r1
10003d9a:	900c      	str	r0, [sp, #48]	@ 0x30
10003d9c:	448c      	add	ip, r1
10003d9e:	2800      	cmp	r0, #0
10003da0:	d101      	bne.n	10003da6 <_vsnprintf+0x25a>
10003da2:	f000 fc98 	bl	100046d6 <_vsnprintf+0xb8a>
10003da6:	4689      	mov	r9, r1
10003da8:	4661      	mov	r1, ip
10003daa:	4694      	mov	ip, r2
10003dac:	e003      	b.n	10003db6 <_vsnprintf+0x26a>
10003dae:	785a      	ldrb	r2, [r3, #1]
10003db0:	3301      	adds	r3, #1
10003db2:	2a00      	cmp	r2, #0
10003db4:	d001      	beq.n	10003dba <_vsnprintf+0x26e>
10003db6:	428b      	cmp	r3, r1
10003db8:	d1f9      	bne.n	10003dae <_vsnprintf+0x262>
10003dba:	4649      	mov	r1, r9
10003dbc:	4662      	mov	r2, ip
10003dbe:	1a5b      	subs	r3, r3, r1
10003dc0:	900c      	str	r0, [sp, #48]	@ 0x30
10003dc2:	930f      	str	r3, [sp, #60]	@ 0x3c
10003dc4:	0553      	lsls	r3, r2, #21
10003dc6:	d500      	bpl.n	10003dca <_vsnprintf+0x27e>
10003dc8:	e120      	b.n	1000400c <_vsnprintf+0x4c0>
10003dca:	2302      	movs	r3, #2
10003dcc:	0018      	movs	r0, r3
10003dce:	4010      	ands	r0, r2
10003dd0:	900d      	str	r0, [sp, #52]	@ 0x34
10003dd2:	4213      	tst	r3, r2
10003dd4:	d100      	bne.n	10003dd8 <_vsnprintf+0x28c>
10003dd6:	e3cb      	b.n	10004570 <_vsnprintf+0xa24>
10003dd8:	930d      	str	r3, [sp, #52]	@ 0x34
10003dda:	1b0b      	subs	r3, r1, r4
10003ddc:	46b1      	mov	r9, r6
10003dde:	469a      	mov	sl, r3
10003de0:	465e      	mov	r6, fp
10003de2:	980c      	ldr	r0, [sp, #48]	@ 0x30
10003de4:	0022      	movs	r2, r4
10003de6:	003b      	movs	r3, r7
10003de8:	0031      	movs	r1, r6
10003dea:	47a8      	blx	r5
10003dec:	4653      	mov	r3, sl
10003dee:	3401      	adds	r4, #1
10003df0:	5d18      	ldrb	r0, [r3, r4]
10003df2:	2800      	cmp	r0, #0
10003df4:	d1f6      	bne.n	10003de4 <_vsnprintf+0x298>
10003df6:	46b3      	mov	fp, r6
10003df8:	464e      	mov	r6, r9
10003dfa:	9b0d      	ldr	r3, [sp, #52]	@ 0x34
10003dfc:	2b00      	cmp	r3, #0
10003dfe:	d000      	beq.n	10003e02 <_vsnprintf+0x2b6>
10003e00:	e1c7      	b.n	10004192 <_vsnprintf+0x646>
10003e02:	9b14      	ldr	r3, [sp, #80]	@ 0x50
10003e04:	930c      	str	r3, [sp, #48]	@ 0x30
10003e06:	e6c9      	b.n	10003b9c <_vsnprintf+0x50>
10003e08:	930c      	str	r3, [sp, #48]	@ 0x30
10003e0a:	2301      	movs	r3, #1
10003e0c:	469c      	mov	ip, r3
10003e0e:	3828      	subs	r0, #40	@ 0x28
10003e10:	4249      	negs	r1, r1
10003e12:	4302      	orrs	r2, r0
10003e14:	4688      	mov	r8, r1
10003e16:	7870      	ldrb	r0, [r6, #1]
10003e18:	464e      	mov	r6, r9
10003e1a:	44e1      	add	r9, ip
10003e1c:	e6e5      	b.n	10003bea <_vsnprintf+0x9e>
10003e1e:	7870      	ldrb	r0, [r6, #1]
10003e20:	286c      	cmp	r0, #108	@ 0x6c
10003e22:	d100      	bne.n	10003e26 <_vsnprintf+0x2da>
10003e24:	e17f      	b.n	10004126 <_vsnprintf+0x5da>
10003e26:	2380      	movs	r3, #128	@ 0x80
10003e28:	005b      	lsls	r3, r3, #1
10003e2a:	431a      	orrs	r2, r3
10003e2c:	3bff      	subs	r3, #255	@ 0xff
10003e2e:	469c      	mov	ip, r3
10003e30:	44e1      	add	r9, ip
10003e32:	e702      	b.n	10003c3a <_vsnprintf+0xee>
10003e34:	2380      	movs	r3, #128	@ 0x80
10003e36:	009b      	lsls	r3, r3, #2
10003e38:	431a      	orrs	r2, r3
10003e3a:	2301      	movs	r3, #1
10003e3c:	469c      	mov	ip, r3
10003e3e:	7870      	ldrb	r0, [r6, #1]
10003e40:	44e1      	add	r9, ip
10003e42:	e6fa      	b.n	10003c3a <_vsnprintf+0xee>
10003e44:	7870      	ldrb	r0, [r6, #1]
10003e46:	2868      	cmp	r0, #104	@ 0x68
10003e48:	d100      	bne.n	10003e4c <_vsnprintf+0x300>
10003e4a:	e173      	b.n	10004134 <_vsnprintf+0x5e8>
10003e4c:	2380      	movs	r3, #128	@ 0x80
10003e4e:	431a      	orrs	r2, r3
10003e50:	3b7f      	subs	r3, #127	@ 0x7f
10003e52:	469c      	mov	ip, r3
10003e54:	44e1      	add	r9, ip
10003e56:	e6f0      	b.n	10003c3a <_vsnprintf+0xee>
10003e58:	2867      	cmp	r0, #103	@ 0x67
10003e5a:	d100      	bne.n	10003e5e <_vsnprintf+0x312>
10003e5c:	e103      	b.n	10004066 <_vsnprintf+0x51a>
10003e5e:	2847      	cmp	r0, #71	@ 0x47
10003e60:	d100      	bne.n	10003e64 <_vsnprintf+0x318>
10003e62:	e15a      	b.n	1000411a <_vsnprintf+0x5ce>
10003e64:	2845      	cmp	r0, #69	@ 0x45
10003e66:	d100      	bne.n	10003e6a <_vsnprintf+0x31e>
10003e68:	e15a      	b.n	10004120 <_vsnprintf+0x5d4>
10003e6a:	9204      	str	r2, [sp, #16]
10003e6c:	2107      	movs	r1, #7
10003e6e:	4642      	mov	r2, r8
10003e70:	9b0c      	ldr	r3, [sp, #48]	@ 0x30
10003e72:	9203      	str	r2, [sp, #12]
10003e74:	3307      	adds	r3, #7
10003e76:	4652      	mov	r2, sl
10003e78:	438b      	bics	r3, r1
10003e7a:	0019      	movs	r1, r3
10003e7c:	9202      	str	r2, [sp, #8]
10003e7e:	c90c      	ldmia	r1!, {r2, r3}
10003e80:	0028      	movs	r0, r5
10003e82:	9200      	str	r2, [sp, #0]
10003e84:	9301      	str	r3, [sp, #4]
10003e86:	910c      	str	r1, [sp, #48]	@ 0x30
10003e88:	0022      	movs	r2, r4
10003e8a:	003b      	movs	r3, r7
10003e8c:	4659      	mov	r1, fp
10003e8e:	f7ff fb9f 	bl	100035d0 <_etoa>
10003e92:	0004      	movs	r4, r0
10003e94:	e682      	b.n	10003b9c <_vsnprintf+0x50>
10003e96:	46c0      	nop			@ (mov r8, r8)
10003e98:	10003b4d 	.word	0x10003b4d
10003e9c:	200021a4 	.word	0x200021a4
10003ea0:	10007b4c 	.word	0x10007b4c
10003ea4:	10007b90 	.word	0x10007b90
10003ea8:	10007bdc 	.word	0x10007bdc
10003eac:	00009041 	.word	0x00009041
10003eb0:	2846      	cmp	r0, #70	@ 0x46
10003eb2:	d100      	bne.n	10003eb6 <_vsnprintf+0x36a>
10003eb4:	e0db      	b.n	1000406e <_vsnprintf+0x522>
10003eb6:	9204      	str	r2, [sp, #16]
10003eb8:	2107      	movs	r1, #7
10003eba:	4642      	mov	r2, r8
10003ebc:	9b0c      	ldr	r3, [sp, #48]	@ 0x30
10003ebe:	9203      	str	r2, [sp, #12]
10003ec0:	3307      	adds	r3, #7
10003ec2:	4652      	mov	r2, sl
10003ec4:	438b      	bics	r3, r1
10003ec6:	0019      	movs	r1, r3
10003ec8:	9202      	str	r2, [sp, #8]
10003eca:	c90c      	ldmia	r1!, {r2, r3}
10003ecc:	0028      	movs	r0, r5
10003ece:	9200      	str	r2, [sp, #0]
10003ed0:	9301      	str	r3, [sp, #4]
10003ed2:	910c      	str	r1, [sp, #48]	@ 0x30
10003ed4:	0022      	movs	r2, r4
10003ed6:	003b      	movs	r3, r7
10003ed8:	4659      	mov	r1, fp
10003eda:	f7ff f925 	bl	10003128 <_ftoa>
10003ede:	0004      	movs	r4, r0
10003ee0:	e65c      	b.n	10003b9c <_vsnprintf+0x50>
10003ee2:	1c63      	adds	r3, r4, #1
10003ee4:	4698      	mov	r8, r3
10003ee6:	0022      	movs	r2, r4
10003ee8:	003b      	movs	r3, r7
10003eea:	4659      	mov	r1, fp
10003eec:	2025      	movs	r0, #37	@ 0x25
10003eee:	47a8      	blx	r5
10003ef0:	4644      	mov	r4, r8
10003ef2:	e653      	b.n	10003b9c <_vsnprintf+0x50>
10003ef4:	9b0c      	ldr	r3, [sp, #48]	@ 0x30
10003ef6:	3304      	adds	r3, #4
10003ef8:	930d      	str	r3, [sp, #52]	@ 0x34
10003efa:	1c63      	adds	r3, r4, #1
10003efc:	4699      	mov	r9, r3
10003efe:	0792      	lsls	r2, r2, #30
10003f00:	d400      	bmi.n	10003f04 <_vsnprintf+0x3b8>
10003f02:	e122      	b.n	1000414a <_vsnprintf+0x5fe>
10003f04:	9b0c      	ldr	r3, [sp, #48]	@ 0x30
10003f06:	0022      	movs	r2, r4
10003f08:	7818      	ldrb	r0, [r3, #0]
10003f0a:	4659      	mov	r1, fp
10003f0c:	003b      	movs	r3, r7
10003f0e:	47a8      	blx	r5
10003f10:	4643      	mov	r3, r8
10003f12:	4444      	add	r4, r8
10003f14:	2b01      	cmp	r3, #1
10003f16:	d800      	bhi.n	10003f1a <_vsnprintf+0x3ce>
10003f18:	e285      	b.n	10004426 <_vsnprintf+0x8da>
10003f1a:	0033      	movs	r3, r6
10003f1c:	46b8      	mov	r8, r7
10003f1e:	002e      	movs	r6, r5
10003f20:	465f      	mov	r7, fp
10003f22:	0025      	movs	r5, r4
10003f24:	464c      	mov	r4, r9
10003f26:	4699      	mov	r9, r3
10003f28:	0022      	movs	r2, r4
10003f2a:	4643      	mov	r3, r8
10003f2c:	3401      	adds	r4, #1
10003f2e:	0039      	movs	r1, r7
10003f30:	2020      	movs	r0, #32
10003f32:	47b0      	blx	r6
10003f34:	42ac      	cmp	r4, r5
10003f36:	d1f7      	bne.n	10003f28 <_vsnprintf+0x3dc>
10003f38:	002c      	movs	r4, r5
10003f3a:	46bb      	mov	fp, r7
10003f3c:	0035      	movs	r5, r6
10003f3e:	4647      	mov	r7, r8
10003f40:	464e      	mov	r6, r9
10003f42:	9b0d      	ldr	r3, [sp, #52]	@ 0x34
10003f44:	930c      	str	r3, [sp, #48]	@ 0x30
10003f46:	e629      	b.n	10003b9c <_vsnprintf+0x50>
10003f48:	4bdb      	ldr	r3, [pc, #876]	@ (100042b8 <_vsnprintf+0x76c>)
10003f4a:	7830      	ldrb	r0, [r6, #0]
10003f4c:	4698      	mov	r8, r3
10003f4e:	2300      	movs	r3, #0
10003f50:	4699      	mov	r9, r3
10003f52:	2800      	cmp	r0, #0
10003f54:	d000      	beq.n	10003f58 <_vsnprintf+0x40c>
10003f56:	e612      	b.n	10003b7e <_vsnprintf+0x32>
10003f58:	2400      	movs	r4, #0
10003f5a:	e6ae      	b.n	10003cba <_vsnprintf+0x16e>
10003f5c:	286f      	cmp	r0, #111	@ 0x6f
10003f5e:	d100      	bne.n	10003f62 <_vsnprintf+0x416>
10003f60:	e088      	b.n	10004074 <_vsnprintf+0x528>
10003f62:	d800      	bhi.n	10003f66 <_vsnprintf+0x41a>
10003f64:	e30b      	b.n	1000457e <_vsnprintf+0xa32>
10003f66:	2310      	movs	r3, #16
10003f68:	2878      	cmp	r0, #120	@ 0x78
10003f6a:	d100      	bne.n	10003f6e <_vsnprintf+0x422>
10003f6c:	e0cf      	b.n	1000410e <_vsnprintf+0x5c2>
10003f6e:	439a      	bics	r2, r3
10003f70:	230a      	movs	r3, #10
10003f72:	469c      	mov	ip, r3
10003f74:	2300      	movs	r3, #0
10003f76:	930f      	str	r3, [sp, #60]	@ 0x3c
10003f78:	330a      	adds	r3, #10
10003f7a:	930d      	str	r3, [sp, #52]	@ 0x34
10003f7c:	e080      	b.n	10004080 <_vsnprintf+0x534>
10003f7e:	4656      	mov	r6, sl
10003f80:	00b1      	lsls	r1, r6, #2
10003f82:	1989      	adds	r1, r1, r6
10003f84:	0049      	lsls	r1, r1, #1
10003f86:	3301      	adds	r3, #1
10003f88:	180e      	adds	r6, r1, r0
10003f8a:	7818      	ldrb	r0, [r3, #0]
10003f8c:	3e30      	subs	r6, #48	@ 0x30
10003f8e:	0001      	movs	r1, r0
10003f90:	3930      	subs	r1, #48	@ 0x30
10003f92:	2909      	cmp	r1, #9
10003f94:	d9f4      	bls.n	10003f80 <_vsnprintf+0x434>
10003f96:	46b2      	mov	sl, r6
10003f98:	001e      	movs	r6, r3
10003f9a:	3301      	adds	r3, #1
10003f9c:	4699      	mov	r9, r3
10003f9e:	e628      	b.n	10003bf2 <_vsnprintf+0xa6>
10003fa0:	9b0c      	ldr	r3, [sp, #48]	@ 0x30
10003fa2:	3602      	adds	r6, #2
10003fa4:	cb02      	ldmia	r3!, {r1}
10003fa6:	468a      	mov	sl, r1
10003fa8:	43c9      	mvns	r1, r1
10003faa:	4650      	mov	r0, sl
10003fac:	17c9      	asrs	r1, r1, #31
10003fae:	4008      	ands	r0, r1
10003fb0:	4682      	mov	sl, r0
10003fb2:	930c      	str	r3, [sp, #48]	@ 0x30
10003fb4:	7830      	ldrb	r0, [r6, #0]
10003fb6:	1c73      	adds	r3, r6, #1
10003fb8:	4699      	mov	r9, r3
10003fba:	e61a      	b.n	10003bf2 <_vsnprintf+0xa6>
10003fbc:	2310      	movs	r3, #16
10003fbe:	0010      	movs	r0, r2
10003fc0:	4398      	bics	r0, r3
10003fc2:	3311      	adds	r3, #17
10003fc4:	4318      	orrs	r0, r3
10003fc6:	4681      	mov	r9, r0
10003fc8:	2080      	movs	r0, #128	@ 0x80
10003fca:	0013      	movs	r3, r2
10003fcc:	00c0      	lsls	r0, r0, #3
10003fce:	4003      	ands	r3, r0
10003fd0:	4202      	tst	r2, r0
10003fd2:	d100      	bne.n	10003fd6 <_vsnprintf+0x48a>
10003fd4:	e6a9      	b.n	10003d2a <_vsnprintf+0x1de>
10003fd6:	464b      	mov	r3, r9
10003fd8:	9306      	str	r3, [sp, #24]
10003fda:	2308      	movs	r3, #8
10003fdc:	9305      	str	r3, [sp, #20]
10003fde:	4653      	mov	r3, sl
10003fe0:	9304      	str	r3, [sp, #16]
10003fe2:	2310      	movs	r3, #16
10003fe4:	9303      	str	r3, [sp, #12]
10003fe6:	2300      	movs	r3, #0
10003fe8:	9302      	str	r3, [sp, #8]
10003fea:	9b0f      	ldr	r3, [sp, #60]	@ 0x3c
10003fec:	0022      	movs	r2, r4
10003fee:	9301      	str	r3, [sp, #4]
10003ff0:	ab1c      	add	r3, sp, #112	@ 0x70
10003ff2:	9300      	str	r3, [sp, #0]
10003ff4:	4659      	mov	r1, fp
10003ff6:	003b      	movs	r3, r7
10003ff8:	0028      	movs	r0, r5
10003ffa:	f7fe ff9f 	bl	10002f3c <_ntoa_format>
10003ffe:	4643      	mov	r3, r8
10004000:	0004      	movs	r4, r0
10004002:	930c      	str	r3, [sp, #48]	@ 0x30
10004004:	e5ca      	b.n	10003b9c <_vsnprintf+0x50>
10004006:	2301      	movs	r3, #1
10004008:	425b      	negs	r3, r3
1000400a:	e6c3      	b.n	10003d94 <_vsnprintf+0x248>
1000400c:	9b0f      	ldr	r3, [sp, #60]	@ 0x3c
1000400e:	4553      	cmp	r3, sl
10004010:	d901      	bls.n	10004016 <_vsnprintf+0x4ca>
10004012:	4653      	mov	r3, sl
10004014:	930f      	str	r3, [sp, #60]	@ 0x3c
10004016:	2302      	movs	r3, #2
10004018:	0018      	movs	r0, r3
1000401a:	4010      	ands	r0, r2
1000401c:	900d      	str	r0, [sp, #52]	@ 0x34
1000401e:	4213      	tst	r3, r2
10004020:	d100      	bne.n	10004024 <_vsnprintf+0x4d8>
10004022:	e1b7      	b.n	10004394 <_vsnprintf+0x848>
10004024:	930d      	str	r3, [sp, #52]	@ 0x34
10004026:	46d1      	mov	r9, sl
10004028:	1b0b      	subs	r3, r1, r4
1000402a:	469a      	mov	sl, r3
1000402c:	0033      	movs	r3, r6
1000402e:	44a1      	add	r9, r4
10004030:	002e      	movs	r6, r5
10004032:	0022      	movs	r2, r4
10004034:	464d      	mov	r5, r9
10004036:	980c      	ldr	r0, [sp, #48]	@ 0x30
10004038:	46b9      	mov	r9, r7
1000403a:	465f      	mov	r7, fp
1000403c:	469b      	mov	fp, r3
1000403e:	e008      	b.n	10004052 <_vsnprintf+0x506>
10004040:	464b      	mov	r3, r9
10004042:	0039      	movs	r1, r7
10004044:	1c54      	adds	r4, r2, #1
10004046:	47b0      	blx	r6
10004048:	4653      	mov	r3, sl
1000404a:	5d18      	ldrb	r0, [r3, r4]
1000404c:	2800      	cmp	r0, #0
1000404e:	d077      	beq.n	10004140 <_vsnprintf+0x5f4>
10004050:	0022      	movs	r2, r4
10004052:	4295      	cmp	r5, r2
10004054:	d1f4      	bne.n	10004040 <_vsnprintf+0x4f4>
10004056:	465b      	mov	r3, fp
10004058:	46bb      	mov	fp, r7
1000405a:	464f      	mov	r7, r9
1000405c:	46a9      	mov	r9, r5
1000405e:	0035      	movs	r5, r6
10004060:	464c      	mov	r4, r9
10004062:	001e      	movs	r6, r3
10004064:	e6c9      	b.n	10003dfa <_vsnprintf+0x2ae>
10004066:	2380      	movs	r3, #128	@ 0x80
10004068:	011b      	lsls	r3, r3, #4
1000406a:	431a      	orrs	r2, r3
1000406c:	e6fd      	b.n	10003e6a <_vsnprintf+0x31e>
1000406e:	2320      	movs	r3, #32
10004070:	431a      	orrs	r2, r3
10004072:	e720      	b.n	10003eb6 <_vsnprintf+0x36a>
10004074:	2308      	movs	r3, #8
10004076:	469c      	mov	ip, r3
10004078:	2300      	movs	r3, #0
1000407a:	930f      	str	r3, [sp, #60]	@ 0x3c
1000407c:	3308      	adds	r3, #8
1000407e:	930d      	str	r3, [sp, #52]	@ 0x34
10004080:	2380      	movs	r3, #128	@ 0x80
10004082:	0011      	movs	r1, r2
10004084:	00db      	lsls	r3, r3, #3
10004086:	4019      	ands	r1, r3
10004088:	421a      	tst	r2, r3
1000408a:	d100      	bne.n	1000408e <_vsnprintf+0x542>
1000408c:	e116      	b.n	100042bc <_vsnprintf+0x770>
1000408e:	230d      	movs	r3, #13
10004090:	439a      	bics	r2, r3
10004092:	0010      	movs	r0, r2
10004094:	2380      	movs	r3, #128	@ 0x80
10004096:	0002      	movs	r2, r0
10004098:	009b      	lsls	r3, r3, #2
1000409a:	401a      	ands	r2, r3
1000409c:	9214      	str	r2, [sp, #80]	@ 0x50
1000409e:	4218      	tst	r0, r3
100040a0:	d000      	beq.n	100040a4 <_vsnprintf+0x558>
100040a2:	e1c2      	b.n	1000442a <_vsnprintf+0x8de>
100040a4:	2380      	movs	r3, #128	@ 0x80
100040a6:	0002      	movs	r2, r0
100040a8:	005b      	lsls	r3, r3, #1
100040aa:	401a      	ands	r2, r3
100040ac:	4691      	mov	r9, r2
100040ae:	9a0c      	ldr	r2, [sp, #48]	@ 0x30
100040b0:	3204      	adds	r2, #4
100040b2:	920f      	str	r2, [sp, #60]	@ 0x3c
100040b4:	4218      	tst	r0, r3
100040b6:	d000      	beq.n	100040ba <_vsnprintf+0x56e>
100040b8:	e2b7      	b.n	1000462a <_vsnprintf+0xade>
100040ba:	0643      	lsls	r3, r0, #25
100040bc:	d500      	bpl.n	100040c0 <_vsnprintf+0x574>
100040be:	e19f      	b.n	10004400 <_vsnprintf+0x8b4>
100040c0:	0603      	lsls	r3, r0, #24
100040c2:	d400      	bmi.n	100040c6 <_vsnprintf+0x57a>
100040c4:	e319      	b.n	100046fa <_vsnprintf+0xbae>
100040c6:	9b0c      	ldr	r3, [sp, #48]	@ 0x30
100040c8:	881b      	ldrh	r3, [r3, #0]
100040ca:	9309      	str	r3, [sp, #36]	@ 0x24
100040cc:	2b00      	cmp	r3, #0
100040ce:	d000      	beq.n	100040d2 <_vsnprintf+0x586>
100040d0:	e1fc      	b.n	100044cc <_vsnprintf+0x980>
100040d2:	3310      	adds	r3, #16
100040d4:	4398      	bics	r0, r3
100040d6:	2900      	cmp	r1, #0
100040d8:	d100      	bne.n	100040dc <_vsnprintf+0x590>
100040da:	e1f7      	b.n	100044cc <_vsnprintf+0x980>
100040dc:	2300      	movs	r3, #0
100040de:	4699      	mov	r9, r3
100040e0:	4643      	mov	r3, r8
100040e2:	9305      	str	r3, [sp, #20]
100040e4:	4653      	mov	r3, sl
100040e6:	9304      	str	r3, [sp, #16]
100040e8:	9b0d      	ldr	r3, [sp, #52]	@ 0x34
100040ea:	9006      	str	r0, [sp, #24]
100040ec:	9303      	str	r3, [sp, #12]
100040ee:	2300      	movs	r3, #0
100040f0:	e0d2      	b.n	10004298 <_vsnprintf+0x74c>
100040f2:	2858      	cmp	r0, #88	@ 0x58
100040f4:	d008      	beq.n	10004108 <_vsnprintf+0x5bc>
100040f6:	2862      	cmp	r0, #98	@ 0x62
100040f8:	d167      	bne.n	100041ca <_vsnprintf+0x67e>
100040fa:	2302      	movs	r3, #2
100040fc:	469c      	mov	ip, r3
100040fe:	2300      	movs	r3, #0
10004100:	930f      	str	r3, [sp, #60]	@ 0x3c
10004102:	3302      	adds	r3, #2
10004104:	930d      	str	r3, [sp, #52]	@ 0x34
10004106:	e7bb      	b.n	10004080 <_vsnprintf+0x534>
10004108:	2320      	movs	r3, #32
1000410a:	431a      	orrs	r2, r3
1000410c:	3b10      	subs	r3, #16
1000410e:	469c      	mov	ip, r3
10004110:	2300      	movs	r3, #0
10004112:	930f      	str	r3, [sp, #60]	@ 0x3c
10004114:	3310      	adds	r3, #16
10004116:	930d      	str	r3, [sp, #52]	@ 0x34
10004118:	e7b2      	b.n	10004080 <_vsnprintf+0x534>
1000411a:	2380      	movs	r3, #128	@ 0x80
1000411c:	011b      	lsls	r3, r3, #4
1000411e:	431a      	orrs	r2, r3
10004120:	2320      	movs	r3, #32
10004122:	431a      	orrs	r2, r3
10004124:	e6a1      	b.n	10003e6a <_vsnprintf+0x31e>
10004126:	23c0      	movs	r3, #192	@ 0xc0
10004128:	009b      	lsls	r3, r3, #2
1000412a:	431a      	orrs	r2, r3
1000412c:	1cf3      	adds	r3, r6, #3
1000412e:	4699      	mov	r9, r3
10004130:	78b0      	ldrb	r0, [r6, #2]
10004132:	e582      	b.n	10003c3a <_vsnprintf+0xee>
10004134:	23c0      	movs	r3, #192	@ 0xc0
10004136:	431a      	orrs	r2, r3
10004138:	1cf3      	adds	r3, r6, #3
1000413a:	4699      	mov	r9, r3
1000413c:	78b0      	ldrb	r0, [r6, #2]
1000413e:	e57c      	b.n	10003c3a <_vsnprintf+0xee>
10004140:	0035      	movs	r5, r6
10004142:	465e      	mov	r6, fp
10004144:	46bb      	mov	fp, r7
10004146:	464f      	mov	r7, r9
10004148:	e657      	b.n	10003dfa <_vsnprintf+0x2ae>
1000414a:	4643      	mov	r3, r8
1000414c:	2b01      	cmp	r3, #1
1000414e:	d800      	bhi.n	10004152 <_vsnprintf+0x606>
10004150:	e163      	b.n	1000441a <_vsnprintf+0x8ce>
10004152:	1e63      	subs	r3, r4, #1
10004154:	4443      	add	r3, r8
10004156:	469a      	mov	sl, r3
10004158:	0033      	movs	r3, r6
1000415a:	46b9      	mov	r9, r7
1000415c:	002e      	movs	r6, r5
1000415e:	465f      	mov	r7, fp
10004160:	4655      	mov	r5, sl
10004162:	469b      	mov	fp, r3
10004164:	46a2      	mov	sl, r4
10004166:	0022      	movs	r2, r4
10004168:	464b      	mov	r3, r9
1000416a:	3401      	adds	r4, #1
1000416c:	0039      	movs	r1, r7
1000416e:	2020      	movs	r0, #32
10004170:	47b0      	blx	r6
10004172:	42ac      	cmp	r4, r5
10004174:	d1f7      	bne.n	10004166 <_vsnprintf+0x61a>
10004176:	0035      	movs	r5, r6
10004178:	465e      	mov	r6, fp
1000417a:	46bb      	mov	fp, r7
1000417c:	464f      	mov	r7, r9
1000417e:	46a1      	mov	r9, r4
10004180:	4654      	mov	r4, sl
10004182:	9b0c      	ldr	r3, [sp, #48]	@ 0x30
10004184:	464a      	mov	r2, r9
10004186:	7818      	ldrb	r0, [r3, #0]
10004188:	4659      	mov	r1, fp
1000418a:	003b      	movs	r3, r7
1000418c:	4444      	add	r4, r8
1000418e:	47a8      	blx	r5
10004190:	e6d7      	b.n	10003f42 <_vsnprintf+0x3f6>
10004192:	46a1      	mov	r9, r4
10004194:	9b0f      	ldr	r3, [sp, #60]	@ 0x3c
10004196:	4598      	cmp	r8, r3
10004198:	d800      	bhi.n	1000419c <_vsnprintf+0x650>
1000419a:	e632      	b.n	10003e02 <_vsnprintf+0x2b6>
1000419c:	4444      	add	r4, r8
1000419e:	1ae4      	subs	r4, r4, r3
100041a0:	0033      	movs	r3, r6
100041a2:	46b8      	mov	r8, r7
100041a4:	002e      	movs	r6, r5
100041a6:	465f      	mov	r7, fp
100041a8:	0025      	movs	r5, r4
100041aa:	464c      	mov	r4, r9
100041ac:	4699      	mov	r9, r3
100041ae:	0022      	movs	r2, r4
100041b0:	4643      	mov	r3, r8
100041b2:	3401      	adds	r4, #1
100041b4:	0039      	movs	r1, r7
100041b6:	2020      	movs	r0, #32
100041b8:	47b0      	blx	r6
100041ba:	42ac      	cmp	r4, r5
100041bc:	d1f7      	bne.n	100041ae <_vsnprintf+0x662>
100041be:	002c      	movs	r4, r5
100041c0:	46bb      	mov	fp, r7
100041c2:	0035      	movs	r5, r6
100041c4:	4647      	mov	r7, r8
100041c6:	464e      	mov	r6, r9
100041c8:	e61b      	b.n	10003e02 <_vsnprintf+0x2b6>
100041ca:	2380      	movs	r3, #128	@ 0x80
100041cc:	0010      	movs	r0, r2
100041ce:	00db      	lsls	r3, r3, #3
100041d0:	4018      	ands	r0, r3
100041d2:	421a      	tst	r2, r3
100041d4:	d100      	bne.n	100041d8 <_vsnprintf+0x68c>
100041d6:	e10f      	b.n	100043f8 <_vsnprintf+0x8ac>
100041d8:	2111      	movs	r1, #17
100041da:	0018      	movs	r0, r3
100041dc:	438a      	bics	r2, r1
100041de:	920d      	str	r2, [sp, #52]	@ 0x34
100041e0:	9a0d      	ldr	r2, [sp, #52]	@ 0x34
100041e2:	2380      	movs	r3, #128	@ 0x80
100041e4:	0011      	movs	r1, r2
100041e6:	009b      	lsls	r3, r3, #2
100041e8:	4019      	ands	r1, r3
100041ea:	468c      	mov	ip, r1
100041ec:	421a      	tst	r2, r3
100041ee:	d169      	bne.n	100042c4 <_vsnprintf+0x778>
100041f0:	2380      	movs	r3, #128	@ 0x80
100041f2:	0011      	movs	r1, r2
100041f4:	005b      	lsls	r3, r3, #1
100041f6:	4019      	ands	r1, r3
100041f8:	4689      	mov	r9, r1
100041fa:	990c      	ldr	r1, [sp, #48]	@ 0x30
100041fc:	3104      	adds	r1, #4
100041fe:	910f      	str	r1, [sp, #60]	@ 0x3c
10004200:	421a      	tst	r2, r3
10004202:	d000      	beq.n	10004206 <_vsnprintf+0x6ba>
10004204:	e1ca      	b.n	1000459c <_vsnprintf+0xa50>
10004206:	0013      	movs	r3, r2
10004208:	065b      	lsls	r3, r3, #25
1000420a:	d500      	bpl.n	1000420e <_vsnprintf+0x6c2>
1000420c:	e0f0      	b.n	100043f0 <_vsnprintf+0x8a4>
1000420e:	0013      	movs	r3, r2
10004210:	061b      	lsls	r3, r3, #24
10004212:	d400      	bmi.n	10004216 <_vsnprintf+0x6ca>
10004214:	e259      	b.n	100046ca <_vsnprintf+0xb7e>
10004216:	9b0c      	ldr	r3, [sp, #48]	@ 0x30
10004218:	2200      	movs	r2, #0
1000421a:	5e9b      	ldrsh	r3, [r3, r2]
1000421c:	17d9      	asrs	r1, r3, #31
1000421e:	185a      	adds	r2, r3, r1
10004220:	404a      	eors	r2, r1
10004222:	b292      	uxth	r2, r2
10004224:	0fd9      	lsrs	r1, r3, #31
10004226:	910c      	str	r1, [sp, #48]	@ 0x30
10004228:	2b00      	cmp	r3, #0
1000422a:	d100      	bne.n	1000422e <_vsnprintf+0x6e2>
1000422c:	e1f9      	b.n	10004622 <_vsnprintf+0xad6>
1000422e:	0010      	movs	r0, r2
10004230:	aa14      	add	r2, sp, #80	@ 0x50
10004232:	4694      	mov	ip, r2
10004234:	4642      	mov	r2, r8
10004236:	231f      	movs	r3, #31
10004238:	9214      	str	r2, [sp, #80]	@ 0x50
1000423a:	4652      	mov	r2, sl
1000423c:	4463      	add	r3, ip
1000423e:	46a8      	mov	r8, r5
10004240:	9416      	str	r4, [sp, #88]	@ 0x58
10004242:	464d      	mov	r5, r9
10004244:	0004      	movs	r4, r0
10004246:	46b9      	mov	r9, r7
10004248:	46b2      	mov	sl, r6
1000424a:	001f      	movs	r7, r3
1000424c:	9215      	str	r2, [sp, #84]	@ 0x54
1000424e:	e001      	b.n	10004254 <_vsnprintf+0x708>
10004250:	2d20      	cmp	r5, #32
10004252:	d00f      	beq.n	10004274 <_vsnprintf+0x728>
10004254:	0020      	movs	r0, r4
10004256:	210a      	movs	r1, #10
10004258:	f7fd ff2c 	bl	100020b4 <__wrap___aeabi_uidiv>
1000425c:	3501      	adds	r5, #1
1000425e:	197e      	adds	r6, r7, r5
10004260:	3130      	adds	r1, #48	@ 0x30
10004262:	7031      	strb	r1, [r6, #0]
10004264:	0020      	movs	r0, r4
10004266:	210a      	movs	r1, #10
10004268:	f7fd ff24 	bl	100020b4 <__wrap___aeabi_uidiv>
1000426c:	0026      	movs	r6, r4
1000426e:	0004      	movs	r4, r0
10004270:	2e09      	cmp	r6, #9
10004272:	d8ed      	bhi.n	10004250 <_vsnprintf+0x704>
10004274:	9b14      	ldr	r3, [sp, #80]	@ 0x50
10004276:	464f      	mov	r7, r9
10004278:	46a9      	mov	r9, r5
1000427a:	4645      	mov	r5, r8
1000427c:	4698      	mov	r8, r3
1000427e:	9b15      	ldr	r3, [sp, #84]	@ 0x54
10004280:	4656      	mov	r6, sl
10004282:	469a      	mov	sl, r3
10004284:	9c16      	ldr	r4, [sp, #88]	@ 0x58
10004286:	9b0d      	ldr	r3, [sp, #52]	@ 0x34
10004288:	9306      	str	r3, [sp, #24]
1000428a:	4643      	mov	r3, r8
1000428c:	9305      	str	r3, [sp, #20]
1000428e:	4653      	mov	r3, sl
10004290:	9304      	str	r3, [sp, #16]
10004292:	230a      	movs	r3, #10
10004294:	9303      	str	r3, [sp, #12]
10004296:	9b0c      	ldr	r3, [sp, #48]	@ 0x30
10004298:	9302      	str	r3, [sp, #8]
1000429a:	464b      	mov	r3, r9
1000429c:	9301      	str	r3, [sp, #4]
1000429e:	ab1c      	add	r3, sp, #112	@ 0x70
100042a0:	0022      	movs	r2, r4
100042a2:	9300      	str	r3, [sp, #0]
100042a4:	4659      	mov	r1, fp
100042a6:	003b      	movs	r3, r7
100042a8:	0028      	movs	r0, r5
100042aa:	f7fe fe47 	bl	10002f3c <_ntoa_format>
100042ae:	9b0f      	ldr	r3, [sp, #60]	@ 0x3c
100042b0:	0004      	movs	r4, r0
100042b2:	930c      	str	r3, [sp, #48]	@ 0x30
100042b4:	e472      	b.n	10003b9c <_vsnprintf+0x50>
100042b6:	46c0      	nop			@ (mov r8, r8)
100042b8:	10002e8d 	.word	0x10002e8d
100042bc:	230c      	movs	r3, #12
100042be:	439a      	bics	r2, r3
100042c0:	0010      	movs	r0, r2
100042c2:	e6e7      	b.n	10004094 <_vsnprintf+0x548>
100042c4:	2207      	movs	r2, #7
100042c6:	9b0c      	ldr	r3, [sp, #48]	@ 0x30
100042c8:	3307      	adds	r3, #7
100042ca:	4393      	bics	r3, r2
100042cc:	3201      	adds	r2, #1
100042ce:	4694      	mov	ip, r2
100042d0:	449c      	add	ip, r3
100042d2:	4662      	mov	r2, ip
100042d4:	920c      	str	r2, [sp, #48]	@ 0x30
100042d6:	cb0c      	ldmia	r3, {r2, r3}
100042d8:	0fd9      	lsrs	r1, r3, #31
100042da:	910f      	str	r1, [sp, #60]	@ 0x3c
100042dc:	0011      	movs	r1, r2
100042de:	4319      	orrs	r1, r3
100042e0:	d100      	bne.n	100042e4 <_vsnprintf+0x798>
100042e2:	e091      	b.n	10004408 <_vsnprintf+0x8bc>
100042e4:	17d9      	asrs	r1, r3, #31
100042e6:	9113      	str	r1, [sp, #76]	@ 0x4c
100042e8:	9112      	str	r1, [sp, #72]	@ 0x48
100042ea:	4051      	eors	r1, r2
100042ec:	9110      	str	r1, [sp, #64]	@ 0x40
100042ee:	9913      	ldr	r1, [sp, #76]	@ 0x4c
100042f0:	4059      	eors	r1, r3
100042f2:	9111      	str	r1, [sp, #68]	@ 0x44
100042f4:	9810      	ldr	r0, [sp, #64]	@ 0x40
100042f6:	9911      	ldr	r1, [sp, #68]	@ 0x44
100042f8:	9a12      	ldr	r2, [sp, #72]	@ 0x48
100042fa:	9b13      	ldr	r3, [sp, #76]	@ 0x4c
100042fc:	1a80      	subs	r0, r0, r2
100042fe:	4199      	sbcs	r1, r3
10004300:	9010      	str	r0, [sp, #64]	@ 0x40
10004302:	9111      	str	r1, [sp, #68]	@ 0x44
10004304:	aa14      	add	r2, sp, #80	@ 0x50
10004306:	2300      	movs	r3, #0
10004308:	4694      	mov	ip, r2
1000430a:	4642      	mov	r2, r8
1000430c:	4699      	mov	r9, r3
1000430e:	9214      	str	r2, [sp, #80]	@ 0x50
10004310:	4652      	mov	r2, sl
10004312:	331f      	adds	r3, #31
10004314:	4463      	add	r3, ip
10004316:	46a8      	mov	r8, r5
10004318:	46b2      	mov	sl, r6
1000431a:	9416      	str	r4, [sp, #88]	@ 0x58
1000431c:	464e      	mov	r6, r9
1000431e:	9c10      	ldr	r4, [sp, #64]	@ 0x40
10004320:	9d11      	ldr	r5, [sp, #68]	@ 0x44
10004322:	46b9      	mov	r9, r7
10004324:	9215      	str	r2, [sp, #84]	@ 0x54
10004326:	001f      	movs	r7, r3
10004328:	e001      	b.n	1000432e <_vsnprintf+0x7e2>
1000432a:	2e20      	cmp	r6, #32
1000432c:	d010      	beq.n	10004350 <_vsnprintf+0x804>
1000432e:	0020      	movs	r0, r4
10004330:	0029      	movs	r1, r5
10004332:	220a      	movs	r2, #10
10004334:	2300      	movs	r3, #0
10004336:	f7fd fefb 	bl	10002130 <__wrap___aeabi_uldivmod>
1000433a:	3601      	adds	r6, #1
1000433c:	3230      	adds	r2, #48	@ 0x30
1000433e:	002b      	movs	r3, r5
10004340:	55ba      	strb	r2, [r7, r6]
10004342:	000d      	movs	r5, r1
10004344:	0022      	movs	r2, r4
10004346:	0004      	movs	r4, r0
10004348:	2b00      	cmp	r3, #0
1000434a:	d1ee      	bne.n	1000432a <_vsnprintf+0x7de>
1000434c:	2a09      	cmp	r2, #9
1000434e:	d8ec      	bhi.n	1000432a <_vsnprintf+0x7de>
10004350:	9b14      	ldr	r3, [sp, #80]	@ 0x50
10004352:	9410      	str	r4, [sp, #64]	@ 0x40
10004354:	9511      	str	r5, [sp, #68]	@ 0x44
10004356:	4645      	mov	r5, r8
10004358:	4698      	mov	r8, r3
1000435a:	9b15      	ldr	r3, [sp, #84]	@ 0x54
1000435c:	464f      	mov	r7, r9
1000435e:	46b1      	mov	r9, r6
10004360:	4656      	mov	r6, sl
10004362:	469a      	mov	sl, r3
10004364:	9c16      	ldr	r4, [sp, #88]	@ 0x58
10004366:	9b0d      	ldr	r3, [sp, #52]	@ 0x34
10004368:	9306      	str	r3, [sp, #24]
1000436a:	4643      	mov	r3, r8
1000436c:	9305      	str	r3, [sp, #20]
1000436e:	4653      	mov	r3, sl
10004370:	9304      	str	r3, [sp, #16]
10004372:	230a      	movs	r3, #10
10004374:	9303      	str	r3, [sp, #12]
10004376:	9b0f      	ldr	r3, [sp, #60]	@ 0x3c
10004378:	9302      	str	r3, [sp, #8]
1000437a:	464b      	mov	r3, r9
1000437c:	9301      	str	r3, [sp, #4]
1000437e:	ab1c      	add	r3, sp, #112	@ 0x70
10004380:	0022      	movs	r2, r4
10004382:	9300      	str	r3, [sp, #0]
10004384:	4659      	mov	r1, fp
10004386:	003b      	movs	r3, r7
10004388:	0028      	movs	r0, r5
1000438a:	f7fe fdd7 	bl	10002f3c <_ntoa_format>
1000438e:	0004      	movs	r4, r0
10004390:	f7ff fc04 	bl	10003b9c <_vsnprintf+0x50>
10004394:	9b0f      	ldr	r3, [sp, #60]	@ 0x3c
10004396:	4598      	cmp	r8, r3
10004398:	d800      	bhi.n	1000439c <_vsnprintf+0x850>
1000439a:	e1c1      	b.n	10004720 <_vsnprintf+0xbd4>
1000439c:	2380      	movs	r3, #128	@ 0x80
1000439e:	00db      	lsls	r3, r3, #3
100043a0:	930d      	str	r3, [sp, #52]	@ 0x34
100043a2:	4643      	mov	r3, r8
100043a4:	9a0f      	ldr	r2, [sp, #60]	@ 0x3c
100043a6:	191b      	adds	r3, r3, r4
100043a8:	1a9b      	subs	r3, r3, r2
100043aa:	4699      	mov	r9, r3
100043ac:	0033      	movs	r3, r6
100043ae:	002e      	movs	r6, r5
100043b0:	464d      	mov	r5, r9
100043b2:	46b9      	mov	r9, r7
100043b4:	465f      	mov	r7, fp
100043b6:	469b      	mov	fp, r3
100043b8:	910c      	str	r1, [sp, #48]	@ 0x30
100043ba:	0022      	movs	r2, r4
100043bc:	464b      	mov	r3, r9
100043be:	3401      	adds	r4, #1
100043c0:	0039      	movs	r1, r7
100043c2:	2020      	movs	r0, #32
100043c4:	47b0      	blx	r6
100043c6:	42ac      	cmp	r4, r5
100043c8:	d1f7      	bne.n	100043ba <_vsnprintf+0x86e>
100043ca:	4643      	mov	r3, r8
100043cc:	990c      	ldr	r1, [sp, #48]	@ 0x30
100043ce:	3301      	adds	r3, #1
100043d0:	930f      	str	r3, [sp, #60]	@ 0x3c
100043d2:	780b      	ldrb	r3, [r1, #0]
100043d4:	0035      	movs	r5, r6
100043d6:	930c      	str	r3, [sp, #48]	@ 0x30
100043d8:	465e      	mov	r6, fp
100043da:	46bb      	mov	fp, r7
100043dc:	464f      	mov	r7, r9
100043de:	2b00      	cmp	r3, #0
100043e0:	d100      	bne.n	100043e4 <_vsnprintf+0x898>
100043e2:	e50e      	b.n	10003e02 <_vsnprintf+0x2b6>
100043e4:	9b0d      	ldr	r3, [sp, #52]	@ 0x34
100043e6:	2b00      	cmp	r3, #0
100043e8:	d100      	bne.n	100043ec <_vsnprintf+0x8a0>
100043ea:	e4f6      	b.n	10003dda <_vsnprintf+0x28e>
100043ec:	2300      	movs	r3, #0
100043ee:	e619      	b.n	10004024 <_vsnprintf+0x4d8>
100043f0:	9b0c      	ldr	r3, [sp, #48]	@ 0x30
100043f2:	781b      	ldrb	r3, [r3, #0]
100043f4:	001a      	movs	r2, r3
100043f6:	e715      	b.n	10004224 <_vsnprintf+0x6d8>
100043f8:	2310      	movs	r3, #16
100043fa:	439a      	bics	r2, r3
100043fc:	920d      	str	r2, [sp, #52]	@ 0x34
100043fe:	e6ef      	b.n	100041e0 <_vsnprintf+0x694>
10004400:	9b0c      	ldr	r3, [sp, #48]	@ 0x30
10004402:	781b      	ldrb	r3, [r3, #0]
10004404:	9309      	str	r3, [sp, #36]	@ 0x24
10004406:	e661      	b.n	100040cc <_vsnprintf+0x580>
10004408:	2300      	movs	r3, #0
1000440a:	4699      	mov	r9, r3
1000440c:	2800      	cmp	r0, #0
1000440e:	d1aa      	bne.n	10004366 <_vsnprintf+0x81a>
10004410:	2200      	movs	r2, #0
10004412:	2300      	movs	r3, #0
10004414:	9210      	str	r2, [sp, #64]	@ 0x40
10004416:	9311      	str	r3, [sp, #68]	@ 0x44
10004418:	e774      	b.n	10004304 <_vsnprintf+0x7b8>
1000441a:	9b0c      	ldr	r3, [sp, #48]	@ 0x30
1000441c:	0022      	movs	r2, r4
1000441e:	7818      	ldrb	r0, [r3, #0]
10004420:	4659      	mov	r1, fp
10004422:	003b      	movs	r3, r7
10004424:	47a8      	blx	r5
10004426:	464c      	mov	r4, r9
10004428:	e58b      	b.n	10003f42 <_vsnprintf+0x3f6>
1000442a:	9a0c      	ldr	r2, [sp, #48]	@ 0x30
1000442c:	3bfa      	subs	r3, #250	@ 0xfa
1000442e:	3bff      	subs	r3, #255	@ 0xff
10004430:	3207      	adds	r2, #7
10004432:	439a      	bics	r2, r3
10004434:	3301      	adds	r3, #1
10004436:	4699      	mov	r9, r3
10004438:	4491      	add	r9, r2
1000443a:	464b      	mov	r3, r9
1000443c:	930c      	str	r3, [sp, #48]	@ 0x30
1000443e:	6813      	ldr	r3, [r2, #0]
10004440:	6852      	ldr	r2, [r2, #4]
10004442:	9215      	str	r2, [sp, #84]	@ 0x54
10004444:	431a      	orrs	r2, r3
10004446:	d106      	bne.n	10004456 <_vsnprintf+0x90a>
10004448:	3210      	adds	r2, #16
1000444a:	4390      	bics	r0, r2
1000444c:	2200      	movs	r2, #0
1000444e:	9209      	str	r2, [sp, #36]	@ 0x24
10004450:	2900      	cmp	r1, #0
10004452:	d000      	beq.n	10004456 <_vsnprintf+0x90a>
10004454:	e081      	b.n	1000455a <_vsnprintf+0xa0e>
10004456:	2261      	movs	r2, #97	@ 0x61
10004458:	0681      	lsls	r1, r0, #26
1000445a:	d500      	bpl.n	1000445e <_vsnprintf+0x912>
1000445c:	2241      	movs	r2, #65	@ 0x41
1000445e:	b2d2      	uxtb	r2, r2
10004460:	920a      	str	r2, [sp, #40]	@ 0x28
10004462:	aa14      	add	r2, sp, #80	@ 0x50
10004464:	4691      	mov	r9, r2
10004466:	9a0a      	ldr	r2, [sp, #40]	@ 0x28
10004468:	2100      	movs	r1, #0
1000446a:	3a0a      	subs	r2, #10
1000446c:	9214      	str	r2, [sp, #80]	@ 0x50
1000446e:	4642      	mov	r2, r8
10004470:	9217      	str	r2, [sp, #92]	@ 0x5c
10004472:	4652      	mov	r2, sl
10004474:	9218      	str	r2, [sp, #96]	@ 0x60
10004476:	465a      	mov	r2, fp
10004478:	9109      	str	r1, [sp, #36]	@ 0x24
1000447a:	46b3      	mov	fp, r6
1000447c:	311f      	adds	r1, #31
1000447e:	001e      	movs	r6, r3
10004480:	9b0f      	ldr	r3, [sp, #60]	@ 0x3c
10004482:	4449      	add	r1, r9
10004484:	46ba      	mov	sl, r7
10004486:	9419      	str	r4, [sp, #100]	@ 0x64
10004488:	951a      	str	r5, [sp, #104]	@ 0x68
1000448a:	2400      	movs	r4, #0
1000448c:	4667      	mov	r7, ip
1000448e:	4698      	mov	r8, r3
10004490:	4689      	mov	r9, r1
10004492:	9d15      	ldr	r5, [sp, #84]	@ 0x54
10004494:	9016      	str	r0, [sp, #88]	@ 0x58
10004496:	921b      	str	r2, [sp, #108]	@ 0x6c
10004498:	e00a      	b.n	100044b0 <_vsnprintf+0x964>
1000449a:	3230      	adds	r2, #48	@ 0x30
1000449c:	b2d2      	uxtb	r2, r2
1000449e:	464b      	mov	r3, r9
100044a0:	3401      	adds	r4, #1
100044a2:	551a      	strb	r2, [r3, r4]
100044a4:	45a8      	cmp	r8, r5
100044a6:	d04a      	beq.n	1000453e <_vsnprintf+0x9f2>
100044a8:	2c20      	cmp	r4, #32
100044aa:	d04a      	beq.n	10004542 <_vsnprintf+0x9f6>
100044ac:	0006      	movs	r6, r0
100044ae:	000d      	movs	r5, r1
100044b0:	003a      	movs	r2, r7
100044b2:	2300      	movs	r3, #0
100044b4:	0030      	movs	r0, r6
100044b6:	0029      	movs	r1, r5
100044b8:	f7fd fe3a 	bl	10002130 <__wrap___aeabi_uldivmod>
100044bc:	b2d2      	uxtb	r2, r2
100044be:	2a09      	cmp	r2, #9
100044c0:	d9eb      	bls.n	1000449a <_vsnprintf+0x94e>
100044c2:	9b14      	ldr	r3, [sp, #80]	@ 0x50
100044c4:	469c      	mov	ip, r3
100044c6:	4462      	add	r2, ip
100044c8:	b2d2      	uxtb	r2, r2
100044ca:	e7e8      	b.n	1000449e <_vsnprintf+0x952>
100044cc:	2361      	movs	r3, #97	@ 0x61
100044ce:	0682      	lsls	r2, r0, #26
100044d0:	d500      	bpl.n	100044d4 <_vsnprintf+0x988>
100044d2:	2341      	movs	r3, #65	@ 0x41
100044d4:	b2db      	uxtb	r3, r3
100044d6:	3b0a      	subs	r3, #10
100044d8:	930c      	str	r3, [sp, #48]	@ 0x30
100044da:	4643      	mov	r3, r8
100044dc:	a914      	add	r1, sp, #80	@ 0x50
100044de:	221f      	movs	r2, #31
100044e0:	468c      	mov	ip, r1
100044e2:	9315      	str	r3, [sp, #84]	@ 0x54
100044e4:	4653      	mov	r3, sl
100044e6:	4462      	add	r2, ip
100044e8:	46a0      	mov	r8, r4
100044ea:	46b2      	mov	sl, r6
100044ec:	464c      	mov	r4, r9
100044ee:	9717      	str	r7, [sp, #92]	@ 0x5c
100044f0:	46a9      	mov	r9, r5
100044f2:	0017      	movs	r7, r2
100044f4:	9d09      	ldr	r5, [sp, #36]	@ 0x24
100044f6:	9e0d      	ldr	r6, [sp, #52]	@ 0x34
100044f8:	9014      	str	r0, [sp, #80]	@ 0x50
100044fa:	9316      	str	r3, [sp, #88]	@ 0x58
100044fc:	e008      	b.n	10004510 <_vsnprintf+0x9c4>
100044fe:	3330      	adds	r3, #48	@ 0x30
10004500:	b2db      	uxtb	r3, r3
10004502:	3401      	adds	r4, #1
10004504:	553b      	strb	r3, [r7, r4]
10004506:	42b5      	cmp	r5, r6
10004508:	d30e      	bcc.n	10004528 <_vsnprintf+0x9dc>
1000450a:	2c20      	cmp	r4, #32
1000450c:	d00c      	beq.n	10004528 <_vsnprintf+0x9dc>
1000450e:	0005      	movs	r5, r0
10004510:	0031      	movs	r1, r6
10004512:	0028      	movs	r0, r5
10004514:	f7fd fdce 	bl	100020b4 <__wrap___aeabi_uidiv>
10004518:	b2cb      	uxtb	r3, r1
1000451a:	2909      	cmp	r1, #9
1000451c:	d9ef      	bls.n	100044fe <_vsnprintf+0x9b2>
1000451e:	9a0c      	ldr	r2, [sp, #48]	@ 0x30
10004520:	4694      	mov	ip, r2
10004522:	4463      	add	r3, ip
10004524:	b2db      	uxtb	r3, r3
10004526:	e7ec      	b.n	10004502 <_vsnprintf+0x9b6>
10004528:	9b15      	ldr	r3, [sp, #84]	@ 0x54
1000452a:	464d      	mov	r5, r9
1000452c:	46a1      	mov	r9, r4
1000452e:	4644      	mov	r4, r8
10004530:	4698      	mov	r8, r3
10004532:	9b16      	ldr	r3, [sp, #88]	@ 0x58
10004534:	4656      	mov	r6, sl
10004536:	9814      	ldr	r0, [sp, #80]	@ 0x50
10004538:	469a      	mov	sl, r3
1000453a:	9f17      	ldr	r7, [sp, #92]	@ 0x5c
1000453c:	e5d0      	b.n	100040e0 <_vsnprintf+0x594>
1000453e:	42b7      	cmp	r7, r6
10004540:	d9b2      	bls.n	100044a8 <_vsnprintf+0x95c>
10004542:	9b17      	ldr	r3, [sp, #92]	@ 0x5c
10004544:	4657      	mov	r7, sl
10004546:	4698      	mov	r8, r3
10004548:	9b18      	ldr	r3, [sp, #96]	@ 0x60
1000454a:	465e      	mov	r6, fp
1000454c:	469a      	mov	sl, r3
1000454e:	9b1b      	ldr	r3, [sp, #108]	@ 0x6c
10004550:	9409      	str	r4, [sp, #36]	@ 0x24
10004552:	469b      	mov	fp, r3
10004554:	9816      	ldr	r0, [sp, #88]	@ 0x58
10004556:	9c19      	ldr	r4, [sp, #100]	@ 0x64
10004558:	9d1a      	ldr	r5, [sp, #104]	@ 0x68
1000455a:	4643      	mov	r3, r8
1000455c:	9305      	str	r3, [sp, #20]
1000455e:	4653      	mov	r3, sl
10004560:	9304      	str	r3, [sp, #16]
10004562:	9b0d      	ldr	r3, [sp, #52]	@ 0x34
10004564:	9006      	str	r0, [sp, #24]
10004566:	9303      	str	r3, [sp, #12]
10004568:	2300      	movs	r3, #0
1000456a:	9302      	str	r3, [sp, #8]
1000456c:	9b09      	ldr	r3, [sp, #36]	@ 0x24
1000456e:	e705      	b.n	1000437c <_vsnprintf+0x830>
10004570:	9b0f      	ldr	r3, [sp, #60]	@ 0x3c
10004572:	4598      	cmp	r8, r3
10004574:	d900      	bls.n	10004578 <_vsnprintf+0xa2c>
10004576:	e714      	b.n	100043a2 <_vsnprintf+0x856>
10004578:	3301      	adds	r3, #1
1000457a:	930f      	str	r3, [sp, #60]	@ 0x3c
1000457c:	e42d      	b.n	10003dda <_vsnprintf+0x28e>
1000457e:	2310      	movs	r3, #16
10004580:	0011      	movs	r1, r2
10004582:	4399      	bics	r1, r3
10004584:	910d      	str	r1, [sp, #52]	@ 0x34
10004586:	2869      	cmp	r0, #105	@ 0x69
10004588:	d000      	beq.n	1000458c <_vsnprintf+0xa40>
1000458a:	e0ba      	b.n	10004702 <_vsnprintf+0xbb6>
1000458c:	2380      	movs	r3, #128	@ 0x80
1000458e:	0010      	movs	r0, r2
10004590:	00db      	lsls	r3, r3, #3
10004592:	4018      	ands	r0, r3
10004594:	421a      	tst	r2, r3
10004596:	d100      	bne.n	1000459a <_vsnprintf+0xa4e>
10004598:	e622      	b.n	100041e0 <_vsnprintf+0x694>
1000459a:	e61d      	b.n	100041d8 <_vsnprintf+0x68c>
1000459c:	9b0c      	ldr	r3, [sp, #48]	@ 0x30
1000459e:	681b      	ldr	r3, [r3, #0]
100045a0:	0fda      	lsrs	r2, r3, #31
100045a2:	0011      	movs	r1, r2
100045a4:	2b00      	cmp	r3, #0
100045a6:	d100      	bne.n	100045aa <_vsnprintf+0xa5e>
100045a8:	e08c      	b.n	100046c4 <_vsnprintf+0xb78>
100045aa:	17da      	asrs	r2, r3, #31
100045ac:	1898      	adds	r0, r3, r2
100045ae:	4050      	eors	r0, r2
100045b0:	aa14      	add	r2, sp, #80	@ 0x50
100045b2:	4691      	mov	r9, r2
100045b4:	4642      	mov	r2, r8
100045b6:	231f      	movs	r3, #31
100045b8:	9214      	str	r2, [sp, #80]	@ 0x50
100045ba:	4652      	mov	r2, sl
100045bc:	444b      	add	r3, r9
100045be:	46a0      	mov	r8, r4
100045c0:	46a9      	mov	r9, r5
100045c2:	9716      	str	r7, [sp, #88]	@ 0x58
100045c4:	0004      	movs	r4, r0
100045c6:	4665      	mov	r5, ip
100045c8:	46b2      	mov	sl, r6
100045ca:	001f      	movs	r7, r3
100045cc:	910c      	str	r1, [sp, #48]	@ 0x30
100045ce:	9215      	str	r2, [sp, #84]	@ 0x54
100045d0:	e001      	b.n	100045d6 <_vsnprintf+0xa8a>
100045d2:	2d20      	cmp	r5, #32
100045d4:	d00f      	beq.n	100045f6 <_vsnprintf+0xaaa>
100045d6:	0020      	movs	r0, r4
100045d8:	210a      	movs	r1, #10
100045da:	f7fd fd6b 	bl	100020b4 <__wrap___aeabi_uidiv>
100045de:	3501      	adds	r5, #1
100045e0:	197e      	adds	r6, r7, r5
100045e2:	3130      	adds	r1, #48	@ 0x30
100045e4:	7031      	strb	r1, [r6, #0]
100045e6:	0020      	movs	r0, r4
100045e8:	210a      	movs	r1, #10
100045ea:	f7fd fd63 	bl	100020b4 <__wrap___aeabi_uidiv>
100045ee:	0026      	movs	r6, r4
100045f0:	0004      	movs	r4, r0
100045f2:	2e09      	cmp	r6, #9
100045f4:	d8ed      	bhi.n	100045d2 <_vsnprintf+0xa86>
100045f6:	9b14      	ldr	r3, [sp, #80]	@ 0x50
100045f8:	4644      	mov	r4, r8
100045fa:	4698      	mov	r8, r3
100045fc:	9b0c      	ldr	r3, [sp, #48]	@ 0x30
100045fe:	46ac      	mov	ip, r5
10004600:	0019      	movs	r1, r3
10004602:	9b15      	ldr	r3, [sp, #84]	@ 0x54
10004604:	4656      	mov	r6, sl
10004606:	464d      	mov	r5, r9
10004608:	469a      	mov	sl, r3
1000460a:	9f16      	ldr	r7, [sp, #88]	@ 0x58
1000460c:	9b0d      	ldr	r3, [sp, #52]	@ 0x34
1000460e:	9102      	str	r1, [sp, #8]
10004610:	9306      	str	r3, [sp, #24]
10004612:	4643      	mov	r3, r8
10004614:	9305      	str	r3, [sp, #20]
10004616:	4653      	mov	r3, sl
10004618:	9304      	str	r3, [sp, #16]
1000461a:	230a      	movs	r3, #10
1000461c:	9303      	str	r3, [sp, #12]
1000461e:	4663      	mov	r3, ip
10004620:	e63c      	b.n	1000429c <_vsnprintf+0x750>
10004622:	2800      	cmp	r0, #0
10004624:	d000      	beq.n	10004628 <_vsnprintf+0xadc>
10004626:	e62e      	b.n	10004286 <_vsnprintf+0x73a>
10004628:	e602      	b.n	10004230 <_vsnprintf+0x6e4>
1000462a:	9b0c      	ldr	r3, [sp, #48]	@ 0x30
1000462c:	681b      	ldr	r3, [r3, #0]
1000462e:	4699      	mov	r9, r3
10004630:	2b00      	cmp	r3, #0
10004632:	d103      	bne.n	1000463c <_vsnprintf+0xaf0>
10004634:	3310      	adds	r3, #16
10004636:	4398      	bics	r0, r3
10004638:	2900      	cmp	r1, #0
1000463a:	d138      	bne.n	100046ae <_vsnprintf+0xb62>
1000463c:	2361      	movs	r3, #97	@ 0x61
1000463e:	0682      	lsls	r2, r0, #26
10004640:	d500      	bpl.n	10004644 <_vsnprintf+0xaf8>
10004642:	2341      	movs	r3, #65	@ 0x41
10004644:	b2db      	uxtb	r3, r3
10004646:	3b0a      	subs	r3, #10
10004648:	930c      	str	r3, [sp, #48]	@ 0x30
1000464a:	4643      	mov	r3, r8
1000464c:	9316      	str	r3, [sp, #88]	@ 0x58
1000464e:	4653      	mov	r3, sl
10004650:	a914      	add	r1, sp, #80	@ 0x50
10004652:	221f      	movs	r2, #31
10004654:	468c      	mov	ip, r1
10004656:	9317      	str	r3, [sp, #92]	@ 0x5c
10004658:	002b      	movs	r3, r5
1000465a:	4462      	add	r2, ip
1000465c:	46a0      	mov	r8, r4
1000465e:	464d      	mov	r5, r9
10004660:	46b2      	mov	sl, r6
10004662:	9718      	str	r7, [sp, #96]	@ 0x60
10004664:	4699      	mov	r9, r3
10004666:	0017      	movs	r7, r2
10004668:	9c14      	ldr	r4, [sp, #80]	@ 0x50
1000466a:	9e0d      	ldr	r6, [sp, #52]	@ 0x34
1000466c:	9015      	str	r0, [sp, #84]	@ 0x54
1000466e:	e008      	b.n	10004682 <_vsnprintf+0xb36>
10004670:	3330      	adds	r3, #48	@ 0x30
10004672:	b2db      	uxtb	r3, r3
10004674:	3401      	adds	r4, #1
10004676:	553b      	strb	r3, [r7, r4]
10004678:	42b5      	cmp	r5, r6
1000467a:	d30e      	bcc.n	1000469a <_vsnprintf+0xb4e>
1000467c:	2c20      	cmp	r4, #32
1000467e:	d00c      	beq.n	1000469a <_vsnprintf+0xb4e>
10004680:	0005      	movs	r5, r0
10004682:	0031      	movs	r1, r6
10004684:	0028      	movs	r0, r5
10004686:	f7fd fd15 	bl	100020b4 <__wrap___aeabi_uidiv>
1000468a:	b2cb      	uxtb	r3, r1
1000468c:	2909      	cmp	r1, #9
1000468e:	d9ef      	bls.n	10004670 <_vsnprintf+0xb24>
10004690:	9a0c      	ldr	r2, [sp, #48]	@ 0x30
10004692:	4694      	mov	ip, r2
10004694:	4463      	add	r3, ip
10004696:	b2db      	uxtb	r3, r3
10004698:	e7ec      	b.n	10004674 <_vsnprintf+0xb28>
1000469a:	9b16      	ldr	r3, [sp, #88]	@ 0x58
1000469c:	9414      	str	r4, [sp, #80]	@ 0x50
1000469e:	4644      	mov	r4, r8
100046a0:	4698      	mov	r8, r3
100046a2:	9b17      	ldr	r3, [sp, #92]	@ 0x5c
100046a4:	4656      	mov	r6, sl
100046a6:	464d      	mov	r5, r9
100046a8:	469a      	mov	sl, r3
100046aa:	9815      	ldr	r0, [sp, #84]	@ 0x54
100046ac:	9f18      	ldr	r7, [sp, #96]	@ 0x60
100046ae:	4643      	mov	r3, r8
100046b0:	9305      	str	r3, [sp, #20]
100046b2:	4653      	mov	r3, sl
100046b4:	9304      	str	r3, [sp, #16]
100046b6:	9b0d      	ldr	r3, [sp, #52]	@ 0x34
100046b8:	9006      	str	r0, [sp, #24]
100046ba:	9303      	str	r3, [sp, #12]
100046bc:	2300      	movs	r3, #0
100046be:	9302      	str	r3, [sp, #8]
100046c0:	9b14      	ldr	r3, [sp, #80]	@ 0x50
100046c2:	e5eb      	b.n	1000429c <_vsnprintf+0x750>
100046c4:	2800      	cmp	r0, #0
100046c6:	d1a1      	bne.n	1000460c <_vsnprintf+0xac0>
100046c8:	e772      	b.n	100045b0 <_vsnprintf+0xa64>
100046ca:	9b0c      	ldr	r3, [sp, #48]	@ 0x30
100046cc:	681b      	ldr	r3, [r3, #0]
100046ce:	17d9      	asrs	r1, r3, #31
100046d0:	185a      	adds	r2, r3, r1
100046d2:	404a      	eors	r2, r1
100046d4:	e5a6      	b.n	10004224 <_vsnprintf+0x6d8>
100046d6:	2380      	movs	r3, #128	@ 0x80
100046d8:	0010      	movs	r0, r2
100046da:	00db      	lsls	r3, r3, #3
100046dc:	4018      	ands	r0, r3
100046de:	469c      	mov	ip, r3
100046e0:	900f      	str	r0, [sp, #60]	@ 0x3c
100046e2:	421a      	tst	r2, r3
100046e4:	d00f      	beq.n	10004706 <_vsnprintf+0xbba>
100046e6:	2002      	movs	r0, #2
100046e8:	0003      	movs	r3, r0
100046ea:	4013      	ands	r3, r2
100046ec:	930f      	str	r3, [sp, #60]	@ 0x3c
100046ee:	4210      	tst	r0, r2
100046f0:	d019      	beq.n	10004726 <_vsnprintf+0xbda>
100046f2:	2300      	movs	r3, #0
100046f4:	46a1      	mov	r9, r4
100046f6:	930f      	str	r3, [sp, #60]	@ 0x3c
100046f8:	e54c      	b.n	10004194 <_vsnprintf+0x648>
100046fa:	9b0c      	ldr	r3, [sp, #48]	@ 0x30
100046fc:	681b      	ldr	r3, [r3, #0]
100046fe:	9309      	str	r3, [sp, #36]	@ 0x24
10004700:	e4e4      	b.n	100040cc <_vsnprintf+0x580>
10004702:	000a      	movs	r2, r1
10004704:	e434      	b.n	10003f70 <_vsnprintf+0x424>
10004706:	2302      	movs	r3, #2
10004708:	0018      	movs	r0, r3
1000470a:	4010      	ands	r0, r2
1000470c:	900d      	str	r0, [sp, #52]	@ 0x34
1000470e:	4213      	tst	r3, r2
10004710:	d000      	beq.n	10004714 <_vsnprintf+0xbc8>
10004712:	e53e      	b.n	10004192 <_vsnprintf+0x646>
10004714:	4643      	mov	r3, r8
10004716:	2b00      	cmp	r3, #0
10004718:	d000      	beq.n	1000471c <_vsnprintf+0xbd0>
1000471a:	e642      	b.n	100043a2 <_vsnprintf+0x856>
1000471c:	f7ff fb71 	bl	10003e02 <_vsnprintf+0x2b6>
10004720:	3301      	adds	r3, #1
10004722:	930f      	str	r3, [sp, #60]	@ 0x3c
10004724:	e47f      	b.n	10004026 <_vsnprintf+0x4da>
10004726:	4663      	mov	r3, ip
10004728:	930d      	str	r3, [sp, #52]	@ 0x34
1000472a:	e7f3      	b.n	10004714 <_vsnprintf+0xbc8>

1000472c <vfctprintf>:
1000472c:	b510      	push	{r4, lr}
1000472e:	000c      	movs	r4, r1
10004730:	b084      	sub	sp, #16
10004732:	9403      	str	r4, [sp, #12]
10004734:	2401      	movs	r4, #1
10004736:	a902      	add	r1, sp, #8
10004738:	9002      	str	r0, [sp, #8]
1000473a:	9300      	str	r3, [sp, #0]
1000473c:	4803      	ldr	r0, [pc, #12]	@ (1000474c <vfctprintf+0x20>)
1000473e:	0013      	movs	r3, r2
10004740:	4262      	negs	r2, r4
10004742:	f7ff fa03 	bl	10003b4c <_vsnprintf>
10004746:	b004      	add	sp, #16
10004748:	bd10      	pop	{r4, pc}
1000474a:	46c0      	nop			@ (mov r8, r8)
1000474c:	10003119 	.word	0x10003119

10004750 <weak_raw_vprintf>:
10004750:	b510      	push	{r4, lr}
10004752:	4a09      	ldr	r2, [pc, #36]	@ (10004778 <weak_raw_vprintf+0x28>)
10004754:	0003      	movs	r3, r0
10004756:	6814      	ldr	r4, [r2, #0]
10004758:	b084      	sub	sp, #16
1000475a:	2c00      	cmp	r4, #0
1000475c:	d008      	beq.n	10004770 <weak_raw_vprintf+0x20>
1000475e:	2201      	movs	r2, #1
10004760:	9100      	str	r1, [sp, #0]
10004762:	4806      	ldr	r0, [pc, #24]	@ (1000477c <weak_raw_vprintf+0x2c>)
10004764:	4252      	negs	r2, r2
10004766:	a903      	add	r1, sp, #12
10004768:	47a0      	blx	r4
1000476a:	2001      	movs	r0, #1
1000476c:	b004      	add	sp, #16
1000476e:	bd10      	pop	{r4, pc}
10004770:	f000 f998 	bl	10004aa4 <__wrap_puts>
10004774:	2000      	movs	r0, #0
10004776:	e7f9      	b.n	1000476c <weak_raw_vprintf+0x1c>
10004778:	200021a4 	.word	0x200021a4
1000477c:	10003109 	.word	0x10003109

10004780 <_exit>:
10004780:	be00      	bkpt	0x0000
10004782:	e7fd      	b.n	10004780 <_exit>

10004784 <exit>:
10004784:	b510      	push	{r4, lr}
10004786:	f7ff fffb 	bl	10004780 <_exit>
1000478a:	46c0      	nop			@ (mov r8, r8)

1000478c <runtime_init>:
1000478c:	b570      	push	{r4, r5, r6, lr}
1000478e:	f7fd fb45 	bl	10001e1c <runtime_run_initializers>
10004792:	4d07      	ldr	r5, [pc, #28]	@ (100047b0 <runtime_init+0x24>)
10004794:	4e07      	ldr	r6, [pc, #28]	@ (100047b4 <runtime_init+0x28>)
10004796:	42b5      	cmp	r5, r6
10004798:	d209      	bcs.n	100047ae <runtime_init+0x22>
1000479a:	2400      	movs	r4, #0
1000479c:	3e01      	subs	r6, #1
1000479e:	1b76      	subs	r6, r6, r5
100047a0:	08b6      	lsrs	r6, r6, #2
100047a2:	cd08      	ldmia	r5!, {r3}
100047a4:	4798      	blx	r3
100047a6:	0023      	movs	r3, r4
100047a8:	3401      	adds	r4, #1
100047aa:	42b3      	cmp	r3, r6
100047ac:	d1f9      	bne.n	100047a2 <runtime_init+0x16>
100047ae:	bd70      	pop	{r4, r5, r6, pc}
100047b0:	10007784 	.word	0x10007784
100047b4:	1000778c 	.word	0x1000778c

100047b8 <stdio_out_chars_no_crlf>:
100047b8:	0003      	movs	r3, r0
100047ba:	b510      	push	{r4, lr}
100047bc:	0008      	movs	r0, r1
100047be:	0011      	movs	r1, r2
100047c0:	681b      	ldr	r3, [r3, #0]
100047c2:	4798      	blx	r3
100047c4:	bd10      	pop	{r4, pc}
100047c6:	46c0      	nop			@ (mov r8, r8)

100047c8 <stdio_out_chars_crlf>:
100047c8:	b5f0      	push	{r4, r5, r6, r7, lr}
100047ca:	46c6      	mov	lr, r8
100047cc:	b500      	push	{lr}
100047ce:	7d43      	ldrb	r3, [r0, #21]
100047d0:	0007      	movs	r7, r0
100047d2:	000c      	movs	r4, r1
100047d4:	0016      	movs	r6, r2
100047d6:	2b00      	cmp	r3, #0
100047d8:	d046      	beq.n	10004868 <stdio_out_chars_crlf+0xa0>
100047da:	2a00      	cmp	r2, #0
100047dc:	dd17      	ble.n	1000480e <stdio_out_chars_crlf+0x46>
100047de:	780b      	ldrb	r3, [r1, #0]
100047e0:	2b0a      	cmp	r3, #10
100047e2:	d024      	beq.n	1000482e <stdio_out_chars_crlf+0x66>
100047e4:	2300      	movs	r3, #0
100047e6:	4698      	mov	r8, r3
100047e8:	2e01      	cmp	r6, #1
100047ea:	d013      	beq.n	10004814 <stdio_out_chars_crlf+0x4c>
100047ec:	2501      	movs	r5, #1
100047ee:	0029      	movs	r1, r5
100047f0:	5c63      	ldrb	r3, [r4, r1]
100047f2:	3501      	adds	r5, #1
100047f4:	2b0a      	cmp	r3, #10
100047f6:	d026      	beq.n	10004846 <stdio_out_chars_crlf+0x7e>
100047f8:	42b5      	cmp	r5, r6
100047fa:	d1f8      	bne.n	100047ee <stdio_out_chars_crlf+0x26>
100047fc:	4546      	cmp	r6, r8
100047fe:	dc09      	bgt.n	10004814 <stdio_out_chars_crlf+0x4c>
10004800:	19a4      	adds	r4, r4, r6
10004802:	3c01      	subs	r4, #1
10004804:	7823      	ldrb	r3, [r4, #0]
10004806:	3b0d      	subs	r3, #13
10004808:	425a      	negs	r2, r3
1000480a:	4153      	adcs	r3, r2
1000480c:	753b      	strb	r3, [r7, #20]
1000480e:	bc80      	pop	{r7}
10004810:	46b8      	mov	r8, r7
10004812:	bdf0      	pop	{r4, r5, r6, r7, pc}
10004814:	4643      	mov	r3, r8
10004816:	18e0      	adds	r0, r4, r3
10004818:	19a4      	adds	r4, r4, r6
1000481a:	1af1      	subs	r1, r6, r3
1000481c:	3c01      	subs	r4, #1
1000481e:	683b      	ldr	r3, [r7, #0]
10004820:	4798      	blx	r3
10004822:	7823      	ldrb	r3, [r4, #0]
10004824:	3b0d      	subs	r3, #13
10004826:	425a      	negs	r2, r3
10004828:	4153      	adcs	r3, r2
1000482a:	753b      	strb	r3, [r7, #20]
1000482c:	e7ef      	b.n	1000480e <stdio_out_chars_crlf+0x46>
1000482e:	7d03      	ldrb	r3, [r0, #20]
10004830:	2b00      	cmp	r3, #0
10004832:	d1d7      	bne.n	100047e4 <stdio_out_chars_crlf+0x1c>
10004834:	2102      	movs	r1, #2
10004836:	480f      	ldr	r0, [pc, #60]	@ (10004874 <stdio_out_chars_crlf+0xac>)
10004838:	683b      	ldr	r3, [r7, #0]
1000483a:	4798      	blx	r3
1000483c:	2e01      	cmp	r6, #1
1000483e:	d0df      	beq.n	10004800 <stdio_out_chars_crlf+0x38>
10004840:	2301      	movs	r3, #1
10004842:	4698      	mov	r8, r3
10004844:	e7d2      	b.n	100047ec <stdio_out_chars_crlf+0x24>
10004846:	1e63      	subs	r3, r4, #1
10004848:	5c5b      	ldrb	r3, [r3, r1]
1000484a:	2b0d      	cmp	r3, #13
1000484c:	d0d4      	beq.n	100047f8 <stdio_out_chars_crlf+0x30>
1000484e:	4588      	cmp	r8, r1
10004850:	da04      	bge.n	1000485c <stdio_out_chars_crlf+0x94>
10004852:	4643      	mov	r3, r8
10004854:	1ac9      	subs	r1, r1, r3
10004856:	18e0      	adds	r0, r4, r3
10004858:	683b      	ldr	r3, [r7, #0]
1000485a:	4798      	blx	r3
1000485c:	2102      	movs	r1, #2
1000485e:	4805      	ldr	r0, [pc, #20]	@ (10004874 <stdio_out_chars_crlf+0xac>)
10004860:	683b      	ldr	r3, [r7, #0]
10004862:	46a8      	mov	r8, r5
10004864:	4798      	blx	r3
10004866:	e7c7      	b.n	100047f8 <stdio_out_chars_crlf+0x30>
10004868:	6803      	ldr	r3, [r0, #0]
1000486a:	0011      	movs	r1, r2
1000486c:	0020      	movs	r0, r4
1000486e:	4798      	blx	r3
10004870:	e7cd      	b.n	1000480e <stdio_out_chars_crlf+0x46>
10004872:	46c0      	nop			@ (mov r8, r8)
10004874:	10007d38 	.word	0x10007d38

10004878 <stdio_buffered_printer>:
10004878:	b5f0      	push	{r4, r5, r6, r7, lr}
1000487a:	46c6      	mov	lr, r8
1000487c:	680b      	ldr	r3, [r1, #0]
1000487e:	0006      	movs	r6, r0
10004880:	000c      	movs	r4, r1
10004882:	b500      	push	{lr}
10004884:	2b80      	cmp	r3, #128	@ 0x80
10004886:	d006      	beq.n	10004896 <stdio_buffered_printer+0x1e>
10004888:	1c5a      	adds	r2, r3, #1
1000488a:	6022      	str	r2, [r4, #0]
1000488c:	18e4      	adds	r4, r4, r3
1000488e:	7126      	strb	r6, [r4, #4]
10004890:	bc80      	pop	{r7}
10004892:	46b8      	mov	r8, r7
10004894:	bdf0      	pop	{r4, r5, r6, r7, pc}
10004896:	4b0f      	ldr	r3, [pc, #60]	@ (100048d4 <stdio_buffered_printer+0x5c>)
10004898:	681d      	ldr	r5, [r3, #0]
1000489a:	2d00      	cmp	r5, #0
1000489c:	d016      	beq.n	100048cc <stdio_buffered_printer+0x54>
1000489e:	1d0b      	adds	r3, r1, #4
100048a0:	4698      	mov	r8, r3
100048a2:	4f0d      	ldr	r7, [pc, #52]	@ (100048d8 <stdio_buffered_printer+0x60>)
100048a4:	e002      	b.n	100048ac <stdio_buffered_printer+0x34>
100048a6:	692d      	ldr	r5, [r5, #16]
100048a8:	2d00      	cmp	r5, #0
100048aa:	d00f      	beq.n	100048cc <stdio_buffered_printer+0x54>
100048ac:	682b      	ldr	r3, [r5, #0]
100048ae:	2b00      	cmp	r3, #0
100048b0:	d0f9      	beq.n	100048a6 <stdio_buffered_printer+0x2e>
100048b2:	683b      	ldr	r3, [r7, #0]
100048b4:	2b00      	cmp	r3, #0
100048b6:	d001      	beq.n	100048bc <stdio_buffered_printer+0x44>
100048b8:	42ab      	cmp	r3, r5
100048ba:	d1f4      	bne.n	100048a6 <stdio_buffered_printer+0x2e>
100048bc:	0028      	movs	r0, r5
100048be:	4641      	mov	r1, r8
100048c0:	6822      	ldr	r2, [r4, #0]
100048c2:	f7ff ff81 	bl	100047c8 <stdio_out_chars_crlf>
100048c6:	692d      	ldr	r5, [r5, #16]
100048c8:	2d00      	cmp	r5, #0
100048ca:	d1ef      	bne.n	100048ac <stdio_buffered_printer+0x34>
100048cc:	2201      	movs	r2, #1
100048ce:	2300      	movs	r3, #0
100048d0:	e7db      	b.n	1000488a <stdio_buffered_printer+0x12>
100048d2:	46c0      	nop			@ (mov r8, r8)
100048d4:	20001d98 	.word	0x20001d98
100048d8:	20001da0 	.word	0x20001da0

100048dc <stdio_put_string>:
100048dc:	b5f0      	push	{r4, r5, r6, r7, lr}
100048de:	4645      	mov	r5, r8
100048e0:	46de      	mov	lr, fp
100048e2:	464e      	mov	r6, r9
100048e4:	4657      	mov	r7, sl
100048e6:	b5e0      	push	{r5, r6, r7, lr}
100048e8:	b083      	sub	sp, #12
100048ea:	4691      	mov	r9, r2
100048ec:	001c      	movs	r4, r3
100048ee:	4680      	mov	r8, r0
100048f0:	000d      	movs	r5, r1
100048f2:	f7fc ff51 	bl	10001798 <time_us_64>
100048f6:	2300      	movs	r3, #0
100048f8:	4a30      	ldr	r2, [pc, #192]	@ (100049bc <stdio_put_string+0xe0>)
100048fa:	1812      	adds	r2, r2, r0
100048fc:	414b      	adcs	r3, r1
100048fe:	2b00      	cmp	r3, #0
10004900:	da02      	bge.n	10004908 <stdio_put_string+0x2c>
10004902:	2201      	movs	r2, #1
10004904:	4b2e      	ldr	r3, [pc, #184]	@ (100049c0 <stdio_put_string+0xe4>)
10004906:	4252      	negs	r2, r2
10004908:	492e      	ldr	r1, [pc, #184]	@ (100049c4 <stdio_put_string+0xe8>)
1000490a:	0008      	movs	r0, r1
1000490c:	468a      	mov	sl, r1
1000490e:	f002 fefb 	bl	10007708 <__mutex_try_enter_block_until_veneer>
10004912:	0007      	movs	r7, r0
10004914:	1c6b      	adds	r3, r5, #1
10004916:	d103      	bne.n	10004920 <stdio_put_string+0x44>
10004918:	4640      	mov	r0, r8
1000491a:	f002 fe7d 	bl	10007618 <strlen>
1000491e:	0005      	movs	r5, r0
10004920:	2c00      	cmp	r4, #0
10004922:	d027      	beq.n	10004974 <stdio_put_string+0x98>
10004924:	4e28      	ldr	r6, [pc, #160]	@ (100049c8 <stdio_put_string+0xec>)
10004926:	4b29      	ldr	r3, [pc, #164]	@ (100049cc <stdio_put_string+0xf0>)
10004928:	681c      	ldr	r4, [r3, #0]
1000492a:	2c00      	cmp	r4, #0
1000492c:	d018      	beq.n	10004960 <stdio_put_string+0x84>
1000492e:	464b      	mov	r3, r9
10004930:	2b00      	cmp	r3, #0
10004932:	d121      	bne.n	10004978 <stdio_put_string+0x9c>
10004934:	4b26      	ldr	r3, [pc, #152]	@ (100049d0 <stdio_put_string+0xf4>)
10004936:	4699      	mov	r9, r3
10004938:	e002      	b.n	10004940 <stdio_put_string+0x64>
1000493a:	6924      	ldr	r4, [r4, #16]
1000493c:	2c00      	cmp	r4, #0
1000493e:	d00f      	beq.n	10004960 <stdio_put_string+0x84>
10004940:	6823      	ldr	r3, [r4, #0]
10004942:	2b00      	cmp	r3, #0
10004944:	d0f9      	beq.n	1000493a <stdio_put_string+0x5e>
10004946:	464b      	mov	r3, r9
10004948:	681b      	ldr	r3, [r3, #0]
1000494a:	2b00      	cmp	r3, #0
1000494c:	d001      	beq.n	10004952 <stdio_put_string+0x76>
1000494e:	429c      	cmp	r4, r3
10004950:	d1f3      	bne.n	1000493a <stdio_put_string+0x5e>
10004952:	0020      	movs	r0, r4
10004954:	002a      	movs	r2, r5
10004956:	4641      	mov	r1, r8
10004958:	47b0      	blx	r6
1000495a:	6924      	ldr	r4, [r4, #16]
1000495c:	2c00      	cmp	r4, #0
1000495e:	d1ef      	bne.n	10004940 <stdio_put_string+0x64>
10004960:	2f00      	cmp	r7, #0
10004962:	d126      	bne.n	100049b2 <stdio_put_string+0xd6>
10004964:	0028      	movs	r0, r5
10004966:	b003      	add	sp, #12
10004968:	bcf0      	pop	{r4, r5, r6, r7}
1000496a:	46bb      	mov	fp, r7
1000496c:	46b2      	mov	sl, r6
1000496e:	46a9      	mov	r9, r5
10004970:	46a0      	mov	r8, r4
10004972:	bdf0      	pop	{r4, r5, r6, r7, pc}
10004974:	4e17      	ldr	r6, [pc, #92]	@ (100049d4 <stdio_put_string+0xf8>)
10004976:	e7d6      	b.n	10004926 <stdio_put_string+0x4a>
10004978:	4b15      	ldr	r3, [pc, #84]	@ (100049d0 <stdio_put_string+0xf4>)
1000497a:	4699      	mov	r9, r3
1000497c:	230a      	movs	r3, #10
1000497e:	469b      	mov	fp, r3
10004980:	e002      	b.n	10004988 <stdio_put_string+0xac>
10004982:	6924      	ldr	r4, [r4, #16]
10004984:	2c00      	cmp	r4, #0
10004986:	d0eb      	beq.n	10004960 <stdio_put_string+0x84>
10004988:	6823      	ldr	r3, [r4, #0]
1000498a:	2b00      	cmp	r3, #0
1000498c:	d0f9      	beq.n	10004982 <stdio_put_string+0xa6>
1000498e:	464b      	mov	r3, r9
10004990:	681b      	ldr	r3, [r3, #0]
10004992:	2b00      	cmp	r3, #0
10004994:	d001      	beq.n	1000499a <stdio_put_string+0xbe>
10004996:	42a3      	cmp	r3, r4
10004998:	d1f3      	bne.n	10004982 <stdio_put_string+0xa6>
1000499a:	002a      	movs	r2, r5
1000499c:	4641      	mov	r1, r8
1000499e:	0020      	movs	r0, r4
100049a0:	47b0      	blx	r6
100049a2:	466b      	mov	r3, sp
100049a4:	465a      	mov	r2, fp
100049a6:	0020      	movs	r0, r4
100049a8:	71da      	strb	r2, [r3, #7]
100049aa:	1dd9      	adds	r1, r3, #7
100049ac:	2201      	movs	r2, #1
100049ae:	47b0      	blx	r6
100049b0:	e7e7      	b.n	10004982 <stdio_put_string+0xa6>
100049b2:	4650      	mov	r0, sl
100049b4:	f002 fe78 	bl	100076a8 <__mutex_exit_veneer>
100049b8:	e7d4      	b.n	10004964 <stdio_put_string+0x88>
100049ba:	46c0      	nop			@ (mov r8, r8)
100049bc:	000f4240 	.word	0x000f4240
100049c0:	7fffffff 	.word	0x7fffffff
100049c4:	20001108 	.word	0x20001108
100049c8:	100047c9 	.word	0x100047c9
100049cc:	20001d98 	.word	0x20001d98
100049d0:	20001da0 	.word	0x20001da0
100049d4:	100047b9 	.word	0x100047b9

100049d8 <stdio_set_driver_enabled>:
100049d8:	4a0a      	ldr	r2, [pc, #40]	@ (10004a04 <stdio_set_driver_enabled+0x2c>)
100049da:	6813      	ldr	r3, [r2, #0]
100049dc:	2b00      	cmp	r3, #0
100049de:	d105      	bne.n	100049ec <stdio_set_driver_enabled+0x14>
100049e0:	e00c      	b.n	100049fc <stdio_set_driver_enabled+0x24>
100049e2:	001a      	movs	r2, r3
100049e4:	691b      	ldr	r3, [r3, #16]
100049e6:	3210      	adds	r2, #16
100049e8:	2b00      	cmp	r3, #0
100049ea:	d007      	beq.n	100049fc <stdio_set_driver_enabled+0x24>
100049ec:	4283      	cmp	r3, r0
100049ee:	d1f8      	bne.n	100049e2 <stdio_set_driver_enabled+0xa>
100049f0:	2900      	cmp	r1, #0
100049f2:	d102      	bne.n	100049fa <stdio_set_driver_enabled+0x22>
100049f4:	6918      	ldr	r0, [r3, #16]
100049f6:	6010      	str	r0, [r2, #0]
100049f8:	6119      	str	r1, [r3, #16]
100049fa:	4770      	bx	lr
100049fc:	2900      	cmp	r1, #0
100049fe:	d0fc      	beq.n	100049fa <stdio_set_driver_enabled+0x22>
10004a00:	6010      	str	r0, [r2, #0]
10004a02:	e7fa      	b.n	100049fa <stdio_set_driver_enabled+0x22>
10004a04:	20001d98 	.word	0x20001d98

10004a08 <stdio_init_all>:
10004a08:	b510      	push	{r4, lr}
10004a0a:	f000 faf1 	bl	10004ff0 <stdio_usb_init>
10004a0e:	bd10      	pop	{r4, pc}

10004a10 <__wrap_putchar>:
10004a10:	b5f0      	push	{r4, r5, r6, r7, lr}
10004a12:	46ce      	mov	lr, r9
10004a14:	4647      	mov	r7, r8
10004a16:	b580      	push	{r7, lr}
10004a18:	b083      	sub	sp, #12
10004a1a:	466b      	mov	r3, sp
10004a1c:	0006      	movs	r6, r0
10004a1e:	1ddd      	adds	r5, r3, #7
10004a20:	7028      	strb	r0, [r5, #0]
10004a22:	f7fc feb9 	bl	10001798 <time_us_64>
10004a26:	2300      	movs	r3, #0
10004a28:	4a19      	ldr	r2, [pc, #100]	@ (10004a90 <__wrap_putchar+0x80>)
10004a2a:	1812      	adds	r2, r2, r0
10004a2c:	414b      	adcs	r3, r1
10004a2e:	2b00      	cmp	r3, #0
10004a30:	da02      	bge.n	10004a38 <__wrap_putchar+0x28>
10004a32:	2201      	movs	r2, #1
10004a34:	4b17      	ldr	r3, [pc, #92]	@ (10004a94 <__wrap_putchar+0x84>)
10004a36:	4252      	negs	r2, r2
10004a38:	4917      	ldr	r1, [pc, #92]	@ (10004a98 <__wrap_putchar+0x88>)
10004a3a:	0008      	movs	r0, r1
10004a3c:	4688      	mov	r8, r1
10004a3e:	f002 fe63 	bl	10007708 <__mutex_try_enter_block_until_veneer>
10004a42:	4b16      	ldr	r3, [pc, #88]	@ (10004a9c <__wrap_putchar+0x8c>)
10004a44:	4681      	mov	r9, r0
10004a46:	681c      	ldr	r4, [r3, #0]
10004a48:	2c00      	cmp	r4, #0
10004a4a:	d014      	beq.n	10004a76 <__wrap_putchar+0x66>
10004a4c:	4f14      	ldr	r7, [pc, #80]	@ (10004aa0 <__wrap_putchar+0x90>)
10004a4e:	e002      	b.n	10004a56 <__wrap_putchar+0x46>
10004a50:	6924      	ldr	r4, [r4, #16]
10004a52:	2c00      	cmp	r4, #0
10004a54:	d00f      	beq.n	10004a76 <__wrap_putchar+0x66>
10004a56:	6823      	ldr	r3, [r4, #0]
10004a58:	2b00      	cmp	r3, #0
10004a5a:	d0f9      	beq.n	10004a50 <__wrap_putchar+0x40>
10004a5c:	683b      	ldr	r3, [r7, #0]
10004a5e:	2b00      	cmp	r3, #0
10004a60:	d001      	beq.n	10004a66 <__wrap_putchar+0x56>
10004a62:	429c      	cmp	r4, r3
10004a64:	d1f4      	bne.n	10004a50 <__wrap_putchar+0x40>
10004a66:	0020      	movs	r0, r4
10004a68:	2201      	movs	r2, #1
10004a6a:	0029      	movs	r1, r5
10004a6c:	f7ff feac 	bl	100047c8 <stdio_out_chars_crlf>
10004a70:	6924      	ldr	r4, [r4, #16]
10004a72:	2c00      	cmp	r4, #0
10004a74:	d1ef      	bne.n	10004a56 <__wrap_putchar+0x46>
10004a76:	464b      	mov	r3, r9
10004a78:	2b00      	cmp	r3, #0
10004a7a:	d105      	bne.n	10004a88 <__wrap_putchar+0x78>
10004a7c:	0030      	movs	r0, r6
10004a7e:	b003      	add	sp, #12
10004a80:	bcc0      	pop	{r6, r7}
10004a82:	46b9      	mov	r9, r7
10004a84:	46b0      	mov	r8, r6
10004a86:	bdf0      	pop	{r4, r5, r6, r7, pc}
10004a88:	4640      	mov	r0, r8
10004a8a:	f002 fe0d 	bl	100076a8 <__mutex_exit_veneer>
10004a8e:	e7f5      	b.n	10004a7c <__wrap_putchar+0x6c>
10004a90:	000f4240 	.word	0x000f4240
10004a94:	7fffffff 	.word	0x7fffffff
10004a98:	20001108 	.word	0x20001108
10004a9c:	20001d98 	.word	0x20001d98
10004aa0:	20001da0 	.word	0x20001da0

10004aa4 <__wrap_puts>:
10004aa4:	b570      	push	{r4, r5, r6, lr}
10004aa6:	0004      	movs	r4, r0
10004aa8:	f002 fdb6 	bl	10007618 <strlen>
10004aac:	2301      	movs	r3, #1
10004aae:	0001      	movs	r1, r0
10004ab0:	0005      	movs	r5, r0
10004ab2:	2201      	movs	r2, #1
10004ab4:	0020      	movs	r0, r4
10004ab6:	f7ff ff11 	bl	100048dc <stdio_put_string>
10004aba:	4b08      	ldr	r3, [pc, #32]	@ (10004adc <__wrap_puts+0x38>)
10004abc:	681c      	ldr	r4, [r3, #0]
10004abe:	2c00      	cmp	r4, #0
10004ac0:	d006      	beq.n	10004ad0 <__wrap_puts+0x2c>
10004ac2:	6863      	ldr	r3, [r4, #4]
10004ac4:	2b00      	cmp	r3, #0
10004ac6:	d005      	beq.n	10004ad4 <__wrap_puts+0x30>
10004ac8:	4798      	blx	r3
10004aca:	6924      	ldr	r4, [r4, #16]
10004acc:	2c00      	cmp	r4, #0
10004ace:	d1f8      	bne.n	10004ac2 <__wrap_puts+0x1e>
10004ad0:	0028      	movs	r0, r5
10004ad2:	bd70      	pop	{r4, r5, r6, pc}
10004ad4:	6924      	ldr	r4, [r4, #16]
10004ad6:	2c00      	cmp	r4, #0
10004ad8:	d1f3      	bne.n	10004ac2 <__wrap_puts+0x1e>
10004ada:	e7f9      	b.n	10004ad0 <__wrap_puts+0x2c>
10004adc:	20001d98 	.word	0x20001d98

10004ae0 <__wrap_vprintf>:
10004ae0:	b5f0      	push	{r4, r5, r6, r7, lr}
10004ae2:	46ce      	mov	lr, r9
10004ae4:	4647      	mov	r7, r8
10004ae6:	b580      	push	{r7, lr}
10004ae8:	b0a3      	sub	sp, #140	@ 0x8c
10004aea:	0004      	movs	r4, r0
10004aec:	000d      	movs	r5, r1
10004aee:	f7fc fe53 	bl	10001798 <time_us_64>
10004af2:	2300      	movs	r3, #0
10004af4:	4a27      	ldr	r2, [pc, #156]	@ (10004b94 <__wrap_vprintf+0xb4>)
10004af6:	1812      	adds	r2, r2, r0
10004af8:	414b      	adcs	r3, r1
10004afa:	2b00      	cmp	r3, #0
10004afc:	da02      	bge.n	10004b04 <__wrap_vprintf+0x24>
10004afe:	2201      	movs	r2, #1
10004b00:	4b25      	ldr	r3, [pc, #148]	@ (10004b98 <__wrap_vprintf+0xb8>)
10004b02:	4252      	negs	r2, r2
10004b04:	4e25      	ldr	r6, [pc, #148]	@ (10004b9c <__wrap_vprintf+0xbc>)
10004b06:	0030      	movs	r0, r6
10004b08:	f002 fdfe 	bl	10007708 <__mutex_try_enter_block_until_veneer>
10004b0c:	2300      	movs	r3, #0
10004b0e:	0022      	movs	r2, r4
10004b10:	9301      	str	r3, [sp, #4]
10004b12:	0007      	movs	r7, r0
10004b14:	002b      	movs	r3, r5
10004b16:	4822      	ldr	r0, [pc, #136]	@ (10004ba0 <__wrap_vprintf+0xc0>)
10004b18:	a901      	add	r1, sp, #4
10004b1a:	f7ff fe07 	bl	1000472c <vfctprintf>
10004b1e:	4b21      	ldr	r3, [pc, #132]	@ (10004ba4 <__wrap_vprintf+0xc4>)
10004b20:	4680      	mov	r8, r0
10004b22:	4699      	mov	r9, r3
10004b24:	681c      	ldr	r4, [r3, #0]
10004b26:	9b01      	ldr	r3, [sp, #4]
10004b28:	2b00      	cmp	r3, #0
10004b2a:	d01a      	beq.n	10004b62 <__wrap_vprintf+0x82>
10004b2c:	2c00      	cmp	r4, #0
10004b2e:	d02f      	beq.n	10004b90 <__wrap_vprintf+0xb0>
10004b30:	4d1d      	ldr	r5, [pc, #116]	@ (10004ba8 <__wrap_vprintf+0xc8>)
10004b32:	e002      	b.n	10004b3a <__wrap_vprintf+0x5a>
10004b34:	6924      	ldr	r4, [r4, #16]
10004b36:	2c00      	cmp	r4, #0
10004b38:	d00f      	beq.n	10004b5a <__wrap_vprintf+0x7a>
10004b3a:	6823      	ldr	r3, [r4, #0]
10004b3c:	2b00      	cmp	r3, #0
10004b3e:	d0f9      	beq.n	10004b34 <__wrap_vprintf+0x54>
10004b40:	682b      	ldr	r3, [r5, #0]
10004b42:	2b00      	cmp	r3, #0
10004b44:	d001      	beq.n	10004b4a <__wrap_vprintf+0x6a>
10004b46:	42a3      	cmp	r3, r4
10004b48:	d1f4      	bne.n	10004b34 <__wrap_vprintf+0x54>
10004b4a:	0020      	movs	r0, r4
10004b4c:	9a01      	ldr	r2, [sp, #4]
10004b4e:	a902      	add	r1, sp, #8
10004b50:	f7ff fe3a 	bl	100047c8 <stdio_out_chars_crlf>
10004b54:	6924      	ldr	r4, [r4, #16]
10004b56:	2c00      	cmp	r4, #0
10004b58:	d1ef      	bne.n	10004b3a <__wrap_vprintf+0x5a>
10004b5a:	464b      	mov	r3, r9
10004b5c:	681c      	ldr	r4, [r3, #0]
10004b5e:	2300      	movs	r3, #0
10004b60:	9301      	str	r3, [sp, #4]
10004b62:	2c00      	cmp	r4, #0
10004b64:	d006      	beq.n	10004b74 <__wrap_vprintf+0x94>
10004b66:	6863      	ldr	r3, [r4, #4]
10004b68:	2b00      	cmp	r3, #0
10004b6a:	d00b      	beq.n	10004b84 <__wrap_vprintf+0xa4>
10004b6c:	4798      	blx	r3
10004b6e:	6924      	ldr	r4, [r4, #16]
10004b70:	2c00      	cmp	r4, #0
10004b72:	d1f8      	bne.n	10004b66 <__wrap_vprintf+0x86>
10004b74:	2f00      	cmp	r7, #0
10004b76:	d107      	bne.n	10004b88 <__wrap_vprintf+0xa8>
10004b78:	4640      	mov	r0, r8
10004b7a:	b023      	add	sp, #140	@ 0x8c
10004b7c:	bcc0      	pop	{r6, r7}
10004b7e:	46b9      	mov	r9, r7
10004b80:	46b0      	mov	r8, r6
10004b82:	bdf0      	pop	{r4, r5, r6, r7, pc}
10004b84:	6924      	ldr	r4, [r4, #16]
10004b86:	e7ec      	b.n	10004b62 <__wrap_vprintf+0x82>
10004b88:	0030      	movs	r0, r6
10004b8a:	f002 fd8d 	bl	100076a8 <__mutex_exit_veneer>
10004b8e:	e7f3      	b.n	10004b78 <__wrap_vprintf+0x98>
10004b90:	9401      	str	r4, [sp, #4]
10004b92:	e7ef      	b.n	10004b74 <__wrap_vprintf+0x94>
10004b94:	000f4240 	.word	0x000f4240
10004b98:	7fffffff 	.word	0x7fffffff
10004b9c:	20001108 	.word	0x20001108
10004ba0:	10004879 	.word	0x10004879
10004ba4:	20001d98 	.word	0x20001d98
10004ba8:	20001da0 	.word	0x20001da0

10004bac <__wrap_printf>:
10004bac:	b40f      	push	{r0, r1, r2, r3}
10004bae:	b500      	push	{lr}
10004bb0:	b083      	sub	sp, #12
10004bb2:	a904      	add	r1, sp, #16
10004bb4:	c901      	ldmia	r1!, {r0}
10004bb6:	9101      	str	r1, [sp, #4]
10004bb8:	f7ff ff92 	bl	10004ae0 <__wrap_vprintf>
10004bbc:	b003      	add	sp, #12
10004bbe:	bc08      	pop	{r3}
10004bc0:	b004      	add	sp, #16
10004bc2:	4718      	bx	r3

10004bc4 <resetd_init>:
10004bc4:	4770      	bx	lr
10004bc6:	46c0      	nop			@ (mov r8, r8)

10004bc8 <resetd_reset>:
10004bc8:	2200      	movs	r2, #0
10004bca:	4b01      	ldr	r3, [pc, #4]	@ (10004bd0 <resetd_reset+0x8>)
10004bcc:	701a      	strb	r2, [r3, #0]
10004bce:	4770      	bx	lr
10004bd0:	20002215 	.word	0x20002215

10004bd4 <resetd_open>:
10004bd4:	794b      	ldrb	r3, [r1, #5]
10004bd6:	2000      	movs	r0, #0
10004bd8:	2bff      	cmp	r3, #255	@ 0xff
10004bda:	d10b      	bne.n	10004bf4 <resetd_open+0x20>
10004bdc:	798b      	ldrb	r3, [r1, #6]
10004bde:	2b00      	cmp	r3, #0
10004be0:	d108      	bne.n	10004bf4 <resetd_open+0x20>
10004be2:	79cb      	ldrb	r3, [r1, #7]
10004be4:	2b01      	cmp	r3, #1
10004be6:	d105      	bne.n	10004bf4 <resetd_open+0x20>
10004be8:	2a08      	cmp	r2, #8
10004bea:	d903      	bls.n	10004bf4 <resetd_open+0x20>
10004bec:	4b02      	ldr	r3, [pc, #8]	@ (10004bf8 <resetd_open+0x24>)
10004bee:	788a      	ldrb	r2, [r1, #2]
10004bf0:	3009      	adds	r0, #9
10004bf2:	701a      	strb	r2, [r3, #0]
10004bf4:	4770      	bx	lr
10004bf6:	46c0      	nop			@ (mov r8, r8)
10004bf8:	20002215 	.word	0x20002215

10004bfc <resetd_xfer_cb>:
10004bfc:	2001      	movs	r0, #1
10004bfe:	4770      	bx	lr

10004c00 <resetd_control_xfer_cb>:
10004c00:	b510      	push	{r4, lr}
10004c02:	2901      	cmp	r1, #1
10004c04:	d113      	bne.n	10004c2e <resetd_control_xfer_cb+0x2e>
10004c06:	4912      	ldr	r1, [pc, #72]	@ (10004c50 <resetd_control_xfer_cb+0x50>)
10004c08:	7953      	ldrb	r3, [r2, #5]
10004c0a:	7910      	ldrb	r0, [r2, #4]
10004c0c:	7809      	ldrb	r1, [r1, #0]
10004c0e:	021b      	lsls	r3, r3, #8
10004c10:	4303      	orrs	r3, r0
10004c12:	2000      	movs	r0, #0
10004c14:	4299      	cmp	r1, r3
10004c16:	d000      	beq.n	10004c1a <resetd_control_xfer_cb+0x1a>
10004c18:	bd10      	pop	{r4, pc}
10004c1a:	7853      	ldrb	r3, [r2, #1]
10004c1c:	2b01      	cmp	r3, #1
10004c1e:	d008      	beq.n	10004c32 <resetd_control_xfer_cb+0x32>
10004c20:	2b02      	cmp	r3, #2
10004c22:	d1f9      	bne.n	10004c18 <resetd_control_xfer_cb+0x18>
10004c24:	2264      	movs	r2, #100	@ 0x64
10004c26:	2100      	movs	r1, #0
10004c28:	2000      	movs	r0, #0
10004c2a:	f7fd f841 	bl	10001cb0 <watchdog_reboot>
10004c2e:	2001      	movs	r0, #1
10004c30:	e7f2      	b.n	10004c18 <resetd_control_xfer_cb+0x18>
10004c32:	78d3      	ldrb	r3, [r2, #3]
10004c34:	7891      	ldrb	r1, [r2, #2]
10004c36:	021b      	lsls	r3, r3, #8
10004c38:	4319      	orrs	r1, r3
10004c3a:	0a48      	lsrs	r0, r1, #9
10004c3c:	05db      	lsls	r3, r3, #23
10004c3e:	d401      	bmi.n	10004c44 <resetd_control_xfer_cb+0x44>
10004c40:	2001      	movs	r0, #1
10004c42:	4240      	negs	r0, r0
10004c44:	237f      	movs	r3, #127	@ 0x7f
10004c46:	058a      	lsls	r2, r1, #22
10004c48:	0fd2      	lsrs	r2, r2, #31
10004c4a:	4019      	ands	r1, r3
10004c4c:	f7fd f8b8 	bl	10001dc0 <rom_reset_usb_boot_extra>
10004c50:	20002215 	.word	0x20002215

10004c54 <tud_descriptor_bos_cb>:
10004c54:	4800      	ldr	r0, [pc, #0]	@ (10004c58 <tud_descriptor_bos_cb+0x4>)
10004c56:	4770      	bx	lr
10004c58:	10007e04 	.word	0x10007e04

10004c5c <tud_vendor_control_xfer_cb>:
10004c5c:	b570      	push	{r4, r5, r6, lr}
10004c5e:	0005      	movs	r5, r0
10004c60:	0014      	movs	r4, r2
10004c62:	2001      	movs	r0, #1
10004c64:	2901      	cmp	r1, #1
10004c66:	d109      	bne.n	10004c7c <tud_vendor_control_xfer_cb+0x20>
10004c68:	7853      	ldrb	r3, [r2, #1]
10004c6a:	2000      	movs	r0, #0
10004c6c:	2b01      	cmp	r3, #1
10004c6e:	d105      	bne.n	10004c7c <tud_vendor_control_xfer_cb+0x20>
10004c70:	7963      	ldrb	r3, [r4, #5]
10004c72:	7912      	ldrb	r2, [r2, #4]
10004c74:	021b      	lsls	r3, r3, #8
10004c76:	4313      	orrs	r3, r2
10004c78:	2b07      	cmp	r3, #7
10004c7a:	d000      	beq.n	10004c7e <tud_vendor_control_xfer_cb+0x22>
10004c7c:	bd70      	pop	{r4, r5, r6, pc}
10004c7e:	0021      	movs	r1, r4
10004c80:	0028      	movs	r0, r5
10004c82:	4a02      	ldr	r2, [pc, #8]	@ (10004c8c <tud_vendor_control_xfer_cb+0x30>)
10004c84:	339f      	adds	r3, #159	@ 0x9f
10004c86:	f001 fa55 	bl	10006134 <tud_control_xfer>
10004c8a:	e7f7      	b.n	10004c7c <tud_vendor_control_xfer_cb+0x20>
10004c8c:	10007d5c 	.word	0x10007d5c

10004c90 <usbd_app_driver_get_cb>:
10004c90:	2301      	movs	r3, #1
10004c92:	7003      	strb	r3, [r0, #0]
10004c94:	4800      	ldr	r0, [pc, #0]	@ (10004c98 <usbd_app_driver_get_cb+0x8>)
10004c96:	4770      	bx	lr
10004c98:	10007d3c 	.word	0x10007d3c

10004c9c <tud_cdc_line_coding_cb>:
10004c9c:	784b      	ldrb	r3, [r1, #1]
10004c9e:	780a      	ldrb	r2, [r1, #0]
10004ca0:	021b      	lsls	r3, r3, #8
10004ca2:	4313      	orrs	r3, r2
10004ca4:	788a      	ldrb	r2, [r1, #2]
10004ca6:	b510      	push	{r4, lr}
10004ca8:	0412      	lsls	r2, r2, #16
10004caa:	431a      	orrs	r2, r3
10004cac:	78cb      	ldrb	r3, [r1, #3]
10004cae:	061b      	lsls	r3, r3, #24
10004cb0:	4313      	orrs	r3, r2
10004cb2:	2296      	movs	r2, #150	@ 0x96
10004cb4:	00d2      	lsls	r2, r2, #3
10004cb6:	4293      	cmp	r3, r2
10004cb8:	d000      	beq.n	10004cbc <tud_cdc_line_coding_cb+0x20>
10004cba:	bd10      	pop	{r4, pc}
10004cbc:	2200      	movs	r2, #0
10004cbe:	2001      	movs	r0, #1
10004cc0:	0011      	movs	r1, r2
10004cc2:	4240      	negs	r0, r0
10004cc4:	f7fd f87c 	bl	10001dc0 <rom_reset_usb_boot_extra>

10004cc8 <stdio_usb_set_chars_available_callback>:
10004cc8:	4b02      	ldr	r3, [pc, #8]	@ (10004cd4 <stdio_usb_set_chars_available_callback+0xc>)
10004cca:	6018      	str	r0, [r3, #0]
10004ccc:	4b02      	ldr	r3, [pc, #8]	@ (10004cd8 <stdio_usb_set_chars_available_callback+0x10>)
10004cce:	6019      	str	r1, [r3, #0]
10004cd0:	4770      	bx	lr
10004cd2:	46c0      	nop			@ (mov r8, r8)
10004cd4:	20001d38 	.word	0x20001d38
10004cd8:	20001d3c 	.word	0x20001d3c

10004cdc <usb_irq>:
10004cdc:	b510      	push	{r4, lr}
10004cde:	4b02      	ldr	r3, [pc, #8]	@ (10004ce8 <usb_irq+0xc>)
10004ce0:	7818      	ldrb	r0, [r3, #0]
10004ce2:	f7fb ff39 	bl	10000b58 <irq_set_pending>
10004ce6:	bd10      	pop	{r4, pc}
10004ce8:	20002216 	.word	0x20002216

10004cec <timer_task>:
10004cec:	4b15      	ldr	r3, [pc, #84]	@ (10004d44 <timer_task+0x58>)
10004cee:	b570      	push	{r4, r5, r6, lr}
10004cf0:	681a      	ldr	r2, [r3, #0]
10004cf2:	2a00      	cmp	r2, #0
10004cf4:	d022      	beq.n	10004d3c <timer_task+0x50>
10004cf6:	f3ef 8110 	mrs	r1, PRIMASK
10004cfa:	b672      	cpsid	i
10004cfc:	6810      	ldr	r0, [r2, #0]
10004cfe:	2800      	cmp	r0, #0
10004d00:	d0fc      	beq.n	10004cfc <timer_task+0x10>
10004d02:	f3bf 8f5f 	dmb	sy
10004d06:	2000      	movs	r0, #0
10004d08:	4a0f      	ldr	r2, [pc, #60]	@ (10004d48 <timer_task+0x5c>)
10004d0a:	6059      	str	r1, [r3, #4]
10004d0c:	7010      	strb	r0, [r2, #0]
10004d0e:	681b      	ldr	r3, [r3, #0]
10004d10:	f3bf 8f5f 	dmb	sy
10004d14:	6018      	str	r0, [r3, #0]
10004d16:	f381 8810 	msr	PRIMASK, r1
10004d1a:	2400      	movs	r4, #0
10004d1c:	2500      	movs	r5, #0
10004d1e:	4e0b      	ldr	r6, [pc, #44]	@ (10004d4c <timer_task+0x60>)
10004d20:	7830      	ldrb	r0, [r6, #0]
10004d22:	f7fb ff0d 	bl	10000b40 <irq_is_enabled>
10004d26:	2800      	cmp	r0, #0
10004d28:	d104      	bne.n	10004d34 <timer_task+0x48>
10004d2a:	2400      	movs	r4, #0
10004d2c:	2500      	movs	r5, #0
10004d2e:	0029      	movs	r1, r5
10004d30:	0020      	movs	r0, r4
10004d32:	bd70      	pop	{r4, r5, r6, pc}
10004d34:	7830      	ldrb	r0, [r6, #0]
10004d36:	f7fb ff0f 	bl	10000b58 <irq_set_pending>
10004d3a:	e7f8      	b.n	10004d2e <timer_task+0x42>
10004d3c:	24fa      	movs	r4, #250	@ 0xfa
10004d3e:	2500      	movs	r5, #0
10004d40:	00a4      	lsls	r4, r4, #2
10004d42:	e7ec      	b.n	10004d1e <timer_task+0x32>
10004d44:	200021c8 	.word	0x200021c8
10004d48:	20002217 	.word	0x20002217
10004d4c:	20002216 	.word	0x20002216

10004d50 <stdio_usb_in_chars>:
10004d50:	b570      	push	{r4, r5, r6, lr}
10004d52:	0004      	movs	r4, r0
10004d54:	2000      	movs	r0, #0
10004d56:	000e      	movs	r6, r1
10004d58:	f001 fb0a 	bl	10006370 <tud_cdc_n_connected>
10004d5c:	2800      	cmp	r0, #0
10004d5e:	d034      	beq.n	10004dca <stdio_usb_in_chars+0x7a>
10004d60:	2000      	movs	r0, #0
10004d62:	f001 fb31 	bl	100063c8 <tud_cdc_n_available>
10004d66:	2800      	cmp	r0, #0
10004d68:	d02f      	beq.n	10004dca <stdio_usb_in_chars+0x7a>
10004d6a:	f7fc fd15 	bl	10001798 <time_us_64>
10004d6e:	2300      	movs	r3, #0
10004d70:	4a17      	ldr	r2, [pc, #92]	@ (10004dd0 <stdio_usb_in_chars+0x80>)
10004d72:	1812      	adds	r2, r2, r0
10004d74:	414b      	adcs	r3, r1
10004d76:	2b00      	cmp	r3, #0
10004d78:	db16      	blt.n	10004da8 <stdio_usb_in_chars+0x58>
10004d7a:	4d16      	ldr	r5, [pc, #88]	@ (10004dd4 <stdio_usb_in_chars+0x84>)
10004d7c:	0028      	movs	r0, r5
10004d7e:	f002 fcc3 	bl	10007708 <__mutex_try_enter_block_until_veneer>
10004d82:	2800      	cmp	r0, #0
10004d84:	d021      	beq.n	10004dca <stdio_usb_in_chars+0x7a>
10004d86:	2000      	movs	r0, #0
10004d88:	f001 faf2 	bl	10006370 <tud_cdc_n_connected>
10004d8c:	2800      	cmp	r0, #0
10004d8e:	d10f      	bne.n	10004db0 <stdio_usb_in_chars+0x60>
10004d90:	2001      	movs	r0, #1
10004d92:	2100      	movs	r1, #0
10004d94:	4240      	negs	r0, r0
10004d96:	f000 fd01 	bl	1000579c <tud_task_ext>
10004d9a:	2403      	movs	r4, #3
10004d9c:	4264      	negs	r4, r4
10004d9e:	0028      	movs	r0, r5
10004da0:	f002 fc82 	bl	100076a8 <__mutex_exit_veneer>
10004da4:	0020      	movs	r0, r4
10004da6:	bd70      	pop	{r4, r5, r6, pc}
10004da8:	2201      	movs	r2, #1
10004daa:	4b0b      	ldr	r3, [pc, #44]	@ (10004dd8 <stdio_usb_in_chars+0x88>)
10004dac:	4252      	negs	r2, r2
10004dae:	e7e4      	b.n	10004d7a <stdio_usb_in_chars+0x2a>
10004db0:	2000      	movs	r0, #0
10004db2:	f001 fb09 	bl	100063c8 <tud_cdc_n_available>
10004db6:	2800      	cmp	r0, #0
10004db8:	d0ea      	beq.n	10004d90 <stdio_usb_in_chars+0x40>
10004dba:	0021      	movs	r1, r4
10004dbc:	0032      	movs	r2, r6
10004dbe:	2000      	movs	r0, #0
10004dc0:	f001 fb0c 	bl	100063dc <tud_cdc_n_read>
10004dc4:	1e04      	subs	r4, r0, #0
10004dc6:	d1ea      	bne.n	10004d9e <stdio_usb_in_chars+0x4e>
10004dc8:	e7e7      	b.n	10004d9a <stdio_usb_in_chars+0x4a>
10004dca:	2403      	movs	r4, #3
10004dcc:	4264      	negs	r4, r4
10004dce:	e7e9      	b.n	10004da4 <stdio_usb_in_chars+0x54>
10004dd0:	000f4240 	.word	0x000f4240
10004dd4:	200021f0 	.word	0x200021f0
10004dd8:	7fffffff 	.word	0x7fffffff

10004ddc <stdio_usb_out_flush>:
10004ddc:	b510      	push	{r4, lr}
10004dde:	f7fc fcdb 	bl	10001798 <time_us_64>
10004de2:	2300      	movs	r3, #0
10004de4:	4a0d      	ldr	r2, [pc, #52]	@ (10004e1c <stdio_usb_out_flush+0x40>)
10004de6:	1812      	adds	r2, r2, r0
10004de8:	414b      	adcs	r3, r1
10004dea:	2b00      	cmp	r3, #0
10004dec:	da02      	bge.n	10004df4 <stdio_usb_out_flush+0x18>
10004dee:	2201      	movs	r2, #1
10004df0:	4b0b      	ldr	r3, [pc, #44]	@ (10004e20 <stdio_usb_out_flush+0x44>)
10004df2:	4252      	negs	r2, r2
10004df4:	4c0b      	ldr	r4, [pc, #44]	@ (10004e24 <stdio_usb_out_flush+0x48>)
10004df6:	0020      	movs	r0, r4
10004df8:	f002 fc86 	bl	10007708 <__mutex_try_enter_block_until_veneer>
10004dfc:	2800      	cmp	r0, #0
10004dfe:	d00c      	beq.n	10004e1a <stdio_usb_out_flush+0x3e>
10004e00:	2001      	movs	r0, #1
10004e02:	2100      	movs	r1, #0
10004e04:	4240      	negs	r0, r0
10004e06:	f000 fcc9 	bl	1000579c <tud_task_ext>
10004e0a:	2000      	movs	r0, #0
10004e0c:	f001 fb2a 	bl	10006464 <tud_cdc_n_write_flush>
10004e10:	2800      	cmp	r0, #0
10004e12:	d1f5      	bne.n	10004e00 <stdio_usb_out_flush+0x24>
10004e14:	0020      	movs	r0, r4
10004e16:	f002 fc47 	bl	100076a8 <__mutex_exit_veneer>
10004e1a:	bd10      	pop	{r4, pc}
10004e1c:	000f4240 	.word	0x000f4240
10004e20:	7fffffff 	.word	0x7fffffff
10004e24:	200021f0 	.word	0x200021f0

10004e28 <stdio_usb_out_chars>:
10004e28:	b5f8      	push	{r3, r4, r5, r6, r7, lr}
10004e2a:	46de      	mov	lr, fp
10004e2c:	4657      	mov	r7, sl
10004e2e:	b580      	push	{r7, lr}
10004e30:	0005      	movs	r5, r0
10004e32:	000c      	movs	r4, r1
10004e34:	f7fc fcb0 	bl	10001798 <time_us_64>
10004e38:	2300      	movs	r3, #0
10004e3a:	4a36      	ldr	r2, [pc, #216]	@ (10004f14 <stdio_usb_out_chars+0xec>)
10004e3c:	1812      	adds	r2, r2, r0
10004e3e:	414b      	adcs	r3, r1
10004e40:	2b00      	cmp	r3, #0
10004e42:	da02      	bge.n	10004e4a <stdio_usb_out_chars+0x22>
10004e44:	2201      	movs	r2, #1
10004e46:	4b34      	ldr	r3, [pc, #208]	@ (10004f18 <stdio_usb_out_chars+0xf0>)
10004e48:	4252      	negs	r2, r2
10004e4a:	4934      	ldr	r1, [pc, #208]	@ (10004f1c <stdio_usb_out_chars+0xf4>)
10004e4c:	0008      	movs	r0, r1
10004e4e:	468a      	mov	sl, r1
10004e50:	f002 fc5a 	bl	10007708 <__mutex_try_enter_block_until_veneer>
10004e54:	2800      	cmp	r0, #0
10004e56:	d103      	bne.n	10004e60 <stdio_usb_out_chars+0x38>
10004e58:	bcc0      	pop	{r6, r7}
10004e5a:	46bb      	mov	fp, r7
10004e5c:	46b2      	mov	sl, r6
10004e5e:	bdf8      	pop	{r3, r4, r5, r6, r7, pc}
10004e60:	2000      	movs	r0, #0
10004e62:	f001 fa85 	bl	10006370 <tud_cdc_n_connected>
10004e66:	2800      	cmp	r0, #0
10004e68:	d04a      	beq.n	10004f00 <stdio_usb_out_chars+0xd8>
10004e6a:	2600      	movs	r6, #0
10004e6c:	2c00      	cmp	r4, #0
10004e6e:	dd43      	ble.n	10004ef8 <stdio_usb_out_chars+0xd0>
10004e70:	4b2b      	ldr	r3, [pc, #172]	@ (10004f20 <stdio_usb_out_chars+0xf8>)
10004e72:	469b      	mov	fp, r3
10004e74:	e014      	b.n	10004ea0 <stdio_usb_out_chars+0x78>
10004e76:	19a9      	adds	r1, r5, r6
10004e78:	2000      	movs	r0, #0
10004e7a:	f001 fb2d 	bl	100064d8 <tud_cdc_n_write>
10004e7e:	0007      	movs	r7, r0
10004e80:	2001      	movs	r0, #1
10004e82:	2100      	movs	r1, #0
10004e84:	4240      	negs	r0, r0
10004e86:	f000 fc89 	bl	1000579c <tud_task_ext>
10004e8a:	2000      	movs	r0, #0
10004e8c:	f001 faea 	bl	10006464 <tud_cdc_n_write_flush>
10004e90:	f7fc fc82 	bl	10001798 <time_us_64>
10004e94:	4b22      	ldr	r3, [pc, #136]	@ (10004f20 <stdio_usb_out_chars+0xf8>)
10004e96:	19f6      	adds	r6, r6, r7
10004e98:	6018      	str	r0, [r3, #0]
10004e9a:	6059      	str	r1, [r3, #4]
10004e9c:	42b4      	cmp	r4, r6
10004e9e:	dd2b      	ble.n	10004ef8 <stdio_usb_out_chars+0xd0>
10004ea0:	2000      	movs	r0, #0
10004ea2:	f001 fb39 	bl	10006518 <tud_cdc_n_write_available>
10004ea6:	1ba7      	subs	r7, r4, r6
10004ea8:	0002      	movs	r2, r0
10004eaa:	42b8      	cmp	r0, r7
10004eac:	dd00      	ble.n	10004eb0 <stdio_usb_out_chars+0x88>
10004eae:	003a      	movs	r2, r7
10004eb0:	2a00      	cmp	r2, #0
10004eb2:	d1e0      	bne.n	10004e76 <stdio_usb_out_chars+0x4e>
10004eb4:	2001      	movs	r0, #1
10004eb6:	2100      	movs	r1, #0
10004eb8:	4240      	negs	r0, r0
10004eba:	f000 fc6f 	bl	1000579c <tud_task_ext>
10004ebe:	2000      	movs	r0, #0
10004ec0:	f001 fad0 	bl	10006464 <tud_cdc_n_write_flush>
10004ec4:	2000      	movs	r0, #0
10004ec6:	f001 fa53 	bl	10006370 <tud_cdc_n_connected>
10004eca:	2800      	cmp	r0, #0
10004ecc:	d014      	beq.n	10004ef8 <stdio_usb_out_chars+0xd0>
10004ece:	2000      	movs	r0, #0
10004ed0:	f001 fb22 	bl	10006518 <tud_cdc_n_write_available>
10004ed4:	2800      	cmp	r0, #0
10004ed6:	d1e1      	bne.n	10004e9c <stdio_usb_out_chars+0x74>
10004ed8:	f7fc fc5e 	bl	10001798 <time_us_64>
10004edc:	465b      	mov	r3, fp
10004ede:	000f      	movs	r7, r1
10004ee0:	681a      	ldr	r2, [r3, #0]
10004ee2:	685b      	ldr	r3, [r3, #4]
10004ee4:	2100      	movs	r1, #0
10004ee6:	4684      	mov	ip, r0
10004ee8:	480e      	ldr	r0, [pc, #56]	@ (10004f24 <stdio_usb_out_chars+0xfc>)
10004eea:	1812      	adds	r2, r2, r0
10004eec:	414b      	adcs	r3, r1
10004eee:	429f      	cmp	r7, r3
10004ef0:	d802      	bhi.n	10004ef8 <stdio_usb_out_chars+0xd0>
10004ef2:	d1d3      	bne.n	10004e9c <stdio_usb_out_chars+0x74>
10004ef4:	4594      	cmp	ip, r2
10004ef6:	d9d1      	bls.n	10004e9c <stdio_usb_out_chars+0x74>
10004ef8:	4650      	mov	r0, sl
10004efa:	f002 fbd5 	bl	100076a8 <__mutex_exit_veneer>
10004efe:	e7ab      	b.n	10004e58 <stdio_usb_out_chars+0x30>
10004f00:	2000      	movs	r0, #0
10004f02:	2100      	movs	r1, #0
10004f04:	4b06      	ldr	r3, [pc, #24]	@ (10004f20 <stdio_usb_out_chars+0xf8>)
10004f06:	6018      	str	r0, [r3, #0]
10004f08:	6059      	str	r1, [r3, #4]
10004f0a:	4650      	mov	r0, sl
10004f0c:	f002 fbcc 	bl	100076a8 <__mutex_exit_veneer>
10004f10:	e7a2      	b.n	10004e58 <stdio_usb_out_chars+0x30>
10004f12:	46c0      	nop			@ (mov r8, r8)
10004f14:	000f4240 	.word	0x000f4240
10004f18:	7fffffff 	.word	0x7fffffff
10004f1c:	200021f0 	.word	0x200021f0
10004f20:	20001290 	.word	0x20001290
10004f24:	0007a120 	.word	0x0007a120

10004f28 <low_priority_worker_irq>:
10004f28:	b530      	push	{r4, r5, lr}
10004f2a:	4c2a      	ldr	r4, [pc, #168]	@ (10004fd4 <low_priority_worker_irq+0xac>)
10004f2c:	b085      	sub	sp, #20
10004f2e:	2100      	movs	r1, #0
10004f30:	0020      	movs	r0, r4
10004f32:	f002 fbd9 	bl	100076e8 <__mutex_try_enter_veneer>
10004f36:	2800      	cmp	r0, #0
10004f38:	d11c      	bne.n	10004f74 <low_priority_worker_irq+0x4c>
10004f3a:	4b27      	ldr	r3, [pc, #156]	@ (10004fd8 <low_priority_worker_irq+0xb0>)
10004f3c:	681a      	ldr	r2, [r3, #0]
10004f3e:	2a00      	cmp	r2, #0
10004f40:	d016      	beq.n	10004f70 <low_priority_worker_irq+0x48>
10004f42:	f3ef 8110 	mrs	r1, PRIMASK
10004f46:	b672      	cpsid	i
10004f48:	6810      	ldr	r0, [r2, #0]
10004f4a:	2800      	cmp	r0, #0
10004f4c:	d0fc      	beq.n	10004f48 <low_priority_worker_irq+0x20>
10004f4e:	f3bf 8f5f 	dmb	sy
10004f52:	2401      	movs	r4, #1
10004f54:	4821      	ldr	r0, [pc, #132]	@ (10004fdc <low_priority_worker_irq+0xb4>)
10004f56:	6059      	str	r1, [r3, #4]
10004f58:	7802      	ldrb	r2, [r0, #0]
10004f5a:	681b      	ldr	r3, [r3, #0]
10004f5c:	b2d2      	uxtb	r2, r2
10004f5e:	7004      	strb	r4, [r0, #0]
10004f60:	f3bf 8f5f 	dmb	sy
10004f64:	2000      	movs	r0, #0
10004f66:	6018      	str	r0, [r3, #0]
10004f68:	f381 8810 	msr	PRIMASK, r1
10004f6c:	2a00      	cmp	r2, #0
10004f6e:	d017      	beq.n	10004fa0 <low_priority_worker_irq+0x78>
10004f70:	b005      	add	sp, #20
10004f72:	bd30      	pop	{r4, r5, pc}
10004f74:	2001      	movs	r0, #1
10004f76:	2100      	movs	r1, #0
10004f78:	4240      	negs	r0, r0
10004f7a:	f000 fc0f 	bl	1000579c <tud_task_ext>
10004f7e:	2000      	movs	r0, #0
10004f80:	f001 fa22 	bl	100063c8 <tud_cdc_n_available>
10004f84:	0005      	movs	r5, r0
10004f86:	0020      	movs	r0, r4
10004f88:	f002 fb8e 	bl	100076a8 <__mutex_exit_veneer>
10004f8c:	2d00      	cmp	r5, #0
10004f8e:	d0ef      	beq.n	10004f70 <low_priority_worker_irq+0x48>
10004f90:	4b13      	ldr	r3, [pc, #76]	@ (10004fe0 <low_priority_worker_irq+0xb8>)
10004f92:	681b      	ldr	r3, [r3, #0]
10004f94:	2b00      	cmp	r3, #0
10004f96:	d0eb      	beq.n	10004f70 <low_priority_worker_irq+0x48>
10004f98:	4a12      	ldr	r2, [pc, #72]	@ (10004fe4 <low_priority_worker_irq+0xbc>)
10004f9a:	6810      	ldr	r0, [r2, #0]
10004f9c:	4798      	blx	r3
10004f9e:	e7e7      	b.n	10004f70 <low_priority_worker_irq+0x48>
10004fa0:	f7fc f9e4 	bl	1000136c <alarm_pool_get_default>
10004fa4:	0004      	movs	r4, r0
10004fa6:	f7fc fbf7 	bl	10001798 <time_us_64>
10004faa:	22fa      	movs	r2, #250	@ 0xfa
10004fac:	2300      	movs	r3, #0
10004fae:	0092      	lsls	r2, r2, #2
10004fb0:	1812      	adds	r2, r2, r0
10004fb2:	414b      	adcs	r3, r1
10004fb4:	2b00      	cmp	r3, #0
10004fb6:	da02      	bge.n	10004fbe <low_priority_worker_irq+0x96>
10004fb8:	2201      	movs	r2, #1
10004fba:	4b0b      	ldr	r3, [pc, #44]	@ (10004fe8 <low_priority_worker_irq+0xc0>)
10004fbc:	4252      	negs	r2, r2
10004fbe:	2101      	movs	r1, #1
10004fc0:	9102      	str	r1, [sp, #8]
10004fc2:	2100      	movs	r1, #0
10004fc4:	9101      	str	r1, [sp, #4]
10004fc6:	4909      	ldr	r1, [pc, #36]	@ (10004fec <low_priority_worker_irq+0xc4>)
10004fc8:	0020      	movs	r0, r4
10004fca:	9100      	str	r1, [sp, #0]
10004fcc:	f7fc f9d2 	bl	10001374 <alarm_pool_add_alarm_at>
10004fd0:	e7ce      	b.n	10004f70 <low_priority_worker_irq+0x48>
10004fd2:	46c0      	nop			@ (mov r8, r8)
10004fd4:	200021f0 	.word	0x200021f0
10004fd8:	200021c8 	.word	0x200021c8
10004fdc:	20002217 	.word	0x20002217
10004fe0:	20001d38 	.word	0x20001d38
10004fe4:	20001d3c 	.word	0x20001d3c
10004fe8:	7fffffff 	.word	0x7fffffff
10004fec:	10004ced 	.word	0x10004ced

10004ff0 <stdio_usb_init>:
10004ff0:	23d0      	movs	r3, #208	@ 0xd0
10004ff2:	b510      	push	{r4, lr}
10004ff4:	061b      	lsls	r3, r3, #24
10004ff6:	b084      	sub	sp, #16
10004ff8:	681c      	ldr	r4, [r3, #0]
10004ffa:	f7fc f9b7 	bl	1000136c <alarm_pool_get_default>
10004ffe:	f7fc fab3 	bl	10001568 <alarm_pool_core_num>
10005002:	42a0      	cmp	r0, r4
10005004:	d002      	beq.n	1000500c <stdio_usb_init+0x1c>
10005006:	2000      	movs	r0, #0
10005008:	b004      	add	sp, #16
1000500a:	bd10      	pop	{r4, pc}
1000500c:	4b29      	ldr	r3, [pc, #164]	@ (100050b4 <stdio_usb_init+0xc4>)
1000500e:	2100      	movs	r1, #0
10005010:	2000      	movs	r0, #0
10005012:	781b      	ldrb	r3, [r3, #0]
10005014:	f001 fd74 	bl	10006b00 <tusb_rhport_init>
10005018:	4827      	ldr	r0, [pc, #156]	@ (100050b8 <stdio_usb_init+0xc8>)
1000501a:	6803      	ldr	r3, [r0, #0]
1000501c:	2b00      	cmp	r3, #0
1000501e:	d045      	beq.n	100050ac <stdio_usb_init+0xbc>
10005020:	2001      	movs	r0, #1
10005022:	f7fb ff31 	bl	10000e88 <user_irq_claim_unused>
10005026:	23ff      	movs	r3, #255	@ 0xff
10005028:	4c24      	ldr	r4, [pc, #144]	@ (100050bc <stdio_usb_init+0xcc>)
1000502a:	4925      	ldr	r1, [pc, #148]	@ (100050c0 <stdio_usb_init+0xd0>)
1000502c:	7020      	strb	r0, [r4, #0]
1000502e:	4018      	ands	r0, r3
10005030:	f7fb fdac 	bl	10000b8c <irq_set_exclusive_handler>
10005034:	7820      	ldrb	r0, [r4, #0]
10005036:	2101      	movs	r1, #1
10005038:	f7fb fd70 	bl	10000b1c <irq_set_enabled>
1000503c:	2005      	movs	r0, #5
1000503e:	f7fb fd93 	bl	10000b68 <irq_has_shared_handler>
10005042:	2800      	cmp	r0, #0
10005044:	d124      	bne.n	10005090 <stdio_usb_init+0xa0>
10005046:	2208      	movs	r2, #8
10005048:	2100      	movs	r1, #0
1000504a:	481e      	ldr	r0, [pc, #120]	@ (100050c4 <stdio_usb_init+0xd4>)
1000504c:	f7fd ff12 	bl	10002e74 <__wrap_memset>
10005050:	f7fc f98c 	bl	1000136c <alarm_pool_get_default>
10005054:	0004      	movs	r4, r0
10005056:	f7fc fb9f 	bl	10001798 <time_us_64>
1000505a:	22fa      	movs	r2, #250	@ 0xfa
1000505c:	2300      	movs	r3, #0
1000505e:	0092      	lsls	r2, r2, #2
10005060:	1812      	adds	r2, r2, r0
10005062:	414b      	adcs	r3, r1
10005064:	2b00      	cmp	r3, #0
10005066:	da02      	bge.n	1000506e <stdio_usb_init+0x7e>
10005068:	2201      	movs	r2, #1
1000506a:	4b17      	ldr	r3, [pc, #92]	@ (100050c8 <stdio_usb_init+0xd8>)
1000506c:	4252      	negs	r2, r2
1000506e:	2101      	movs	r1, #1
10005070:	9102      	str	r1, [sp, #8]
10005072:	2100      	movs	r1, #0
10005074:	9101      	str	r1, [sp, #4]
10005076:	4915      	ldr	r1, [pc, #84]	@ (100050cc <stdio_usb_init+0xdc>)
10005078:	0020      	movs	r0, r4
1000507a:	9100      	str	r1, [sp, #0]
1000507c:	f7fc f97a 	bl	10001374 <alarm_pool_add_alarm_at>
10005080:	2800      	cmp	r0, #0
10005082:	dbc0      	blt.n	10005006 <stdio_usb_init+0x16>
10005084:	4812      	ldr	r0, [pc, #72]	@ (100050d0 <stdio_usb_init+0xe0>)
10005086:	2101      	movs	r1, #1
10005088:	f7ff fca6 	bl	100049d8 <stdio_set_driver_enabled>
1000508c:	2001      	movs	r0, #1
1000508e:	e7bb      	b.n	10005008 <stdio_usb_init+0x18>
10005090:	2001      	movs	r0, #1
10005092:	f7fb fd11 	bl	10000ab8 <spin_lock_claim_unused>
10005096:	4b0b      	ldr	r3, [pc, #44]	@ (100050c4 <stdio_usb_init+0xd4>)
10005098:	0001      	movs	r1, r0
1000509a:	0018      	movs	r0, r3
1000509c:	f7fb ff56 	bl	10000f4c <critical_section_init_with_lock_num>
100050a0:	2200      	movs	r2, #0
100050a2:	2005      	movs	r0, #5
100050a4:	490b      	ldr	r1, [pc, #44]	@ (100050d4 <stdio_usb_init+0xe4>)
100050a6:	f7fb fd9b 	bl	10000be0 <irq_add_shared_handler>
100050aa:	e7eb      	b.n	10005084 <stdio_usb_init+0x94>
100050ac:	f7fb ff32 	bl	10000f14 <mutex_init>
100050b0:	e7b6      	b.n	10005020 <stdio_usb_init+0x30>
100050b2:	46c0      	nop			@ (mov r8, r8)
100050b4:	10007fb8 	.word	0x10007fb8
100050b8:	200021f0 	.word	0x200021f0
100050bc:	20002216 	.word	0x20002216
100050c0:	10004f29 	.word	0x10004f29
100050c4:	200021c8 	.word	0x200021c8
100050c8:	7fffffff 	.word	0x7fffffff
100050cc:	10004ced 	.word	0x10004ced
100050d0:	200010d0 	.word	0x200010d0
100050d4:	10004cdd 	.word	0x10004cdd

100050d8 <tud_descriptor_device_cb>:
100050d8:	4800      	ldr	r0, [pc, #0]	@ (100050dc <tud_descriptor_device_cb+0x4>)
100050da:	4770      	bx	lr
100050dc:	10007ea0 	.word	0x10007ea0

100050e0 <tud_descriptor_configuration_cb>:
100050e0:	4800      	ldr	r0, [pc, #0]	@ (100050e4 <tud_descriptor_configuration_cb+0x4>)
100050e2:	4770      	bx	lr
100050e4:	10007e4c 	.word	0x10007e4c

100050e8 <tud_descriptor_string_cb>:
100050e8:	b510      	push	{r4, lr}
100050ea:	0004      	movs	r4, r0
100050ec:	4817      	ldr	r0, [pc, #92]	@ (1000514c <tud_descriptor_string_cb+0x64>)
100050ee:	7803      	ldrb	r3, [r0, #0]
100050f0:	2b00      	cmp	r3, #0
100050f2:	d020      	beq.n	10005136 <tud_descriptor_string_cb+0x4e>
100050f4:	2c00      	cmp	r4, #0
100050f6:	d106      	bne.n	10005106 <tud_descriptor_string_cb+0x1e>
100050f8:	4b15      	ldr	r3, [pc, #84]	@ (10005150 <tud_descriptor_string_cb+0x68>)
100050fa:	4816      	ldr	r0, [pc, #88]	@ (10005154 <tud_descriptor_string_cb+0x6c>)
100050fc:	8043      	strh	r3, [r0, #2]
100050fe:	3b06      	subs	r3, #6
10005100:	3bff      	subs	r3, #255	@ 0xff
10005102:	8003      	strh	r3, [r0, #0]
10005104:	bd10      	pop	{r4, pc}
10005106:	2c05      	cmp	r4, #5
10005108:	d81d      	bhi.n	10005146 <tud_descriptor_string_cb+0x5e>
1000510a:	4b13      	ldr	r3, [pc, #76]	@ (10005158 <tud_descriptor_string_cb+0x70>)
1000510c:	00a4      	lsls	r4, r4, #2
1000510e:	58e0      	ldr	r0, [r4, r3]
10005110:	4912      	ldr	r1, [pc, #72]	@ (1000515c <tud_descriptor_string_cb+0x74>)
10005112:	2301      	movs	r3, #1
10005114:	3801      	subs	r0, #1
10005116:	e004      	b.n	10005122 <tud_descriptor_string_cb+0x3a>
10005118:	3301      	adds	r3, #1
1000511a:	800a      	strh	r2, [r1, #0]
1000511c:	3102      	adds	r1, #2
1000511e:	2b14      	cmp	r3, #20
10005120:	d00d      	beq.n	1000513e <tud_descriptor_string_cb+0x56>
10005122:	5cc2      	ldrb	r2, [r0, r3]
10005124:	2a00      	cmp	r2, #0
10005126:	d1f7      	bne.n	10005118 <tud_descriptor_string_cb+0x30>
10005128:	22c0      	movs	r2, #192	@ 0xc0
1000512a:	b2db      	uxtb	r3, r3
1000512c:	005b      	lsls	r3, r3, #1
1000512e:	0092      	lsls	r2, r2, #2
10005130:	4808      	ldr	r0, [pc, #32]	@ (10005154 <tud_descriptor_string_cb+0x6c>)
10005132:	4313      	orrs	r3, r2
10005134:	e7e5      	b.n	10005102 <tud_descriptor_string_cb+0x1a>
10005136:	2111      	movs	r1, #17
10005138:	f000 f81a 	bl	10005170 <pico_get_unique_board_id_string>
1000513c:	e7da      	b.n	100050f4 <tud_descriptor_string_cb+0xc>
1000513e:	23ca      	movs	r3, #202	@ 0xca
10005140:	4804      	ldr	r0, [pc, #16]	@ (10005154 <tud_descriptor_string_cb+0x6c>)
10005142:	009b      	lsls	r3, r3, #2
10005144:	e7dd      	b.n	10005102 <tud_descriptor_string_cb+0x1a>
10005146:	2000      	movs	r0, #0
10005148:	e7dc      	b.n	10005104 <tud_descriptor_string_cb+0x1c>
1000514a:	46c0      	nop			@ (mov r8, r8)
1000514c:	200021fc 	.word	0x200021fc
10005150:	00000409 	.word	0x00000409
10005154:	20001d70 	.word	0x20001d70
10005158:	10007e34 	.word	0x10007e34
1000515c:	20001d72 	.word	0x20001d72

10005160 <_retrieve_unique_id_on_boot>:
10005160:	b510      	push	{r4, lr}
10005162:	4802      	ldr	r0, [pc, #8]	@ (1000516c <_retrieve_unique_id_on_boot+0xc>)
10005164:	f000 f8d8 	bl	10005318 <flash_get_unique_id>
10005168:	bd10      	pop	{r4, pc}
1000516a:	46c0      	nop			@ (mov r8, r8)
1000516c:	200021e0 	.word	0x200021e0

10005170 <pico_get_unique_board_id_string>:
10005170:	b530      	push	{r4, r5, lr}
10005172:	1e4b      	subs	r3, r1, #1
10005174:	2901      	cmp	r1, #1
10005176:	d100      	bne.n	1000517a <pico_get_unique_board_id_string+0xa>
10005178:	e0a7      	b.n	100052ca <pico_get_unique_board_id_string+0x15a>
1000517a:	4a66      	ldr	r2, [pc, #408]	@ (10005314 <pico_get_unique_board_id_string+0x1a4>)
1000517c:	7811      	ldrb	r1, [r2, #0]
1000517e:	090d      	lsrs	r5, r1, #4
10005180:	002c      	movs	r4, r5
10005182:	3430      	adds	r4, #48	@ 0x30
10005184:	299f      	cmp	r1, #159	@ 0x9f
10005186:	d900      	bls.n	1000518a <pico_get_unique_board_id_string+0x1a>
10005188:	e0a2      	b.n	100052d0 <pico_get_unique_board_id_string+0x160>
1000518a:	7004      	strb	r4, [r0, #0]
1000518c:	2b01      	cmp	r3, #1
1000518e:	d100      	bne.n	10005192 <pico_get_unique_board_id_string+0x22>
10005190:	e0be      	b.n	10005310 <pico_get_unique_board_id_string+0x1a0>
10005192:	210f      	movs	r1, #15
10005194:	7814      	ldrb	r4, [r2, #0]
10005196:	4021      	ands	r1, r4
10005198:	000c      	movs	r4, r1
1000519a:	3430      	adds	r4, #48	@ 0x30
1000519c:	2909      	cmp	r1, #9
1000519e:	d900      	bls.n	100051a2 <pico_get_unique_board_id_string+0x32>
100051a0:	e098      	b.n	100052d4 <pico_get_unique_board_id_string+0x164>
100051a2:	7044      	strb	r4, [r0, #1]
100051a4:	2b02      	cmp	r3, #2
100051a6:	d100      	bne.n	100051aa <pico_get_unique_board_id_string+0x3a>
100051a8:	e0b2      	b.n	10005310 <pico_get_unique_board_id_string+0x1a0>
100051aa:	7854      	ldrb	r4, [r2, #1]
100051ac:	0925      	lsrs	r5, r4, #4
100051ae:	0029      	movs	r1, r5
100051b0:	3130      	adds	r1, #48	@ 0x30
100051b2:	2c9f      	cmp	r4, #159	@ 0x9f
100051b4:	d900      	bls.n	100051b8 <pico_get_unique_board_id_string+0x48>
100051b6:	e090      	b.n	100052da <pico_get_unique_board_id_string+0x16a>
100051b8:	7081      	strb	r1, [r0, #2]
100051ba:	2b03      	cmp	r3, #3
100051bc:	d100      	bne.n	100051c0 <pico_get_unique_board_id_string+0x50>
100051be:	e0a7      	b.n	10005310 <pico_get_unique_board_id_string+0x1a0>
100051c0:	210f      	movs	r1, #15
100051c2:	4021      	ands	r1, r4
100051c4:	000c      	movs	r4, r1
100051c6:	3430      	adds	r4, #48	@ 0x30
100051c8:	2909      	cmp	r1, #9
100051ca:	d900      	bls.n	100051ce <pico_get_unique_board_id_string+0x5e>
100051cc:	e087      	b.n	100052de <pico_get_unique_board_id_string+0x16e>
100051ce:	70c4      	strb	r4, [r0, #3]
100051d0:	2b04      	cmp	r3, #4
100051d2:	d100      	bne.n	100051d6 <pico_get_unique_board_id_string+0x66>
100051d4:	e09c      	b.n	10005310 <pico_get_unique_board_id_string+0x1a0>
100051d6:	7894      	ldrb	r4, [r2, #2]
100051d8:	0925      	lsrs	r5, r4, #4
100051da:	0029      	movs	r1, r5
100051dc:	3130      	adds	r1, #48	@ 0x30
100051de:	2c9f      	cmp	r4, #159	@ 0x9f
100051e0:	d900      	bls.n	100051e4 <pico_get_unique_board_id_string+0x74>
100051e2:	e07f      	b.n	100052e4 <pico_get_unique_board_id_string+0x174>
100051e4:	7101      	strb	r1, [r0, #4]
100051e6:	2b05      	cmp	r3, #5
100051e8:	d100      	bne.n	100051ec <pico_get_unique_board_id_string+0x7c>
100051ea:	e091      	b.n	10005310 <pico_get_unique_board_id_string+0x1a0>
100051ec:	210f      	movs	r1, #15
100051ee:	4021      	ands	r1, r4
100051f0:	000c      	movs	r4, r1
100051f2:	3430      	adds	r4, #48	@ 0x30
100051f4:	2909      	cmp	r1, #9
100051f6:	d900      	bls.n	100051fa <pico_get_unique_board_id_string+0x8a>
100051f8:	e076      	b.n	100052e8 <pico_get_unique_board_id_string+0x178>
100051fa:	7144      	strb	r4, [r0, #5]
100051fc:	2b06      	cmp	r3, #6
100051fe:	d100      	bne.n	10005202 <pico_get_unique_board_id_string+0x92>
10005200:	e086      	b.n	10005310 <pico_get_unique_board_id_string+0x1a0>
10005202:	78d4      	ldrb	r4, [r2, #3]
10005204:	0925      	lsrs	r5, r4, #4
10005206:	0029      	movs	r1, r5
10005208:	3130      	adds	r1, #48	@ 0x30
1000520a:	2c9f      	cmp	r4, #159	@ 0x9f
1000520c:	d900      	bls.n	10005210 <pico_get_unique_board_id_string+0xa0>
1000520e:	e06e      	b.n	100052ee <pico_get_unique_board_id_string+0x17e>
10005210:	7181      	strb	r1, [r0, #6]
10005212:	2b07      	cmp	r3, #7
10005214:	d100      	bne.n	10005218 <pico_get_unique_board_id_string+0xa8>
10005216:	e07b      	b.n	10005310 <pico_get_unique_board_id_string+0x1a0>
10005218:	210f      	movs	r1, #15
1000521a:	4021      	ands	r1, r4
1000521c:	000c      	movs	r4, r1
1000521e:	3430      	adds	r4, #48	@ 0x30
10005220:	2909      	cmp	r1, #9
10005222:	d866      	bhi.n	100052f2 <pico_get_unique_board_id_string+0x182>
10005224:	71c4      	strb	r4, [r0, #7]
10005226:	2b08      	cmp	r3, #8
10005228:	d100      	bne.n	1000522c <pico_get_unique_board_id_string+0xbc>
1000522a:	e071      	b.n	10005310 <pico_get_unique_board_id_string+0x1a0>
1000522c:	7914      	ldrb	r4, [r2, #4]
1000522e:	0925      	lsrs	r5, r4, #4
10005230:	0029      	movs	r1, r5
10005232:	3130      	adds	r1, #48	@ 0x30
10005234:	2c9f      	cmp	r4, #159	@ 0x9f
10005236:	d85f      	bhi.n	100052f8 <pico_get_unique_board_id_string+0x188>
10005238:	7201      	strb	r1, [r0, #8]
1000523a:	2b09      	cmp	r3, #9
1000523c:	d068      	beq.n	10005310 <pico_get_unique_board_id_string+0x1a0>
1000523e:	210f      	movs	r1, #15
10005240:	4021      	ands	r1, r4
10005242:	000c      	movs	r4, r1
10005244:	3430      	adds	r4, #48	@ 0x30
10005246:	2909      	cmp	r1, #9
10005248:	d858      	bhi.n	100052fc <pico_get_unique_board_id_string+0x18c>
1000524a:	7244      	strb	r4, [r0, #9]
1000524c:	2b0a      	cmp	r3, #10
1000524e:	d05f      	beq.n	10005310 <pico_get_unique_board_id_string+0x1a0>
10005250:	7954      	ldrb	r4, [r2, #5]
10005252:	0925      	lsrs	r5, r4, #4
10005254:	0029      	movs	r1, r5
10005256:	3130      	adds	r1, #48	@ 0x30
10005258:	2c9f      	cmp	r4, #159	@ 0x9f
1000525a:	d852      	bhi.n	10005302 <pico_get_unique_board_id_string+0x192>
1000525c:	7281      	strb	r1, [r0, #10]
1000525e:	2b0b      	cmp	r3, #11
10005260:	d056      	beq.n	10005310 <pico_get_unique_board_id_string+0x1a0>
10005262:	210f      	movs	r1, #15
10005264:	4021      	ands	r1, r4
10005266:	000c      	movs	r4, r1
10005268:	3430      	adds	r4, #48	@ 0x30
1000526a:	2909      	cmp	r1, #9
1000526c:	d84b      	bhi.n	10005306 <pico_get_unique_board_id_string+0x196>
1000526e:	72c4      	strb	r4, [r0, #11]
10005270:	2b0c      	cmp	r3, #12
10005272:	d04d      	beq.n	10005310 <pico_get_unique_board_id_string+0x1a0>
10005274:	7994      	ldrb	r4, [r2, #6]
10005276:	0925      	lsrs	r5, r4, #4
10005278:	0029      	movs	r1, r5
1000527a:	3130      	adds	r1, #48	@ 0x30
1000527c:	2c9f      	cmp	r4, #159	@ 0x9f
1000527e:	d900      	bls.n	10005282 <pico_get_unique_board_id_string+0x112>
10005280:	3107      	adds	r1, #7
10005282:	7301      	strb	r1, [r0, #12]
10005284:	2b0d      	cmp	r3, #13
10005286:	d043      	beq.n	10005310 <pico_get_unique_board_id_string+0x1a0>
10005288:	210f      	movs	r1, #15
1000528a:	4021      	ands	r1, r4
1000528c:	000c      	movs	r4, r1
1000528e:	3430      	adds	r4, #48	@ 0x30
10005290:	2909      	cmp	r1, #9
10005292:	d901      	bls.n	10005298 <pico_get_unique_board_id_string+0x128>
10005294:	3137      	adds	r1, #55	@ 0x37
10005296:	000c      	movs	r4, r1
10005298:	7344      	strb	r4, [r0, #13]
1000529a:	2b0e      	cmp	r3, #14
1000529c:	d038      	beq.n	10005310 <pico_get_unique_board_id_string+0x1a0>
1000529e:	79d1      	ldrb	r1, [r2, #7]
100052a0:	090c      	lsrs	r4, r1, #4
100052a2:	0022      	movs	r2, r4
100052a4:	3230      	adds	r2, #48	@ 0x30
100052a6:	299f      	cmp	r1, #159	@ 0x9f
100052a8:	d900      	bls.n	100052ac <pico_get_unique_board_id_string+0x13c>
100052aa:	3207      	adds	r2, #7
100052ac:	7382      	strb	r2, [r0, #14]
100052ae:	2b0f      	cmp	r3, #15
100052b0:	d02e      	beq.n	10005310 <pico_get_unique_board_id_string+0x1a0>
100052b2:	220f      	movs	r2, #15
100052b4:	400a      	ands	r2, r1
100052b6:	0011      	movs	r1, r2
100052b8:	3137      	adds	r1, #55	@ 0x37
100052ba:	2a09      	cmp	r2, #9
100052bc:	d801      	bhi.n	100052c2 <pico_get_unique_board_id_string+0x152>
100052be:	3230      	adds	r2, #48	@ 0x30
100052c0:	0011      	movs	r1, r2
100052c2:	73c1      	strb	r1, [r0, #15]
100052c4:	2b10      	cmp	r3, #16
100052c6:	d023      	beq.n	10005310 <pico_get_unique_board_id_string+0x1a0>
100052c8:	3010      	adds	r0, #16
100052ca:	2300      	movs	r3, #0
100052cc:	7003      	strb	r3, [r0, #0]
100052ce:	bd30      	pop	{r4, r5, pc}
100052d0:	3407      	adds	r4, #7
100052d2:	e75a      	b.n	1000518a <pico_get_unique_board_id_string+0x1a>
100052d4:	3137      	adds	r1, #55	@ 0x37
100052d6:	000c      	movs	r4, r1
100052d8:	e763      	b.n	100051a2 <pico_get_unique_board_id_string+0x32>
100052da:	3107      	adds	r1, #7
100052dc:	e76c      	b.n	100051b8 <pico_get_unique_board_id_string+0x48>
100052de:	3137      	adds	r1, #55	@ 0x37
100052e0:	000c      	movs	r4, r1
100052e2:	e774      	b.n	100051ce <pico_get_unique_board_id_string+0x5e>
100052e4:	3107      	adds	r1, #7
100052e6:	e77d      	b.n	100051e4 <pico_get_unique_board_id_string+0x74>
100052e8:	3137      	adds	r1, #55	@ 0x37
100052ea:	000c      	movs	r4, r1
100052ec:	e785      	b.n	100051fa <pico_get_unique_board_id_string+0x8a>
100052ee:	3107      	adds	r1, #7
100052f0:	e78e      	b.n	10005210 <pico_get_unique_board_id_string+0xa0>
100052f2:	3137      	adds	r1, #55	@ 0x37
100052f4:	000c      	movs	r4, r1
100052f6:	e795      	b.n	10005224 <pico_get_unique_board_id_string+0xb4>
100052f8:	3107      	adds	r1, #7
100052fa:	e79d      	b.n	10005238 <pico_get_unique_board_id_string+0xc8>
100052fc:	3137      	adds	r1, #55	@ 0x37
100052fe:	000c      	movs	r4, r1
10005300:	e7a3      	b.n	1000524a <pico_get_unique_board_id_string+0xda>
10005302:	3107      	adds	r1, #7
10005304:	e7aa      	b.n	1000525c <pico_get_unique_board_id_string+0xec>
10005306:	3137      	adds	r1, #55	@ 0x37
10005308:	000c      	movs	r4, r1
1000530a:	72c4      	strb	r4, [r0, #11]
1000530c:	2b0c      	cmp	r3, #12
1000530e:	d1b1      	bne.n	10005274 <pico_get_unique_board_id_string+0x104>
10005310:	18c0      	adds	r0, r0, r3
10005312:	e7da      	b.n	100052ca <pico_get_unique_board_id_string+0x15a>
10005314:	200021e0 	.word	0x200021e0

10005318 <flash_get_unique_id>:
10005318:	b510      	push	{r4, lr}
1000531a:	b088      	sub	sp, #32
1000531c:	0004      	movs	r4, r0
1000531e:	220d      	movs	r2, #13
10005320:	2100      	movs	r1, #0
10005322:	4668      	mov	r0, sp
10005324:	f7fd fda6 	bl	10002e74 <__wrap_memset>
10005328:	220d      	movs	r2, #13
1000532a:	2100      	movs	r1, #0
1000532c:	a804      	add	r0, sp, #16
1000532e:	f7fd fda1 	bl	10002e74 <__wrap_memset>
10005332:	234b      	movs	r3, #75	@ 0x4b
10005334:	466a      	mov	r2, sp
10005336:	4668      	mov	r0, sp
10005338:	7013      	strb	r3, [r2, #0]
1000533a:	a904      	add	r1, sp, #16
1000533c:	220d      	movs	r2, #13
1000533e:	f002 f9a3 	bl	10007688 <__flash_do_cmd_veneer>
10005342:	2115      	movs	r1, #21
10005344:	2208      	movs	r2, #8
10005346:	0020      	movs	r0, r4
10005348:	4469      	add	r1, sp
1000534a:	f7fd fd99 	bl	10002e80 <__wrap___aeabi_memcpy>
1000534e:	b008      	add	sp, #32
10005350:	bd10      	pop	{r4, pc}
10005352:	46c0      	nop			@ (mov r8, r8)

10005354 <dcd_init>:
10005354:	b5f8      	push	{r3, r4, r5, r6, r7, lr}
10005356:	f000 f947 	bl	100055e8 <rp2040_usb_init>
1000535a:	230c      	movs	r3, #12
1000535c:	4d19      	ldr	r5, [pc, #100]	@ (100053c4 <dcd_init+0x70>)
1000535e:	22ff      	movs	r2, #255	@ 0xff
10005360:	67ab      	str	r3, [r5, #120]	@ 0x78
10005362:	2005      	movs	r0, #5
10005364:	4918      	ldr	r1, [pc, #96]	@ (100053c8 <dcd_init+0x74>)
10005366:	f7fb fc3b 	bl	10000be0 <irq_add_shared_handler>
1000536a:	4c18      	ldr	r4, [pc, #96]	@ (100053cc <dcd_init+0x78>)
1000536c:	2240      	movs	r2, #64	@ 0x40
1000536e:	2100      	movs	r1, #0
10005370:	0020      	movs	r0, r4
10005372:	f7fd fd7f 	bl	10002e74 <__wrap_memset>
10005376:	2740      	movs	r7, #64	@ 0x40
10005378:	2300      	movs	r3, #0
1000537a:	2601      	movs	r6, #1
1000537c:	2121      	movs	r1, #33	@ 0x21
1000537e:	4a14      	ldr	r2, [pc, #80]	@ (100053d0 <dcd_init+0x7c>)
10005380:	7066      	strb	r6, [r4, #1]
10005382:	8327      	strh	r7, [r4, #24]
10005384:	60a2      	str	r2, [r4, #8]
10005386:	6013      	str	r3, [r2, #0]
10005388:	5463      	strb	r3, [r4, r1]
1000538a:	315f      	adds	r1, #95	@ 0x5f
1000538c:	8461      	strh	r1, [r4, #34]	@ 0x22
1000538e:	3945      	subs	r1, #69	@ 0x45
10005390:	5463      	strb	r3, [r4, r1]
10005392:	4a10      	ldr	r2, [pc, #64]	@ (100053d4 <dcd_init+0x80>)
10005394:	4910      	ldr	r1, [pc, #64]	@ (100053d8 <dcd_init+0x84>)
10005396:	6063      	str	r3, [r4, #4]
10005398:	60e2      	str	r2, [r4, #12]
1000539a:	8727      	strh	r7, [r4, #56]	@ 0x38
1000539c:	62a1      	str	r1, [r4, #40]	@ 0x28
1000539e:	600b      	str	r3, [r1, #0]
100053a0:	6263      	str	r3, [r4, #36]	@ 0x24
100053a2:	62e2      	str	r2, [r4, #44]	@ 0x2c
100053a4:	f002 f990 	bl	100076c8 <__reset_non_control_endpoints_veneer>
100053a8:	2380      	movs	r3, #128	@ 0x80
100053aa:	059b      	lsls	r3, r3, #22
100053ac:	642e      	str	r6, [r5, #64]	@ 0x40
100053ae:	64eb      	str	r3, [r5, #76]	@ 0x4c
100053b0:	2390      	movs	r3, #144	@ 0x90
100053b2:	4a0a      	ldr	r2, [pc, #40]	@ (100053dc <dcd_init+0x88>)
100053b4:	2001      	movs	r0, #1
100053b6:	50ea      	str	r2, [r5, r3]
100053b8:	2280      	movs	r2, #128	@ 0x80
100053ba:	4b09      	ldr	r3, [pc, #36]	@ (100053e0 <dcd_init+0x8c>)
100053bc:	0252      	lsls	r2, r2, #9
100053be:	64da      	str	r2, [r3, #76]	@ 0x4c
100053c0:	bdf8      	pop	{r3, r4, r5, r6, r7, pc}
100053c2:	46c0      	nop			@ (mov r8, r8)
100053c4:	50110000 	.word	0x50110000
100053c8:	200005a9 	.word	0x200005a9
100053cc:	20001da4 	.word	0x20001da4
100053d0:	50100084 	.word	0x50100084
100053d4:	50100100 	.word	0x50100100
100053d8:	50100080 	.word	0x50100080
100053dc:	0001d010 	.word	0x0001d010
100053e0:	50112000 	.word	0x50112000

100053e4 <dcd_int_enable>:
100053e4:	b510      	push	{r4, lr}
100053e6:	2101      	movs	r1, #1
100053e8:	2005      	movs	r0, #5
100053ea:	f7fb fb97 	bl	10000b1c <irq_set_enabled>
100053ee:	bd10      	pop	{r4, pc}

100053f0 <dcd_set_address>:
100053f0:	b510      	push	{r4, lr}
100053f2:	2200      	movs	r2, #0
100053f4:	2100      	movs	r1, #0
100053f6:	4802      	ldr	r0, [pc, #8]	@ (10005400 <dcd_set_address+0x10>)
100053f8:	f000 f916 	bl	10005628 <hw_endpoint_xfer_start>
100053fc:	bd10      	pop	{r4, pc}
100053fe:	46c0      	nop			@ (mov r8, r8)
10005400:	20001dc4 	.word	0x20001dc4

10005404 <dcd_sof_enable>:
10005404:	4b04      	ldr	r3, [pc, #16]	@ (10005418 <dcd_sof_enable+0x14>)
10005406:	7019      	strb	r1, [r3, #0]
10005408:	2900      	cmp	r1, #0
1000540a:	d004      	beq.n	10005416 <dcd_sof_enable+0x12>
1000540c:	2180      	movs	r1, #128	@ 0x80
1000540e:	2390      	movs	r3, #144	@ 0x90
10005410:	4a02      	ldr	r2, [pc, #8]	@ (1000541c <dcd_sof_enable+0x18>)
10005412:	0289      	lsls	r1, r1, #10
10005414:	50d1      	str	r1, [r2, r3]
10005416:	4770      	bx	lr
10005418:	20002211 	.word	0x20002211
1000541c:	50112000 	.word	0x50112000

10005420 <dcd_edpt0_status_complete>:
10005420:	780b      	ldrb	r3, [r1, #0]
10005422:	065b      	lsls	r3, r3, #25
10005424:	d102      	bne.n	1000542c <dcd_edpt0_status_complete+0xc>
10005426:	784b      	ldrb	r3, [r1, #1]
10005428:	2b05      	cmp	r3, #5
1000542a:	d000      	beq.n	1000542e <dcd_edpt0_status_complete+0xe>
1000542c:	4770      	bx	lr
1000542e:	788a      	ldrb	r2, [r1, #2]
10005430:	4b01      	ldr	r3, [pc, #4]	@ (10005438 <dcd_edpt0_status_complete+0x18>)
10005432:	601a      	str	r2, [r3, #0]
10005434:	e7fa      	b.n	1000542c <dcd_edpt0_status_complete+0xc>
10005436:	46c0      	nop			@ (mov r8, r8)
10005438:	50110000 	.word	0x50110000

1000543c <dcd_edpt_open>:
1000543c:	b5f0      	push	{r4, r5, r6, r7, lr}
1000543e:	46c6      	mov	lr, r8
10005440:	78c8      	ldrb	r0, [r1, #3]
10005442:	b500      	push	{lr}
10005444:	0780      	lsls	r0, r0, #30
10005446:	0f83      	lsrs	r3, r0, #30
10005448:	0018      	movs	r0, r3
1000544a:	2b01      	cmp	r3, #1
1000544c:	d060      	beq.n	10005510 <dcd_edpt_open+0xd4>
1000544e:	788f      	ldrb	r7, [r1, #2]
10005450:	790a      	ldrb	r2, [r1, #4]
10005452:	794b      	ldrb	r3, [r1, #5]
10005454:	217f      	movs	r1, #127	@ 0x7f
10005456:	4039      	ands	r1, r7
10005458:	09fc      	lsrs	r4, r7, #7
1000545a:	021b      	lsls	r3, r3, #8
1000545c:	004e      	lsls	r6, r1, #1
1000545e:	4313      	orrs	r3, r2
10005460:	4d33      	ldr	r5, [pc, #204]	@ (10005530 <dcd_edpt_open+0xf4>)
10005462:	1932      	adds	r2, r6, r4
10005464:	0152      	lsls	r2, r2, #5
10005466:	18aa      	adds	r2, r5, r2
10005468:	7097      	strb	r7, [r2, #2]
1000546a:	2701      	movs	r7, #1
1000546c:	4067      	eors	r7, r4
1000546e:	7057      	strb	r7, [r2, #1]
10005470:	2700      	movs	r7, #0
10005472:	055b      	lsls	r3, r3, #21
10005474:	0d5b      	lsrs	r3, r3, #21
10005476:	70d7      	strb	r7, [r2, #3]
10005478:	8313      	strh	r3, [r2, #24]
1000547a:	76d0      	strb	r0, [r2, #27]
1000547c:	46b8      	mov	r8, r7
1000547e:	00ca      	lsls	r2, r1, #3
10005480:	2c01      	cmp	r4, #1
10005482:	d032      	beq.n	100054ea <dcd_edpt_open+0xae>
10005484:	4f2b      	ldr	r7, [pc, #172]	@ (10005534 <dcd_edpt_open+0xf8>)
10005486:	46bc      	mov	ip, r7
10005488:	018f      	lsls	r7, r1, #6
1000548a:	4462      	add	r2, ip
1000548c:	46bc      	mov	ip, r7
1000548e:	44ac      	add	ip, r5
10005490:	4667      	mov	r7, ip
10005492:	60ba      	str	r2, [r7, #8]
10005494:	4647      	mov	r7, r8
10005496:	6017      	str	r7, [r2, #0]
10005498:	2900      	cmp	r1, #0
1000549a:	d032      	beq.n	10005502 <dcd_edpt_open+0xc6>
1000549c:	4a26      	ldr	r2, [pc, #152]	@ (10005538 <dcd_edpt_open+0xfc>)
1000549e:	00c9      	lsls	r1, r1, #3
100054a0:	4690      	mov	r8, r2
100054a2:	4662      	mov	r2, ip
100054a4:	4441      	add	r1, r8
100054a6:	6051      	str	r1, [r2, #4]
100054a8:	223f      	movs	r2, #63	@ 0x3f
100054aa:	333f      	adds	r3, #63	@ 0x3f
100054ac:	4393      	bics	r3, r2
100054ae:	2802      	cmp	r0, #2
100054b0:	d037      	beq.n	10005522 <dcd_edpt_open+0xe6>
100054b2:	4922      	ldr	r1, [pc, #136]	@ (1000553c <dcd_edpt_open+0x100>)
100054b4:	1937      	adds	r7, r6, r4
100054b6:	680a      	ldr	r2, [r1, #0]
100054b8:	017f      	lsls	r7, r7, #5
100054ba:	18d3      	adds	r3, r2, r3
100054bc:	600b      	str	r3, [r1, #0]
100054be:	4920      	ldr	r1, [pc, #128]	@ (10005540 <dcd_edpt_open+0x104>)
100054c0:	19ef      	adds	r7, r5, r7
100054c2:	60fa      	str	r2, [r7, #12]
100054c4:	428b      	cmp	r3, r1
100054c6:	d82e      	bhi.n	10005526 <dcd_edpt_open+0xea>
100054c8:	1936      	adds	r6, r6, r4
100054ca:	0176      	lsls	r6, r6, #5
100054cc:	19ad      	adds	r5, r5, r6
100054ce:	7eeb      	ldrb	r3, [r5, #27]
100054d0:	491c      	ldr	r1, [pc, #112]	@ (10005544 <dcd_edpt_open+0x108>)
100054d2:	069b      	lsls	r3, r3, #26
100054d4:	404a      	eors	r2, r1
100054d6:	4313      	orrs	r3, r2
100054d8:	2280      	movs	r2, #128	@ 0x80
100054da:	0612      	lsls	r2, r2, #24
100054dc:	4313      	orrs	r3, r2
100054de:	686a      	ldr	r2, [r5, #4]
100054e0:	6013      	str	r3, [r2, #0]
100054e2:	2001      	movs	r0, #1
100054e4:	bc80      	pop	{r7}
100054e6:	46b8      	mov	r8, r7
100054e8:	bdf0      	pop	{r4, r5, r6, r7, pc}
100054ea:	4f17      	ldr	r7, [pc, #92]	@ (10005548 <dcd_edpt_open+0x10c>)
100054ec:	46bc      	mov	ip, r7
100054ee:	018f      	lsls	r7, r1, #6
100054f0:	4462      	add	r2, ip
100054f2:	46bc      	mov	ip, r7
100054f4:	44ac      	add	ip, r5
100054f6:	4667      	mov	r7, ip
100054f8:	62ba      	str	r2, [r7, #40]	@ 0x28
100054fa:	4647      	mov	r7, r8
100054fc:	6017      	str	r7, [r2, #0]
100054fe:	2900      	cmp	r1, #0
10005500:	d108      	bne.n	10005514 <dcd_edpt_open+0xd8>
10005502:	2300      	movs	r3, #0
10005504:	0164      	lsls	r4, r4, #5
10005506:	192c      	adds	r4, r5, r4
10005508:	6063      	str	r3, [r4, #4]
1000550a:	4b10      	ldr	r3, [pc, #64]	@ (1000554c <dcd_edpt_open+0x110>)
1000550c:	60e3      	str	r3, [r4, #12]
1000550e:	e7e8      	b.n	100054e2 <dcd_edpt_open+0xa6>
10005510:	2000      	movs	r0, #0
10005512:	e7e7      	b.n	100054e4 <dcd_edpt_open+0xa8>
10005514:	4a0b      	ldr	r2, [pc, #44]	@ (10005544 <dcd_edpt_open+0x108>)
10005516:	00c9      	lsls	r1, r1, #3
10005518:	4690      	mov	r8, r2
1000551a:	4662      	mov	r2, ip
1000551c:	4441      	add	r1, r8
1000551e:	6251      	str	r1, [r2, #36]	@ 0x24
10005520:	e7c2      	b.n	100054a8 <dcd_edpt_open+0x6c>
10005522:	005b      	lsls	r3, r3, #1
10005524:	e7c5      	b.n	100054b2 <dcd_edpt_open+0x76>
10005526:	f7fc fc73 	bl	10001e10 <hard_assertion_failure>
1000552a:	68fa      	ldr	r2, [r7, #12]
1000552c:	e7cc      	b.n	100054c8 <dcd_edpt_open+0x8c>
1000552e:	46c0      	nop			@ (mov r8, r8)
10005530:	20001da4 	.word	0x20001da4
10005534:	50100084 	.word	0x50100084
10005538:	50100004 	.word	0x50100004
1000553c:	200021ac 	.word	0x200021ac
10005540:	50100fff 	.word	0x50100fff
10005544:	50100000 	.word	0x50100000
10005548:	50100080 	.word	0x50100080
1000554c:	50100100 	.word	0x50100100

10005550 <dcd_edpt_close_all>:
10005550:	b510      	push	{r4, lr}
10005552:	f002 f8b9 	bl	100076c8 <__reset_non_control_endpoints_veneer>
10005556:	bd10      	pop	{r4, pc}

10005558 <dcd_edpt_xfer>:
10005558:	b510      	push	{r4, lr}
1000555a:	207f      	movs	r0, #127	@ 0x7f
1000555c:	000c      	movs	r4, r1
1000555e:	4020      	ands	r0, r4
10005560:	0040      	lsls	r0, r0, #1
10005562:	09e4      	lsrs	r4, r4, #7
10005564:	0011      	movs	r1, r2
10005566:	1900      	adds	r0, r0, r4
10005568:	001a      	movs	r2, r3
1000556a:	4b03      	ldr	r3, [pc, #12]	@ (10005578 <dcd_edpt_xfer+0x20>)
1000556c:	0140      	lsls	r0, r0, #5
1000556e:	18c0      	adds	r0, r0, r3
10005570:	f000 f85a 	bl	10005628 <hw_endpoint_xfer_start>
10005574:	2001      	movs	r0, #1
10005576:	bd10      	pop	{r4, pc}
10005578:	20001da4 	.word	0x20001da4

1000557c <dcd_edpt_stall>:
1000557c:	237f      	movs	r3, #127	@ 0x7f
1000557e:	0018      	movs	r0, r3
10005580:	b500      	push	{lr}
10005582:	4008      	ands	r0, r1
10005584:	b083      	sub	sp, #12
10005586:	420b      	tst	r3, r1
10005588:	d104      	bne.n	10005594 <dcd_edpt_stall+0x18>
1000558a:	424b      	negs	r3, r1
1000558c:	414b      	adcs	r3, r1
1000558e:	4a08      	ldr	r2, [pc, #32]	@ (100055b0 <dcd_edpt_stall+0x34>)
10005590:	3301      	adds	r3, #1
10005592:	6693      	str	r3, [r2, #104]	@ 0x68
10005594:	2280      	movs	r2, #128	@ 0x80
10005596:	09c9      	lsrs	r1, r1, #7
10005598:	0040      	lsls	r0, r0, #1
1000559a:	4b06      	ldr	r3, [pc, #24]	@ (100055b4 <dcd_edpt_stall+0x38>)
1000559c:	1840      	adds	r0, r0, r1
1000559e:	0140      	lsls	r0, r0, #5
100055a0:	2100      	movs	r1, #0
100055a2:	18c0      	adds	r0, r0, r3
100055a4:	0112      	lsls	r2, r2, #4
100055a6:	f002 f8bf 	bl	10007728 <___hw_endpoint_buffer_control_update32_veneer>
100055aa:	b003      	add	sp, #12
100055ac:	bd00      	pop	{pc}
100055ae:	46c0      	nop			@ (mov r8, r8)
100055b0:	50112000 	.word	0x50112000
100055b4:	20001da4 	.word	0x20001da4

100055b8 <dcd_edpt_clear_stall>:
100055b8:	227f      	movs	r2, #127	@ 0x7f
100055ba:	0013      	movs	r3, r2
100055bc:	b510      	push	{r4, lr}
100055be:	400b      	ands	r3, r1
100055c0:	420a      	tst	r2, r1
100055c2:	d100      	bne.n	100055c6 <dcd_edpt_clear_stall+0xe>
100055c4:	bd10      	pop	{r4, pc}
100055c6:	09c9      	lsrs	r1, r1, #7
100055c8:	005b      	lsls	r3, r3, #1
100055ca:	185b      	adds	r3, r3, r1
100055cc:	4804      	ldr	r0, [pc, #16]	@ (100055e0 <dcd_edpt_clear_stall+0x28>)
100055ce:	015b      	lsls	r3, r3, #5
100055d0:	18c0      	adds	r0, r0, r3
100055d2:	2300      	movs	r3, #0
100055d4:	2200      	movs	r2, #0
100055d6:	4903      	ldr	r1, [pc, #12]	@ (100055e4 <dcd_edpt_clear_stall+0x2c>)
100055d8:	70c3      	strb	r3, [r0, #3]
100055da:	f002 f8a5 	bl	10007728 <___hw_endpoint_buffer_control_update32_veneer>
100055de:	e7f1      	b.n	100055c4 <dcd_edpt_clear_stall+0xc>
100055e0:	20001da4 	.word	0x20001da4
100055e4:	fffff7ff 	.word	0xfffff7ff

100055e8 <rp2040_usb_init>:
100055e8:	2280      	movs	r2, #128	@ 0x80
100055ea:	4b0a      	ldr	r3, [pc, #40]	@ (10005614 <rp2040_usb_init+0x2c>)
100055ec:	0452      	lsls	r2, r2, #17
100055ee:	b510      	push	{r4, lr}
100055f0:	601a      	str	r2, [r3, #0]
100055f2:	4b09      	ldr	r3, [pc, #36]	@ (10005618 <rp2040_usb_init+0x30>)
100055f4:	4909      	ldr	r1, [pc, #36]	@ (1000561c <rp2040_usb_init+0x34>)
100055f6:	601a      	str	r2, [r3, #0]
100055f8:	0010      	movs	r0, r2
100055fa:	680b      	ldr	r3, [r1, #0]
100055fc:	4398      	bics	r0, r3
100055fe:	d1fb      	bne.n	100055f8 <rp2040_usb_init+0x10>
10005600:	2280      	movs	r2, #128	@ 0x80
10005602:	2100      	movs	r1, #0
10005604:	0152      	lsls	r2, r2, #5
10005606:	4806      	ldr	r0, [pc, #24]	@ (10005620 <rp2040_usb_init+0x38>)
10005608:	f7fd fc34 	bl	10002e74 <__wrap_memset>
1000560c:	2209      	movs	r2, #9
1000560e:	4b05      	ldr	r3, [pc, #20]	@ (10005624 <rp2040_usb_init+0x3c>)
10005610:	675a      	str	r2, [r3, #116]	@ 0x74
10005612:	bd10      	pop	{r4, pc}
10005614:	4000e000 	.word	0x4000e000
10005618:	4000f000 	.word	0x4000f000
1000561c:	4000c008 	.word	0x4000c008
10005620:	50100000 	.word	0x50100000
10005624:	50110000 	.word	0x50110000

10005628 <hw_endpoint_xfer_start>:
10005628:	2300      	movs	r3, #0
1000562a:	b510      	push	{r4, lr}
1000562c:	82c3      	strh	r3, [r0, #22]
1000562e:	3301      	adds	r3, #1
10005630:	8282      	strh	r2, [r0, #20]
10005632:	7683      	strb	r3, [r0, #26]
10005634:	6101      	str	r1, [r0, #16]
10005636:	0004      	movs	r4, r0
10005638:	f002 f81e 	bl	10007678 <__e15_is_bulkin_ep_veneer>
1000563c:	2800      	cmp	r0, #0
1000563e:	d004      	beq.n	1000564a <hw_endpoint_xfer_start+0x22>
10005640:	2180      	movs	r1, #128	@ 0x80
10005642:	2390      	movs	r3, #144	@ 0x90
10005644:	4a07      	ldr	r2, [pc, #28]	@ (10005664 <hw_endpoint_xfer_start+0x3c>)
10005646:	0289      	lsls	r1, r1, #10
10005648:	50d1      	str	r1, [r2, r3]
1000564a:	0020      	movs	r0, r4
1000564c:	f002 f824 	bl	10007698 <__e15_is_critical_frame_period_veneer>
10005650:	2800      	cmp	r0, #0
10005652:	d002      	beq.n	1000565a <hw_endpoint_xfer_start+0x32>
10005654:	2301      	movs	r3, #1
10005656:	7723      	strb	r3, [r4, #28]
10005658:	bd10      	pop	{r4, pc}
1000565a:	0020      	movs	r0, r4
1000565c:	f002 f85c 	bl	10007718 <__hw_endpoint_start_next_buffer_veneer>
10005660:	e7fa      	b.n	10005658 <hw_endpoint_xfer_start+0x30>
10005662:	46c0      	nop			@ (mov r8, r8)
10005664:	50112000 	.word	0x50112000

10005668 <tud_event_hook_cb>:
10005668:	4770      	bx	lr
1000566a:	46c0      	nop			@ (mov r8, r8)

1000566c <tud_sof_cb>:
1000566c:	4770      	bx	lr
1000566e:	46c0      	nop			@ (mov r8, r8)

10005670 <tud_descriptor_device_qualifier_cb>:
10005670:	2000      	movs	r0, #0
10005672:	4770      	bx	lr

10005674 <tud_descriptor_other_speed_configuration_cb>:
10005674:	2000      	movs	r0, #0
10005676:	4770      	bx	lr

10005678 <tud_mount_cb>:
10005678:	4770      	bx	lr
1000567a:	46c0      	nop			@ (mov r8, r8)

1000567c <tud_umount_cb>:
1000567c:	4770      	bx	lr
1000567e:	46c0      	nop			@ (mov r8, r8)

10005680 <tud_suspend_cb>:
10005680:	4770      	bx	lr
10005682:	46c0      	nop			@ (mov r8, r8)

10005684 <tud_resume_cb>:
10005684:	4770      	bx	lr
10005686:	46c0      	nop			@ (mov r8, r8)

10005688 <tud_mounted>:
10005688:	4b02      	ldr	r3, [pc, #8]	@ (10005694 <tud_mounted+0xc>)
1000568a:	7858      	ldrb	r0, [r3, #1]
1000568c:	1e43      	subs	r3, r0, #1
1000568e:	4198      	sbcs	r0, r3
10005690:	b2c0      	uxtb	r0, r0
10005692:	4770      	bx	lr
10005694:	20001648 	.word	0x20001648

10005698 <tud_suspended>:
10005698:	4b02      	ldr	r3, [pc, #8]	@ (100056a4 <tud_suspended+0xc>)
1000569a:	7818      	ldrb	r0, [r3, #0]
1000569c:	0740      	lsls	r0, r0, #29
1000569e:	0fc0      	lsrs	r0, r0, #31
100056a0:	4770      	bx	lr
100056a2:	46c0      	nop			@ (mov r8, r8)
100056a4:	20001648 	.word	0x20001648

100056a8 <tud_rhport_init>:
100056a8:	b5f0      	push	{r4, r5, r6, r7, lr}
100056aa:	46d6      	mov	lr, sl
100056ac:	464f      	mov	r7, r9
100056ae:	4646      	mov	r6, r8
100056b0:	b5c0      	push	{r6, r7, lr}
100056b2:	4b2f      	ldr	r3, [pc, #188]	@ (10005770 <tud_rhport_init+0xc8>)
100056b4:	0007      	movs	r7, r0
100056b6:	469a      	mov	sl, r3
100056b8:	781b      	ldrb	r3, [r3, #0]
100056ba:	000e      	movs	r6, r1
100056bc:	2bff      	cmp	r3, #255	@ 0xff
100056be:	d150      	bne.n	10005762 <tud_rhport_init+0xba>
100056c0:	2900      	cmp	r1, #0
100056c2:	d041      	beq.n	10005748 <tud_rhport_init+0xa0>
100056c4:	2100      	movs	r1, #0
100056c6:	2254      	movs	r2, #84	@ 0x54
100056c8:	482a      	ldr	r0, [pc, #168]	@ (10005774 <tud_rhport_init+0xcc>)
100056ca:	f7fd fbd3 	bl	10002e74 <__wrap_memset>
100056ce:	2200      	movs	r2, #0
100056d0:	4c29      	ldr	r4, [pc, #164]	@ (10005778 <tud_rhport_init+0xd0>)
100056d2:	4b2a      	ldr	r3, [pc, #168]	@ (1000577c <tud_rhport_init+0xd4>)
100056d4:	0020      	movs	r0, r4
100056d6:	701a      	strb	r2, [r3, #0]
100056d8:	f7fb fc1c 	bl	10000f14 <mutex_init>
100056dc:	4b28      	ldr	r3, [pc, #160]	@ (10005780 <tud_rhport_init+0xd8>)
100056de:	601c      	str	r4, [r3, #0]
100056e0:	4c28      	ldr	r4, [pc, #160]	@ (10005784 <tud_rhport_init+0xdc>)
100056e2:	0020      	movs	r0, r4
100056e4:	3c14      	subs	r4, #20
100056e6:	f7fb fc23 	bl	10000f30 <critical_section_init>
100056ea:	0020      	movs	r0, r4
100056ec:	f001 fe10 	bl	10007310 <tu_fifo_clear>
100056f0:	4b25      	ldr	r3, [pc, #148]	@ (10005788 <tud_rhport_init+0xe0>)
100056f2:	4d26      	ldr	r5, [pc, #152]	@ (1000578c <tud_rhport_init+0xe4>)
100056f4:	601c      	str	r4, [r3, #0]
100056f6:	4b26      	ldr	r3, [pc, #152]	@ (10005790 <tud_rhport_init+0xe8>)
100056f8:	2b00      	cmp	r3, #0
100056fa:	d004      	beq.n	10005706 <tud_rhport_init+0x5e>
100056fc:	0028      	movs	r0, r5
100056fe:	f7ff fac7 	bl	10004c90 <usbd_app_driver_get_cb>
10005702:	4b24      	ldr	r3, [pc, #144]	@ (10005794 <tud_rhport_init+0xec>)
10005704:	6018      	str	r0, [r3, #0]
10005706:	4924      	ldr	r1, [pc, #144]	@ (10005798 <tud_rhport_init+0xf0>)
10005708:	2400      	movs	r4, #0
1000570a:	4689      	mov	r9, r1
1000570c:	4921      	ldr	r1, [pc, #132]	@ (10005794 <tud_rhport_init+0xec>)
1000570e:	2300      	movs	r3, #0
10005710:	4688      	mov	r8, r1
10005712:	782a      	ldrb	r2, [r5, #0]
10005714:	e010      	b.n	10005738 <tud_rhport_init+0x90>
10005716:	4643      	mov	r3, r8
10005718:	681b      	ldr	r3, [r3, #0]
1000571a:	0162      	lsls	r2, r4, #5
1000571c:	189b      	adds	r3, r3, r2
1000571e:	2b00      	cmp	r3, #0
10005720:	d012      	beq.n	10005748 <tud_rhport_init+0xa0>
10005722:	685b      	ldr	r3, [r3, #4]
10005724:	2b00      	cmp	r3, #0
10005726:	d00f      	beq.n	10005748 <tud_rhport_init+0xa0>
10005728:	4798      	blx	r3
1000572a:	782a      	ldrb	r2, [r5, #0]
1000572c:	3401      	adds	r4, #1
1000572e:	b2e4      	uxtb	r4, r4
10005730:	1c51      	adds	r1, r2, #1
10005732:	0023      	movs	r3, r4
10005734:	42a1      	cmp	r1, r4
10005736:	db09      	blt.n	1000574c <tud_rhport_init+0xa4>
10005738:	42a2      	cmp	r2, r4
1000573a:	d8ec      	bhi.n	10005716 <tud_rhport_init+0x6e>
1000573c:	1a9b      	subs	r3, r3, r2
1000573e:	015b      	lsls	r3, r3, #5
10005740:	444b      	add	r3, r9
10005742:	685b      	ldr	r3, [r3, #4]
10005744:	2b00      	cmp	r3, #0
10005746:	d1ef      	bne.n	10005728 <tud_rhport_init+0x80>
10005748:	2000      	movs	r0, #0
1000574a:	e00b      	b.n	10005764 <tud_rhport_init+0xbc>
1000574c:	4653      	mov	r3, sl
1000574e:	0031      	movs	r1, r6
10005750:	0038      	movs	r0, r7
10005752:	701f      	strb	r7, [r3, #0]
10005754:	f7ff fdfe 	bl	10005354 <dcd_init>
10005758:	2800      	cmp	r0, #0
1000575a:	d0f5      	beq.n	10005748 <tud_rhport_init+0xa0>
1000575c:	0038      	movs	r0, r7
1000575e:	f7ff fe41 	bl	100053e4 <dcd_int_enable>
10005762:	2001      	movs	r0, #1
10005764:	bce0      	pop	{r5, r6, r7}
10005766:	46ba      	mov	sl, r7
10005768:	46b1      	mov	r9, r6
1000576a:	46a8      	mov	r8, r5
1000576c:	bdf0      	pop	{r4, r5, r6, r7, pc}
1000576e:	46c0      	nop			@ (mov r8, r8)
10005770:	20001104 	.word	0x20001104
10005774:	20001648 	.word	0x20001648
10005778:	20001640 	.word	0x20001640
1000577c:	20002212 	.word	0x20002212
10005780:	2000169c 	.word	0x2000169c
10005784:	200010fc 	.word	0x200010fc
10005788:	200016a0 	.word	0x200016a0
1000578c:	20002210 	.word	0x20002210
10005790:	10004c91 	.word	0x10004c91
10005794:	20001498 	.word	0x20001498
10005798:	10007f5c 	.word	0x10007f5c

1000579c <tud_task_ext>:
1000579c:	b5f0      	push	{r4, r5, r6, r7, lr}
1000579e:	46de      	mov	lr, fp
100057a0:	4657      	mov	r7, sl
100057a2:	464e      	mov	r6, r9
100057a4:	4645      	mov	r5, r8
100057a6:	b5e0      	push	{r5, r6, r7, lr}
100057a8:	4bc8      	ldr	r3, [pc, #800]	@ (10005acc <tud_task_ext+0x330>)
100057aa:	b091      	sub	sp, #68	@ 0x44
100057ac:	9302      	str	r3, [sp, #8]
100057ae:	781b      	ldrb	r3, [r3, #0]
100057b0:	2bff      	cmp	r3, #255	@ 0xff
100057b2:	d100      	bne.n	100057b6 <tud_task_ext+0x1a>
100057b4:	e13e      	b.n	10005a34 <tud_task_ext+0x298>
100057b6:	4bc6      	ldr	r3, [pc, #792]	@ (10005ad0 <tud_task_ext+0x334>)
100057b8:	4ec6      	ldr	r6, [pc, #792]	@ (10005ad4 <tud_task_ext+0x338>)
100057ba:	469b      	mov	fp, r3
100057bc:	465f      	mov	r7, fp
100057be:	4bc6      	ldr	r3, [pc, #792]	@ (10005ad8 <tud_task_ext+0x33c>)
100057c0:	ac0d      	add	r4, sp, #52	@ 0x34
100057c2:	9301      	str	r3, [sp, #4]
100057c4:	4bc5      	ldr	r3, [pc, #788]	@ (10005adc <tud_task_ext+0x340>)
100057c6:	9300      	str	r3, [sp, #0]
100057c8:	6835      	ldr	r5, [r6, #0]
100057ca:	696a      	ldr	r2, [r5, #20]
100057cc:	f3ef 8110 	mrs	r1, PRIMASK
100057d0:	b672      	cpsid	i
100057d2:	6813      	ldr	r3, [r2, #0]
100057d4:	2b00      	cmp	r3, #0
100057d6:	d0fc      	beq.n	100057d2 <tud_task_ext+0x36>
100057d8:	f3bf 8f5f 	dmb	sy
100057dc:	61a9      	str	r1, [r5, #24]
100057de:	0028      	movs	r0, r5
100057e0:	0021      	movs	r1, r4
100057e2:	f001 fbc5 	bl	10006f70 <tu_fifo_read>
100057e6:	696a      	ldr	r2, [r5, #20]
100057e8:	69ab      	ldr	r3, [r5, #24]
100057ea:	f3bf 8f5f 	dmb	sy
100057ee:	2100      	movs	r1, #0
100057f0:	6011      	str	r1, [r2, #0]
100057f2:	f383 8810 	msr	PRIMASK, r3
100057f6:	2800      	cmp	r0, #0
100057f8:	d100      	bne.n	100057fc <tud_task_ext+0x60>
100057fa:	e11b      	b.n	10005a34 <tud_task_ext+0x298>
100057fc:	7863      	ldrb	r3, [r4, #1]
100057fe:	2b08      	cmp	r3, #8
10005800:	d8e2      	bhi.n	100057c8 <tud_task_ext+0x2c>
10005802:	009b      	lsls	r3, r3, #2
10005804:	58fb      	ldr	r3, [r7, r3]
10005806:	469f      	mov	pc, r3
10005808:	6863      	ldr	r3, [r4, #4]
1000580a:	2b00      	cmp	r3, #0
1000580c:	d0dc      	beq.n	100057c8 <tud_task_ext+0x2c>
1000580e:	68a0      	ldr	r0, [r4, #8]
10005810:	4798      	blx	r3
10005812:	e7d9      	b.n	100057c8 <tud_task_ext+0x2c>
10005814:	227f      	movs	r2, #127	@ 0x7f
10005816:	7921      	ldrb	r1, [r4, #4]
10005818:	4daf      	ldr	r5, [pc, #700]	@ (10005ad8 <tud_task_ext+0x33c>)
1000581a:	400a      	ands	r2, r1
1000581c:	0053      	lsls	r3, r2, #1
1000581e:	18eb      	adds	r3, r5, r3
10005820:	4698      	mov	r8, r3
10005822:	09c8      	lsrs	r0, r1, #7
10005824:	4480      	add	r8, r0
10005826:	4640      	mov	r0, r8
10005828:	2301      	movs	r3, #1
1000582a:	3030      	adds	r0, #48	@ 0x30
1000582c:	7905      	ldrb	r5, [r0, #4]
1000582e:	439d      	bics	r5, r3
10005830:	7105      	strb	r5, [r0, #4]
10005832:	7905      	ldrb	r5, [r0, #4]
10005834:	3303      	adds	r3, #3
10005836:	439d      	bics	r5, r3
10005838:	7105      	strb	r5, [r0, #4]
1000583a:	2a00      	cmp	r2, #0
1000583c:	d100      	bne.n	10005840 <tud_task_ext+0xa4>
1000583e:	e100      	b.n	10005a42 <tud_task_ext+0x2a6>
10005840:	4643      	mov	r3, r8
10005842:	4aa7      	ldr	r2, [pc, #668]	@ (10005ae0 <tud_task_ext+0x344>)
10005844:	7d1b      	ldrb	r3, [r3, #20]
10005846:	7812      	ldrb	r2, [r2, #0]
10005848:	4293      	cmp	r3, r2
1000584a:	d300      	bcc.n	1000584e <tud_task_ext+0xb2>
1000584c:	e0ef      	b.n	10005a2e <tud_task_ext+0x292>
1000584e:	4aa5      	ldr	r2, [pc, #660]	@ (10005ae4 <tud_task_ext+0x348>)
10005850:	015b      	lsls	r3, r3, #5
10005852:	6815      	ldr	r5, [r2, #0]
10005854:	18ed      	adds	r5, r5, r3
10005856:	2d00      	cmp	r5, #0
10005858:	d100      	bne.n	1000585c <tud_task_ext+0xc0>
1000585a:	e0eb      	b.n	10005a34 <tud_task_ext+0x298>
1000585c:	68a3      	ldr	r3, [r4, #8]
1000585e:	7962      	ldrb	r2, [r4, #5]
10005860:	7820      	ldrb	r0, [r4, #0]
10005862:	69ad      	ldr	r5, [r5, #24]
10005864:	47a8      	blx	r5
10005866:	e7af      	b.n	100057c8 <tud_task_ext+0x2c>
10005868:	4a9f      	ldr	r2, [pc, #636]	@ (10005ae8 <tud_task_ext+0x34c>)
1000586a:	7813      	ldrb	r3, [r2, #0]
1000586c:	2b00      	cmp	r3, #0
1000586e:	d100      	bne.n	10005872 <tud_task_ext+0xd6>
10005870:	e0e0      	b.n	10005a34 <tud_task_ext+0x298>
10005872:	7813      	ldrb	r3, [r2, #0]
10005874:	3b01      	subs	r3, #1
10005876:	b2db      	uxtb	r3, r3
10005878:	7013      	strb	r3, [r2, #0]
1000587a:	7813      	ldrb	r3, [r2, #0]
1000587c:	2b00      	cmp	r3, #0
1000587e:	d1a3      	bne.n	100057c8 <tud_task_ext+0x2c>
10005880:	2201      	movs	r2, #1
10005882:	4d95      	ldr	r5, [pc, #596]	@ (10005ad8 <tud_task_ext+0x33c>)
10005884:	2101      	movs	r1, #1
10005886:	782b      	ldrb	r3, [r5, #0]
10005888:	2004      	movs	r0, #4
1000588a:	4313      	orrs	r3, r2
1000588c:	702b      	strb	r3, [r5, #0]
1000588e:	2334      	movs	r3, #52	@ 0x34
10005890:	5cea      	ldrb	r2, [r5, r3]
10005892:	438a      	bics	r2, r1
10005894:	54ea      	strb	r2, [r5, r3]
10005896:	5cea      	ldrb	r2, [r5, r3]
10005898:	4382      	bics	r2, r0
1000589a:	54ea      	strb	r2, [r5, r3]
1000589c:	3301      	adds	r3, #1
1000589e:	5cea      	ldrb	r2, [r5, r3]
100058a0:	438a      	bics	r2, r1
100058a2:	54ea      	strb	r2, [r5, r3]
100058a4:	5cea      	ldrb	r2, [r5, r3]
100058a6:	4382      	bics	r2, r0
100058a8:	54ea      	strb	r2, [r5, r3]
100058aa:	7823      	ldrb	r3, [r4, #0]
100058ac:	2000      	movs	r0, #0
100058ae:	469b      	mov	fp, r3
100058b0:	f000 fc9e 	bl	100061f0 <usbd_control_set_complete_callback>
100058b4:	2260      	movs	r2, #96	@ 0x60
100058b6:	7923      	ldrb	r3, [r4, #4]
100058b8:	401a      	ands	r2, r3
100058ba:	2a60      	cmp	r2, #96	@ 0x60
100058bc:	d100      	bne.n	100058c0 <tud_task_ext+0x124>
100058be:	e0ef      	b.n	10005aa0 <tud_task_ext+0x304>
100058c0:	2a40      	cmp	r2, #64	@ 0x40
100058c2:	d100      	bne.n	100058c6 <tud_task_ext+0x12a>
100058c4:	e0f5      	b.n	10005ab2 <tud_task_ext+0x316>
100058c6:	06db      	lsls	r3, r3, #27
100058c8:	0edb      	lsrs	r3, r3, #27
100058ca:	2b01      	cmp	r3, #1
100058cc:	d100      	bne.n	100058d0 <tud_task_ext+0x134>
100058ce:	e113      	b.n	10005af8 <tud_task_ext+0x35c>
100058d0:	2b02      	cmp	r3, #2
100058d2:	d100      	bne.n	100058d6 <tud_task_ext+0x13a>
100058d4:	e0c7      	b.n	10005a66 <tud_task_ext+0x2ca>
100058d6:	2b00      	cmp	r3, #0
100058d8:	d000      	beq.n	100058dc <tud_task_ext+0x140>
100058da:	e0e1      	b.n	10005aa0 <tud_task_ext+0x304>
100058dc:	2a20      	cmp	r2, #32
100058de:	d100      	bne.n	100058e2 <tud_task_ext+0x146>
100058e0:	e21c      	b.n	10005d1c <tud_task_ext+0x580>
100058e2:	2a00      	cmp	r2, #0
100058e4:	d000      	beq.n	100058e8 <tud_task_ext+0x14c>
100058e6:	e0db      	b.n	10005aa0 <tud_task_ext+0x304>
100058e8:	7963      	ldrb	r3, [r4, #5]
100058ea:	2b09      	cmp	r3, #9
100058ec:	d900      	bls.n	100058f0 <tud_task_ext+0x154>
100058ee:	e0d7      	b.n	10005aa0 <tud_task_ext+0x304>
100058f0:	4a7e      	ldr	r2, [pc, #504]	@ (10005aec <tud_task_ext+0x350>)
100058f2:	009b      	lsls	r3, r3, #2
100058f4:	58d3      	ldr	r3, [r2, r3]
100058f6:	469f      	mov	pc, r3
100058f8:	4d77      	ldr	r5, [pc, #476]	@ (10005ad8 <tud_task_ext+0x33c>)
100058fa:	782b      	ldrb	r3, [r5, #0]
100058fc:	07db      	lsls	r3, r3, #31
100058fe:	d400      	bmi.n	10005902 <tud_task_ext+0x166>
10005900:	e762      	b.n	100057c8 <tud_task_ext+0x2c>
10005902:	f7ff febf 	bl	10005684 <tud_resume_cb>
10005906:	e75f      	b.n	100057c8 <tud_task_ext+0x2c>
10005908:	9b01      	ldr	r3, [sp, #4]
1000590a:	78db      	ldrb	r3, [r3, #3]
1000590c:	07db      	lsls	r3, r3, #31
1000590e:	d400      	bmi.n	10005912 <tud_task_ext+0x176>
10005910:	e75a      	b.n	100057c8 <tud_task_ext+0x2c>
10005912:	6860      	ldr	r0, [r4, #4]
10005914:	f7ff feaa 	bl	1000566c <tud_sof_cb>
10005918:	e756      	b.n	100057c8 <tud_task_ext+0x2c>
1000591a:	4d6f      	ldr	r5, [pc, #444]	@ (10005ad8 <tud_task_ext+0x33c>)
1000591c:	782b      	ldrb	r3, [r5, #0]
1000591e:	07db      	lsls	r3, r3, #31
10005920:	d400      	bmi.n	10005924 <tud_task_ext+0x188>
10005922:	e751      	b.n	100057c8 <tud_task_ext+0x2c>
10005924:	7828      	ldrb	r0, [r5, #0]
10005926:	0700      	lsls	r0, r0, #28
10005928:	0fc0      	lsrs	r0, r0, #31
1000592a:	f7ff fea9 	bl	10005680 <tud_suspend_cb>
1000592e:	e74b      	b.n	100057c8 <tud_task_ext+0x2c>
10005930:	7823      	ldrb	r3, [r4, #0]
10005932:	496a      	ldr	r1, [pc, #424]	@ (10005adc <tud_task_ext+0x340>)
10005934:	4699      	mov	r9, r3
10005936:	468b      	mov	fp, r1
10005938:	4b69      	ldr	r3, [pc, #420]	@ (10005ae0 <tud_task_ext+0x344>)
1000593a:	496a      	ldr	r1, [pc, #424]	@ (10005ae4 <tud_task_ext+0x348>)
1000593c:	4698      	mov	r8, r3
1000593e:	468a      	mov	sl, r1
10005940:	0039      	movs	r1, r7
10005942:	781a      	ldrb	r2, [r3, #0]
10005944:	4647      	mov	r7, r8
10005946:	2300      	movs	r3, #0
10005948:	46b0      	mov	r8, r6
1000594a:	2500      	movs	r5, #0
1000594c:	464e      	mov	r6, r9
1000594e:	4689      	mov	r9, r1
10005950:	e010      	b.n	10005974 <tud_task_ext+0x1d8>
10005952:	4653      	mov	r3, sl
10005954:	681b      	ldr	r3, [r3, #0]
10005956:	016a      	lsls	r2, r5, #5
10005958:	189b      	adds	r3, r3, r2
1000595a:	2b00      	cmp	r3, #0
1000595c:	d100      	bne.n	10005960 <tud_task_ext+0x1c4>
1000595e:	e076      	b.n	10005a4e <tud_task_ext+0x2b2>
10005960:	68db      	ldr	r3, [r3, #12]
10005962:	0030      	movs	r0, r6
10005964:	4798      	blx	r3
10005966:	783a      	ldrb	r2, [r7, #0]
10005968:	3501      	adds	r5, #1
1000596a:	b2ed      	uxtb	r5, r5
1000596c:	1c51      	adds	r1, r2, #1
1000596e:	002b      	movs	r3, r5
10005970:	428d      	cmp	r5, r1
10005972:	dc44      	bgt.n	100059fe <tud_task_ext+0x262>
10005974:	4295      	cmp	r5, r2
10005976:	d3ec      	bcc.n	10005952 <tud_task_ext+0x1b6>
10005978:	1a9b      	subs	r3, r3, r2
1000597a:	015b      	lsls	r3, r3, #5
1000597c:	445b      	add	r3, fp
1000597e:	e7ef      	b.n	10005960 <tud_task_ext+0x1c4>
10005980:	7823      	ldrb	r3, [r4, #0]
10005982:	4958      	ldr	r1, [pc, #352]	@ (10005ae4 <tud_task_ext+0x348>)
10005984:	4699      	mov	r9, r3
10005986:	4b56      	ldr	r3, [pc, #344]	@ (10005ae0 <tud_task_ext+0x344>)
10005988:	468a      	mov	sl, r1
1000598a:	4698      	mov	r8, r3
1000598c:	0031      	movs	r1, r6
1000598e:	46bb      	mov	fp, r7
10005990:	464e      	mov	r6, r9
10005992:	781a      	ldrb	r2, [r3, #0]
10005994:	2500      	movs	r5, #0
10005996:	2300      	movs	r3, #0
10005998:	4647      	mov	r7, r8
1000599a:	4689      	mov	r9, r1
1000599c:	e00f      	b.n	100059be <tud_task_ext+0x222>
1000599e:	4653      	mov	r3, sl
100059a0:	681b      	ldr	r3, [r3, #0]
100059a2:	016a      	lsls	r2, r5, #5
100059a4:	189b      	adds	r3, r3, r2
100059a6:	2b00      	cmp	r3, #0
100059a8:	d055      	beq.n	10005a56 <tud_task_ext+0x2ba>
100059aa:	68db      	ldr	r3, [r3, #12]
100059ac:	0030      	movs	r0, r6
100059ae:	4798      	blx	r3
100059b0:	783a      	ldrb	r2, [r7, #0]
100059b2:	3501      	adds	r5, #1
100059b4:	b2ed      	uxtb	r5, r5
100059b6:	1c51      	adds	r1, r2, #1
100059b8:	002b      	movs	r3, r5
100059ba:	428d      	cmp	r5, r1
100059bc:	dc07      	bgt.n	100059ce <tud_task_ext+0x232>
100059be:	4295      	cmp	r5, r2
100059c0:	d3ed      	bcc.n	1000599e <tud_task_ext+0x202>
100059c2:	1a9b      	subs	r3, r3, r2
100059c4:	9a00      	ldr	r2, [sp, #0]
100059c6:	015b      	lsls	r3, r3, #5
100059c8:	4694      	mov	ip, r2
100059ca:	4463      	add	r3, ip
100059cc:	e7ed      	b.n	100059aa <tud_task_ext+0x20e>
100059ce:	9d01      	ldr	r5, [sp, #4]
100059d0:	2254      	movs	r2, #84	@ 0x54
100059d2:	2100      	movs	r1, #0
100059d4:	0028      	movs	r0, r5
100059d6:	f7fd fa4d 	bl	10002e74 <__wrap_memset>
100059da:	2210      	movs	r2, #16
100059dc:	21ff      	movs	r1, #255	@ 0xff
100059de:	4844      	ldr	r0, [pc, #272]	@ (10005af0 <tud_task_ext+0x354>)
100059e0:	f7fd fa48 	bl	10002e74 <__wrap_memset>
100059e4:	0028      	movs	r0, r5
100059e6:	2220      	movs	r2, #32
100059e8:	21ff      	movs	r1, #255	@ 0xff
100059ea:	3014      	adds	r0, #20
100059ec:	464e      	mov	r6, r9
100059ee:	465f      	mov	r7, fp
100059f0:	f7fd fa40 	bl	10002e74 <__wrap_memset>
100059f4:	f000 fbf2 	bl	100061dc <usbd_control_reset>
100059f8:	f7ff fe40 	bl	1000567c <tud_umount_cb>
100059fc:	e6e4      	b.n	100057c8 <tud_task_ext+0x2c>
100059fe:	4d36      	ldr	r5, [pc, #216]	@ (10005ad8 <tud_task_ext+0x33c>)
10005a00:	2254      	movs	r2, #84	@ 0x54
10005a02:	2100      	movs	r1, #0
10005a04:	0028      	movs	r0, r5
10005a06:	f7fd fa35 	bl	10002e74 <__wrap_memset>
10005a0a:	2210      	movs	r2, #16
10005a0c:	21ff      	movs	r1, #255	@ 0xff
10005a0e:	1d28      	adds	r0, r5, #4
10005a10:	f7fd fa30 	bl	10002e74 <__wrap_memset>
10005a14:	0028      	movs	r0, r5
10005a16:	2220      	movs	r2, #32
10005a18:	21ff      	movs	r1, #255	@ 0xff
10005a1a:	3014      	adds	r0, #20
10005a1c:	4646      	mov	r6, r8
10005a1e:	464f      	mov	r7, r9
10005a20:	f7fd fa28 	bl	10002e74 <__wrap_memset>
10005a24:	f000 fbda 	bl	100061dc <usbd_control_reset>
10005a28:	7923      	ldrb	r3, [r4, #4]
10005a2a:	70ab      	strb	r3, [r5, #2]
10005a2c:	e6cc      	b.n	100057c8 <tud_task_ext+0x2c>
10005a2e:	1c50      	adds	r0, r2, #1
10005a30:	4298      	cmp	r0, r3
10005a32:	da13      	bge.n	10005a5c <tud_task_ext+0x2c0>
10005a34:	b011      	add	sp, #68	@ 0x44
10005a36:	bcf0      	pop	{r4, r5, r6, r7}
10005a38:	46bb      	mov	fp, r7
10005a3a:	46b2      	mov	sl, r6
10005a3c:	46a9      	mov	r9, r5
10005a3e:	46a0      	mov	r8, r4
10005a40:	bdf0      	pop	{r4, r5, r6, r7, pc}
10005a42:	68a3      	ldr	r3, [r4, #8]
10005a44:	7962      	ldrb	r2, [r4, #5]
10005a46:	7820      	ldrb	r0, [r4, #0]
10005a48:	f000 fbe6 	bl	10006218 <usbd_control_xfer_cb>
10005a4c:	e6bc      	b.n	100057c8 <tud_task_ext+0x2c>
10005a4e:	4646      	mov	r6, r8
10005a50:	464f      	mov	r7, r9
10005a52:	4d21      	ldr	r5, [pc, #132]	@ (10005ad8 <tud_task_ext+0x33c>)
10005a54:	e7e6      	b.n	10005a24 <tud_task_ext+0x288>
10005a56:	464e      	mov	r6, r9
10005a58:	465f      	mov	r7, fp
10005a5a:	e7cb      	b.n	100059f4 <tud_task_ext+0x258>
10005a5c:	4d1f      	ldr	r5, [pc, #124]	@ (10005adc <tud_task_ext+0x340>)
10005a5e:	1a9b      	subs	r3, r3, r2
10005a60:	015b      	lsls	r3, r3, #5
10005a62:	195d      	adds	r5, r3, r5
10005a64:	e6fa      	b.n	1000585c <tud_task_ext+0xc0>
10005a66:	2370      	movs	r3, #112	@ 0x70
10005a68:	7a21      	ldrb	r1, [r4, #8]
10005a6a:	420b      	tst	r3, r1
10005a6c:	d118      	bne.n	10005aa0 <tud_task_ext+0x304>
10005a6e:	09c8      	lsrs	r0, r1, #7
10005a70:	4682      	mov	sl, r0
10005a72:	330f      	adds	r3, #15
10005a74:	400b      	ands	r3, r1
10005a76:	005b      	lsls	r3, r3, #1
10005a78:	4698      	mov	r8, r3
10005a7a:	4819      	ldr	r0, [pc, #100]	@ (10005ae0 <tud_task_ext+0x344>)
10005a7c:	18eb      	adds	r3, r5, r3
10005a7e:	4453      	add	r3, sl
10005a80:	7d1b      	ldrb	r3, [r3, #20]
10005a82:	7800      	ldrb	r0, [r0, #0]
10005a84:	4699      	mov	r9, r3
10005a86:	4283      	cmp	r3, r0
10005a88:	d266      	bcs.n	10005b58 <tud_task_ext+0x3bc>
10005a8a:	4816      	ldr	r0, [pc, #88]	@ (10005ae4 <tud_task_ext+0x348>)
10005a8c:	015b      	lsls	r3, r3, #5
10005a8e:	6800      	ldr	r0, [r0, #0]
10005a90:	4681      	mov	r9, r0
10005a92:	4499      	add	r9, r3
10005a94:	2a00      	cmp	r2, #0
10005a96:	d100      	bne.n	10005a9a <tud_task_ext+0x2fe>
10005a98:	e15f      	b.n	10005d5a <tud_task_ext+0x5be>
10005a9a:	464b      	mov	r3, r9
10005a9c:	2b00      	cmp	r3, #0
10005a9e:	d168      	bne.n	10005b72 <tud_task_ext+0x3d6>
10005aa0:	7820      	ldrb	r0, [r4, #0]
10005aa2:	2100      	movs	r1, #0
10005aa4:	f7ff fd6a 	bl	1000557c <dcd_edpt_stall>
10005aa8:	2180      	movs	r1, #128	@ 0x80
10005aaa:	7820      	ldrb	r0, [r4, #0]
10005aac:	f7ff fd66 	bl	1000557c <dcd_edpt_stall>
10005ab0:	e68a      	b.n	100057c8 <tud_task_ext+0x2c>
10005ab2:	4810      	ldr	r0, [pc, #64]	@ (10005af4 <tud_task_ext+0x358>)
10005ab4:	f000 fb9c 	bl	100061f0 <usbd_control_set_complete_callback>
10005ab8:	2101      	movs	r1, #1
10005aba:	4658      	mov	r0, fp
10005abc:	aa0e      	add	r2, sp, #56	@ 0x38
10005abe:	f7ff f8cd 	bl	10004c5c <tud_vendor_control_xfer_cb>
10005ac2:	2800      	cmp	r0, #0
10005ac4:	d000      	beq.n	10005ac8 <tud_task_ext+0x32c>
10005ac6:	e67f      	b.n	100057c8 <tud_task_ext+0x2c>
10005ac8:	e7ea      	b.n	10005aa0 <tud_task_ext+0x304>
10005aca:	46c0      	nop			@ (mov r8, r8)
10005acc:	20001104 	.word	0x20001104
10005ad0:	10007eb4 	.word	0x10007eb4
10005ad4:	200016a0 	.word	0x200016a0
10005ad8:	20001648 	.word	0x20001648
10005adc:	10007f5c 	.word	0x10007f5c
10005ae0:	20002210 	.word	0x20002210
10005ae4:	20001498 	.word	0x20001498
10005ae8:	20002212 	.word	0x20002212
10005aec:	10007ed8 	.word	0x10007ed8
10005af0:	2000164c 	.word	0x2000164c
10005af4:	10004c5d 	.word	0x10004c5d
10005af8:	7a23      	ldrb	r3, [r4, #8]
10005afa:	2b0f      	cmp	r3, #15
10005afc:	d8d0      	bhi.n	10005aa0 <tud_task_ext+0x304>
10005afe:	4acf      	ldr	r2, [pc, #828]	@ (10005e3c <tud_task_ext+0x6a0>)
10005b00:	18eb      	adds	r3, r5, r3
10005b02:	791b      	ldrb	r3, [r3, #4]
10005b04:	7815      	ldrb	r5, [r2, #0]
10005b06:	42ab      	cmp	r3, r5
10005b08:	d33e      	bcc.n	10005b88 <tud_task_ext+0x3ec>
10005b0a:	1c69      	adds	r1, r5, #1
10005b0c:	4299      	cmp	r1, r3
10005b0e:	dbc7      	blt.n	10005aa0 <tud_task_ext+0x304>
10005b10:	1b5d      	subs	r5, r3, r5
10005b12:	4bcb      	ldr	r3, [pc, #812]	@ (10005e40 <tud_task_ext+0x6a4>)
10005b14:	016d      	lsls	r5, r5, #5
10005b16:	18ed      	adds	r5, r5, r3
10005b18:	6968      	ldr	r0, [r5, #20]
10005b1a:	f000 fb69 	bl	100061f0 <usbd_control_set_complete_callback>
10005b1e:	2101      	movs	r1, #1
10005b20:	4658      	mov	r0, fp
10005b22:	696b      	ldr	r3, [r5, #20]
10005b24:	aa0e      	add	r2, sp, #56	@ 0x38
10005b26:	4798      	blx	r3
10005b28:	2800      	cmp	r0, #0
10005b2a:	d000      	beq.n	10005b2e <tud_task_ext+0x392>
10005b2c:	e64c      	b.n	100057c8 <tud_task_ext+0x2c>
10005b2e:	2260      	movs	r2, #96	@ 0x60
10005b30:	0015      	movs	r5, r2
10005b32:	7923      	ldrb	r3, [r4, #4]
10005b34:	401d      	ands	r5, r3
10005b36:	421a      	tst	r2, r3
10005b38:	d1b2      	bne.n	10005aa0 <tud_task_ext+0x304>
10005b3a:	7963      	ldrb	r3, [r4, #5]
10005b3c:	3b0a      	subs	r3, #10
10005b3e:	2b01      	cmp	r3, #1
10005b40:	d8ae      	bhi.n	10005aa0 <tud_task_ext+0x304>
10005b42:	f000 fb55 	bl	100061f0 <usbd_control_set_complete_callback>
10005b46:	7963      	ldrb	r3, [r4, #5]
10005b48:	2b0a      	cmp	r3, #10
10005b4a:	d100      	bne.n	10005b4e <tud_task_ext+0x3b2>
10005b4c:	e199      	b.n	10005e82 <tud_task_ext+0x6e6>
10005b4e:	4658      	mov	r0, fp
10005b50:	a90e      	add	r1, sp, #56	@ 0x38
10005b52:	f000 fad9 	bl	10006108 <tud_control_status>
10005b56:	e637      	b.n	100057c8 <tud_task_ext+0x2c>
10005b58:	1c43      	adds	r3, r0, #1
10005b5a:	454b      	cmp	r3, r9
10005b5c:	da00      	bge.n	10005b60 <tud_task_ext+0x3c4>
10005b5e:	e0f7      	b.n	10005d50 <tud_task_ext+0x5b4>
10005b60:	464b      	mov	r3, r9
10005b62:	1a1b      	subs	r3, r3, r0
10005b64:	015b      	lsls	r3, r3, #5
10005b66:	4699      	mov	r9, r3
10005b68:	48b5      	ldr	r0, [pc, #724]	@ (10005e40 <tud_task_ext+0x6a4>)
10005b6a:	4481      	add	r9, r0
10005b6c:	2a00      	cmp	r2, #0
10005b6e:	d100      	bne.n	10005b72 <tud_task_ext+0x3d6>
10005b70:	e0f3      	b.n	10005d5a <tud_task_ext+0x5be>
10005b72:	464b      	mov	r3, r9
10005b74:	6958      	ldr	r0, [r3, #20]
10005b76:	f000 fb3b 	bl	100061f0 <usbd_control_set_complete_callback>
10005b7a:	464b      	mov	r3, r9
10005b7c:	2101      	movs	r1, #1
10005b7e:	4658      	mov	r0, fp
10005b80:	695b      	ldr	r3, [r3, #20]
10005b82:	aa0e      	add	r2, sp, #56	@ 0x38
10005b84:	4798      	blx	r3
10005b86:	e79c      	b.n	10005ac2 <tud_task_ext+0x326>
10005b88:	4aae      	ldr	r2, [pc, #696]	@ (10005e44 <tud_task_ext+0x6a8>)
10005b8a:	015b      	lsls	r3, r3, #5
10005b8c:	6815      	ldr	r5, [r2, #0]
10005b8e:	18ed      	adds	r5, r5, r3
10005b90:	2d00      	cmp	r5, #0
10005b92:	d1c1      	bne.n	10005b18 <tud_task_ext+0x37c>
10005b94:	e784      	b.n	10005aa0 <tud_task_ext+0x304>
10005b96:	79a3      	ldrb	r3, [r4, #6]
10005b98:	4699      	mov	r9, r3
10005b9a:	786b      	ldrb	r3, [r5, #1]
10005b9c:	4599      	cmp	r9, r3
10005b9e:	d0d6      	beq.n	10005b4e <tud_task_ext+0x3b2>
10005ba0:	786b      	ldrb	r3, [r5, #1]
10005ba2:	2b00      	cmp	r3, #0
10005ba4:	d000      	beq.n	10005ba8 <tud_task_ext+0x40c>
10005ba6:	e133      	b.n	10005e10 <tud_task_ext+0x674>
10005ba8:	464b      	mov	r3, r9
10005baa:	706b      	strb	r3, [r5, #1]
10005bac:	2b00      	cmp	r3, #0
10005bae:	d100      	bne.n	10005bb2 <tud_task_ext+0x416>
10005bb0:	e12b      	b.n	10005e0a <tud_task_ext+0x66e>
10005bb2:	4648      	mov	r0, r9
10005bb4:	3801      	subs	r0, #1
10005bb6:	b2c0      	uxtb	r0, r0
10005bb8:	f7ff fa92 	bl	100050e0 <tud_descriptor_configuration_cb>
10005bbc:	2800      	cmp	r0, #0
10005bbe:	d100      	bne.n	10005bc2 <tud_task_ext+0x426>
10005bc0:	e17e      	b.n	10005ec0 <tud_task_ext+0x724>
10005bc2:	7843      	ldrb	r3, [r0, #1]
10005bc4:	9307      	str	r3, [sp, #28]
10005bc6:	2b02      	cmp	r3, #2
10005bc8:	d000      	beq.n	10005bcc <tud_task_ext+0x430>
10005bca:	e179      	b.n	10005ec0 <tud_task_ext+0x724>
10005bcc:	2201      	movs	r2, #1
10005bce:	79c1      	ldrb	r1, [r0, #7]
10005bd0:	46b1      	mov	r9, r6
10005bd2:	118b      	asrs	r3, r1, #6
10005bd4:	1149      	asrs	r1, r1, #5
10005bd6:	4013      	ands	r3, r2
10005bd8:	400a      	ands	r2, r1
10005bda:	2130      	movs	r1, #48	@ 0x30
10005bdc:	0112      	lsls	r2, r2, #4
10005bde:	015b      	lsls	r3, r3, #5
10005be0:	4313      	orrs	r3, r2
10005be2:	782a      	ldrb	r2, [r5, #0]
10005be4:	46a8      	mov	r8, r5
10005be6:	438a      	bics	r2, r1
10005be8:	4313      	orrs	r3, r2
10005bea:	702b      	strb	r3, [r5, #0]
10005bec:	2309      	movs	r3, #9
10005bee:	469a      	mov	sl, r3
10005bf0:	4482      	add	sl, r0
10005bf2:	4656      	mov	r6, sl
10005bf4:	46ba      	mov	sl, r7
10005bf6:	78c3      	ldrb	r3, [r0, #3]
10005bf8:	7882      	ldrb	r2, [r0, #2]
10005bfa:	021b      	lsls	r3, r3, #8
10005bfc:	4313      	orrs	r3, r2
10005bfe:	18c3      	adds	r3, r0, r3
10005c00:	9305      	str	r3, [sp, #20]
10005c02:	4b8e      	ldr	r3, [pc, #568]	@ (10005e3c <tud_task_ext+0x6a0>)
10005c04:	9304      	str	r3, [sp, #16]
10005c06:	4b8e      	ldr	r3, [pc, #568]	@ (10005e40 <tud_task_ext+0x6a4>)
10005c08:	9308      	str	r3, [sp, #32]
10005c0a:	4b8e      	ldr	r3, [pc, #568]	@ (10005e44 <tud_task_ext+0x6a8>)
10005c0c:	9309      	str	r3, [sp, #36]	@ 0x24
10005c0e:	4b8e      	ldr	r3, [pc, #568]	@ (10005e48 <tud_task_ext+0x6ac>)
10005c10:	930a      	str	r3, [sp, #40]	@ 0x28
10005c12:	9b05      	ldr	r3, [sp, #20]
10005c14:	42b3      	cmp	r3, r6
10005c16:	d800      	bhi.n	10005c1a <tud_task_ext+0x47e>
10005c18:	e155      	b.n	10005ec6 <tud_task_ext+0x72a>
10005c1a:	7873      	ldrb	r3, [r6, #1]
10005c1c:	2201      	movs	r2, #1
10005c1e:	2b0b      	cmp	r3, #11
10005c20:	d103      	bne.n	10005c2a <tud_task_ext+0x48e>
10005c22:	7833      	ldrb	r3, [r6, #0]
10005c24:	78f2      	ldrb	r2, [r6, #3]
10005c26:	18f6      	adds	r6, r6, r3
10005c28:	7873      	ldrb	r3, [r6, #1]
10005c2a:	2b04      	cmp	r3, #4
10005c2c:	d000      	beq.n	10005c30 <tud_task_ext+0x494>
10005c2e:	e144      	b.n	10005eba <tud_task_ext+0x71e>
10005c30:	9b05      	ldr	r3, [sp, #20]
10005c32:	2700      	movs	r7, #0
10005c34:	1b9b      	subs	r3, r3, r6
10005c36:	b29b      	uxth	r3, r3
10005c38:	9306      	str	r3, [sp, #24]
10005c3a:	9b04      	ldr	r3, [sp, #16]
10005c3c:	920b      	str	r2, [sp, #44]	@ 0x2c
10005c3e:	781d      	ldrb	r5, [r3, #0]
10005c40:	2300      	movs	r3, #0
10005c42:	9303      	str	r3, [sp, #12]
10005c44:	e01b      	b.n	10005c7e <tud_task_ext+0x4e2>
10005c46:	9a09      	ldr	r2, [sp, #36]	@ 0x24
10005c48:	017b      	lsls	r3, r7, #5
10005c4a:	6815      	ldr	r5, [r2, #0]
10005c4c:	18ed      	adds	r5, r5, r3
10005c4e:	2d00      	cmp	r5, #0
10005c50:	d100      	bne.n	10005c54 <tud_task_ext+0x4b8>
10005c52:	e132      	b.n	10005eba <tud_task_ext+0x71e>
10005c54:	0031      	movs	r1, r6
10005c56:	4658      	mov	r0, fp
10005c58:	692b      	ldr	r3, [r5, #16]
10005c5a:	9a06      	ldr	r2, [sp, #24]
10005c5c:	4798      	blx	r3
10005c5e:	4684      	mov	ip, r0
10005c60:	2808      	cmp	r0, #8
10005c62:	d903      	bls.n	10005c6c <tud_task_ext+0x4d0>
10005c64:	9a06      	ldr	r2, [sp, #24]
10005c66:	4282      	cmp	r2, r0
10005c68:	d300      	bcc.n	10005c6c <tud_task_ext+0x4d0>
10005c6a:	e113      	b.n	10005e94 <tud_task_ext+0x6f8>
10005c6c:	9b04      	ldr	r3, [sp, #16]
10005c6e:	3701      	adds	r7, #1
10005c70:	781d      	ldrb	r5, [r3, #0]
10005c72:	b2ff      	uxtb	r7, r7
10005c74:	1c6b      	adds	r3, r5, #1
10005c76:	9703      	str	r7, [sp, #12]
10005c78:	429f      	cmp	r7, r3
10005c7a:	dd00      	ble.n	10005c7e <tud_task_ext+0x4e2>
10005c7c:	e11d      	b.n	10005eba <tud_task_ext+0x71e>
10005c7e:	42bd      	cmp	r5, r7
10005c80:	d8e1      	bhi.n	10005c46 <tud_task_ext+0x4aa>
10005c82:	9b03      	ldr	r3, [sp, #12]
10005c84:	1b5d      	subs	r5, r3, r5
10005c86:	9b08      	ldr	r3, [sp, #32]
10005c88:	016d      	lsls	r5, r5, #5
10005c8a:	469c      	mov	ip, r3
10005c8c:	4465      	add	r5, ip
10005c8e:	e7e1      	b.n	10005c54 <tud_task_ext+0x4b8>
10005c90:	786b      	ldrb	r3, [r5, #1]
10005c92:	aa0c      	add	r2, sp, #48	@ 0x30
10005c94:	3202      	adds	r2, #2
10005c96:	7013      	strb	r3, [r2, #0]
10005c98:	4658      	mov	r0, fp
10005c9a:	2301      	movs	r3, #1
10005c9c:	a90e      	add	r1, sp, #56	@ 0x38
10005c9e:	f000 fa49 	bl	10006134 <tud_control_xfer>
10005ca2:	e591      	b.n	100057c8 <tud_task_ext+0x2c>
10005ca4:	88e3      	ldrh	r3, [r4, #6]
10005ca6:	0a1a      	lsrs	r2, r3, #8
10005ca8:	b2d8      	uxtb	r0, r3
10005caa:	2a0f      	cmp	r2, #15
10005cac:	d900      	bls.n	10005cb0 <tud_task_ext+0x514>
10005cae:	e6f7      	b.n	10005aa0 <tud_task_ext+0x304>
10005cb0:	4966      	ldr	r1, [pc, #408]	@ (10005e4c <tud_task_ext+0x6b0>)
10005cb2:	0093      	lsls	r3, r2, #2
10005cb4:	58cb      	ldr	r3, [r1, r3]
10005cb6:	469f      	mov	pc, r3
10005cb8:	a80e      	add	r0, sp, #56	@ 0x38
10005cba:	f000 fa9f 	bl	100061fc <usbd_control_set_request>
10005cbe:	4658      	mov	r0, fp
10005cc0:	79a1      	ldrb	r1, [r4, #6]
10005cc2:	f7ff fb95 	bl	100053f0 <dcd_set_address>
10005cc6:	2202      	movs	r2, #2
10005cc8:	782b      	ldrb	r3, [r5, #0]
10005cca:	4313      	orrs	r3, r2
10005ccc:	702b      	strb	r3, [r5, #0]
10005cce:	e57b      	b.n	100057c8 <tud_task_ext+0x2c>
10005cd0:	88e3      	ldrh	r3, [r4, #6]
10005cd2:	2b01      	cmp	r3, #1
10005cd4:	d000      	beq.n	10005cd8 <tud_task_ext+0x53c>
10005cd6:	e6e3      	b.n	10005aa0 <tud_task_ext+0x304>
10005cd8:	2208      	movs	r2, #8
10005cda:	782b      	ldrb	r3, [r5, #0]
10005cdc:	4658      	mov	r0, fp
10005cde:	4393      	bics	r3, r2
10005ce0:	a90e      	add	r1, sp, #56	@ 0x38
10005ce2:	702b      	strb	r3, [r5, #0]
10005ce4:	f000 fa10 	bl	10006108 <tud_control_status>
10005ce8:	e56e      	b.n	100057c8 <tud_task_ext+0x2c>
10005cea:	2002      	movs	r0, #2
10005cec:	7829      	ldrb	r1, [r5, #0]
10005cee:	ab0c      	add	r3, sp, #48	@ 0x30
10005cf0:	1c9a      	adds	r2, r3, #2
10005cf2:	068b      	lsls	r3, r1, #26
10005cf4:	0889      	lsrs	r1, r1, #2
10005cf6:	0fdb      	lsrs	r3, r3, #31
10005cf8:	4001      	ands	r1, r0
10005cfa:	430b      	orrs	r3, r1
10005cfc:	8013      	strh	r3, [r2, #0]
10005cfe:	4658      	mov	r0, fp
10005d00:	2302      	movs	r3, #2
10005d02:	a90e      	add	r1, sp, #56	@ 0x38
10005d04:	f000 fa16 	bl	10006134 <tud_control_xfer>
10005d08:	e55e      	b.n	100057c8 <tud_task_ext+0x2c>
10005d0a:	88e3      	ldrh	r3, [r4, #6]
10005d0c:	2b01      	cmp	r3, #1
10005d0e:	d000      	beq.n	10005d12 <tud_task_ext+0x576>
10005d10:	e6c6      	b.n	10005aa0 <tud_task_ext+0x304>
10005d12:	2208      	movs	r2, #8
10005d14:	782b      	ldrb	r3, [r5, #0]
10005d16:	4313      	orrs	r3, r2
10005d18:	702b      	strb	r3, [r5, #0]
10005d1a:	e718      	b.n	10005b4e <tud_task_ext+0x3b2>
10005d1c:	7a23      	ldrb	r3, [r4, #8]
10005d1e:	2b0f      	cmp	r3, #15
10005d20:	d900      	bls.n	10005d24 <tud_task_ext+0x588>
10005d22:	e6bd      	b.n	10005aa0 <tud_task_ext+0x304>
10005d24:	18eb      	adds	r3, r5, r3
10005d26:	791d      	ldrb	r5, [r3, #4]
10005d28:	4b44      	ldr	r3, [pc, #272]	@ (10005e3c <tud_task_ext+0x6a0>)
10005d2a:	781b      	ldrb	r3, [r3, #0]
10005d2c:	429d      	cmp	r5, r3
10005d2e:	d228      	bcs.n	10005d82 <tud_task_ext+0x5e6>
10005d30:	4b44      	ldr	r3, [pc, #272]	@ (10005e44 <tud_task_ext+0x6a8>)
10005d32:	016d      	lsls	r5, r5, #5
10005d34:	681b      	ldr	r3, [r3, #0]
10005d36:	195d      	adds	r5, r3, r5
10005d38:	2d00      	cmp	r5, #0
10005d3a:	d100      	bne.n	10005d3e <tud_task_ext+0x5a2>
10005d3c:	e6b0      	b.n	10005aa0 <tud_task_ext+0x304>
10005d3e:	6968      	ldr	r0, [r5, #20]
10005d40:	f000 fa56 	bl	100061f0 <usbd_control_set_complete_callback>
10005d44:	2101      	movs	r1, #1
10005d46:	4658      	mov	r0, fp
10005d48:	696b      	ldr	r3, [r5, #20]
10005d4a:	aa0e      	add	r2, sp, #56	@ 0x38
10005d4c:	4798      	blx	r3
10005d4e:	e6b8      	b.n	10005ac2 <tud_task_ext+0x326>
10005d50:	2a00      	cmp	r2, #0
10005d52:	d000      	beq.n	10005d56 <tud_task_ext+0x5ba>
10005d54:	e6a4      	b.n	10005aa0 <tud_task_ext+0x304>
10005d56:	2300      	movs	r3, #0
10005d58:	4699      	mov	r9, r3
10005d5a:	7962      	ldrb	r2, [r4, #5]
10005d5c:	2002      	movs	r0, #2
10005d5e:	0013      	movs	r3, r2
10005d60:	9203      	str	r2, [sp, #12]
10005d62:	4383      	bics	r3, r0
10005d64:	2b01      	cmp	r3, #1
10005d66:	d015      	beq.n	10005d94 <tud_task_ext+0x5f8>
10005d68:	2a00      	cmp	r2, #0
10005d6a:	d000      	beq.n	10005d6e <tud_task_ext+0x5d2>
10005d6c:	e698      	b.n	10005aa0 <tud_task_ext+0x304>
10005d6e:	002b      	movs	r3, r5
10005d70:	4443      	add	r3, r8
10005d72:	4453      	add	r3, sl
10005d74:	3330      	adds	r3, #48	@ 0x30
10005d76:	791b      	ldrb	r3, [r3, #4]
10005d78:	aa0c      	add	r2, sp, #48	@ 0x30
10005d7a:	079b      	lsls	r3, r3, #30
10005d7c:	0fdb      	lsrs	r3, r3, #31
10005d7e:	3202      	adds	r2, #2
10005d80:	e7bc      	b.n	10005cfc <tud_task_ext+0x560>
10005d82:	1c5a      	adds	r2, r3, #1
10005d84:	42aa      	cmp	r2, r5
10005d86:	da00      	bge.n	10005d8a <tud_task_ext+0x5ee>
10005d88:	e68a      	b.n	10005aa0 <tud_task_ext+0x304>
10005d8a:	1aed      	subs	r5, r5, r3
10005d8c:	4b2c      	ldr	r3, [pc, #176]	@ (10005e40 <tud_task_ext+0x6a4>)
10005d8e:	016d      	lsls	r5, r5, #5
10005d90:	18ed      	adds	r5, r5, r3
10005d92:	e7d4      	b.n	10005d3e <tud_task_ext+0x5a2>
10005d94:	88e3      	ldrh	r3, [r4, #6]
10005d96:	2b00      	cmp	r3, #0
10005d98:	d112      	bne.n	10005dc0 <tud_task_ext+0x624>
10005d9a:	9b02      	ldr	r3, [sp, #8]
10005d9c:	7818      	ldrb	r0, [r3, #0]
10005d9e:	9b03      	ldr	r3, [sp, #12]
10005da0:	2b01      	cmp	r3, #1
10005da2:	d023      	beq.n	10005dec <tud_task_ext+0x650>
10005da4:	f7ff fbea 	bl	1000557c <dcd_edpt_stall>
10005da8:	4643      	mov	r3, r8
10005daa:	2102      	movs	r1, #2
10005dac:	18eb      	adds	r3, r5, r3
10005dae:	4453      	add	r3, sl
10005db0:	3330      	adds	r3, #48	@ 0x30
10005db2:	791a      	ldrb	r2, [r3, #4]
10005db4:	430a      	orrs	r2, r1
10005db6:	2101      	movs	r1, #1
10005db8:	711a      	strb	r2, [r3, #4]
10005dba:	791a      	ldrb	r2, [r3, #4]
10005dbc:	430a      	orrs	r2, r1
10005dbe:	711a      	strb	r2, [r3, #4]
10005dc0:	464b      	mov	r3, r9
10005dc2:	2b00      	cmp	r3, #0
10005dc4:	d100      	bne.n	10005dc8 <tud_task_ext+0x62c>
10005dc6:	e4ff      	b.n	100057c8 <tud_task_ext+0x2c>
10005dc8:	6958      	ldr	r0, [r3, #20]
10005dca:	f000 fa11 	bl	100061f0 <usbd_control_set_complete_callback>
10005dce:	464b      	mov	r3, r9
10005dd0:	2101      	movs	r1, #1
10005dd2:	695b      	ldr	r3, [r3, #20]
10005dd4:	aa0e      	add	r2, sp, #56	@ 0x38
10005dd6:	4658      	mov	r0, fp
10005dd8:	4798      	blx	r3
10005dda:	2000      	movs	r0, #0
10005ddc:	f000 fa08 	bl	100061f0 <usbd_control_set_complete_callback>
10005de0:	2335      	movs	r3, #53	@ 0x35
10005de2:	5ceb      	ldrb	r3, [r5, r3]
10005de4:	07db      	lsls	r3, r3, #31
10005de6:	d500      	bpl.n	10005dea <tud_task_ext+0x64e>
10005de8:	e4ee      	b.n	100057c8 <tud_task_ext+0x2c>
10005dea:	e6b0      	b.n	10005b4e <tud_task_ext+0x3b2>
10005dec:	f7ff fbe4 	bl	100055b8 <dcd_edpt_clear_stall>
10005df0:	4643      	mov	r3, r8
10005df2:	2102      	movs	r1, #2
10005df4:	18eb      	adds	r3, r5, r3
10005df6:	4453      	add	r3, sl
10005df8:	3330      	adds	r3, #48	@ 0x30
10005dfa:	791a      	ldrb	r2, [r3, #4]
10005dfc:	438a      	bics	r2, r1
10005dfe:	711a      	strb	r2, [r3, #4]
10005e00:	791a      	ldrb	r2, [r3, #4]
10005e02:	9903      	ldr	r1, [sp, #12]
10005e04:	438a      	bics	r2, r1
10005e06:	711a      	strb	r2, [r3, #4]
10005e08:	e7da      	b.n	10005dc0 <tud_task_ext+0x624>
10005e0a:	f7ff fc37 	bl	1000567c <tud_umount_cb>
10005e0e:	e69e      	b.n	10005b4e <tud_task_ext+0x3b2>
10005e10:	2100      	movs	r1, #0
10005e12:	4658      	mov	r0, fp
10005e14:	f7ff faf6 	bl	10005404 <dcd_sof_enable>
10005e18:	4658      	mov	r0, fp
10005e1a:	f7ff fb99 	bl	10005550 <dcd_edpt_close_all>
10005e1e:	78ab      	ldrb	r3, [r5, #2]
10005e20:	4907      	ldr	r1, [pc, #28]	@ (10005e40 <tud_task_ext+0x6a4>)
10005e22:	9303      	str	r3, [sp, #12]
10005e24:	9104      	str	r1, [sp, #16]
10005e26:	4b05      	ldr	r3, [pc, #20]	@ (10005e3c <tud_task_ext+0x6a0>)
10005e28:	4906      	ldr	r1, [pc, #24]	@ (10005e44 <tud_task_ext+0x6a8>)
10005e2a:	4698      	mov	r8, r3
10005e2c:	781a      	ldrb	r2, [r3, #0]
10005e2e:	9105      	str	r1, [sp, #20]
10005e30:	2300      	movs	r3, #0
10005e32:	0029      	movs	r1, r5
10005e34:	001d      	movs	r5, r3
10005e36:	468a      	mov	sl, r1
10005e38:	e01b      	b.n	10005e72 <tud_task_ext+0x6d6>
10005e3a:	46c0      	nop			@ (mov r8, r8)
10005e3c:	20002210 	.word	0x20002210
10005e40:	10007f5c 	.word	0x10007f5c
10005e44:	20001498 	.word	0x20001498
10005e48:	2000165c 	.word	0x2000165c
10005e4c:	10007f00 	.word	0x10007f00
10005e50:	9b05      	ldr	r3, [sp, #20]
10005e52:	016a      	lsls	r2, r5, #5
10005e54:	681b      	ldr	r3, [r3, #0]
10005e56:	189b      	adds	r3, r3, r2
10005e58:	2b00      	cmp	r3, #0
10005e5a:	d04d      	beq.n	10005ef8 <tud_task_ext+0x75c>
10005e5c:	68db      	ldr	r3, [r3, #12]
10005e5e:	4658      	mov	r0, fp
10005e60:	4798      	blx	r3
10005e62:	4643      	mov	r3, r8
10005e64:	781a      	ldrb	r2, [r3, #0]
10005e66:	3501      	adds	r5, #1
10005e68:	b2ed      	uxtb	r5, r5
10005e6a:	1c51      	adds	r1, r2, #1
10005e6c:	002b      	movs	r3, r5
10005e6e:	428d      	cmp	r5, r1
10005e70:	dc2e      	bgt.n	10005ed0 <tud_task_ext+0x734>
10005e72:	4295      	cmp	r5, r2
10005e74:	d3ec      	bcc.n	10005e50 <tud_task_ext+0x6b4>
10005e76:	1a9b      	subs	r3, r3, r2
10005e78:	9a04      	ldr	r2, [sp, #16]
10005e7a:	015b      	lsls	r3, r3, #5
10005e7c:	4694      	mov	ip, r2
10005e7e:	4463      	add	r3, ip
10005e80:	e7ec      	b.n	10005e5c <tud_task_ext+0x6c0>
10005e82:	ab0c      	add	r3, sp, #48	@ 0x30
10005e84:	1c9a      	adds	r2, r3, #2
10005e86:	4658      	mov	r0, fp
10005e88:	2301      	movs	r3, #1
10005e8a:	a90e      	add	r1, sp, #56	@ 0x38
10005e8c:	7015      	strb	r5, [r2, #0]
10005e8e:	f000 f951 	bl	10006134 <tud_control_xfer>
10005e92:	e499      	b.n	100057c8 <tud_task_ext+0x2c>
10005e94:	9a0b      	ldr	r2, [sp, #44]	@ 0x2c
10005e96:	2a01      	cmp	r2, #1
10005e98:	d04f      	beq.n	10005f3a <tud_task_ext+0x79e>
10005e9a:	2a00      	cmp	r2, #0
10005e9c:	d03c      	beq.n	10005f18 <tud_task_ext+0x77c>
10005e9e:	2300      	movs	r3, #0
10005ea0:	78b0      	ldrb	r0, [r6, #2]
10005ea2:	e004      	b.n	10005eae <tud_task_ext+0x712>
10005ea4:	3301      	adds	r3, #1
10005ea6:	b2db      	uxtb	r3, r3
10005ea8:	710f      	strb	r7, [r1, #4]
10005eaa:	4293      	cmp	r3, r2
10005eac:	d234      	bcs.n	10005f18 <tud_task_ext+0x77c>
10005eae:	18c1      	adds	r1, r0, r3
10005eb0:	b2c9      	uxtb	r1, r1
10005eb2:	4441      	add	r1, r8
10005eb4:	790d      	ldrb	r5, [r1, #4]
10005eb6:	2dff      	cmp	r5, #255	@ 0xff
10005eb8:	d0f4      	beq.n	10005ea4 <tud_task_ext+0x708>
10005eba:	464e      	mov	r6, r9
10005ebc:	4645      	mov	r5, r8
10005ebe:	4657      	mov	r7, sl
10005ec0:	2300      	movs	r3, #0
10005ec2:	706b      	strb	r3, [r5, #1]
10005ec4:	e5ec      	b.n	10005aa0 <tud_task_ext+0x304>
10005ec6:	464e      	mov	r6, r9
10005ec8:	4657      	mov	r7, sl
10005eca:	f7ff fbd5 	bl	10005678 <tud_mount_cb>
10005ece:	e63e      	b.n	10005b4e <tud_task_ext+0x3b2>
10005ed0:	4655      	mov	r5, sl
10005ed2:	2254      	movs	r2, #84	@ 0x54
10005ed4:	2100      	movs	r1, #0
10005ed6:	0028      	movs	r0, r5
10005ed8:	f7fc ffcc 	bl	10002e74 <__wrap_memset>
10005edc:	2210      	movs	r2, #16
10005ede:	21ff      	movs	r1, #255	@ 0xff
10005ee0:	1d28      	adds	r0, r5, #4
10005ee2:	f7fc ffc7 	bl	10002e74 <__wrap_memset>
10005ee6:	0028      	movs	r0, r5
10005ee8:	2220      	movs	r2, #32
10005eea:	21ff      	movs	r1, #255	@ 0xff
10005eec:	3014      	adds	r0, #20
10005eee:	f7fc ffc1 	bl	10002e74 <__wrap_memset>
10005ef2:	9b03      	ldr	r3, [sp, #12]
10005ef4:	70ab      	strb	r3, [r5, #2]
10005ef6:	e657      	b.n	10005ba8 <tud_task_ext+0x40c>
10005ef8:	4655      	mov	r5, sl
10005efa:	e7fa      	b.n	10005ef2 <tud_task_ext+0x756>
10005efc:	f7fe feaa 	bl	10004c54 <tud_descriptor_bos_cb>
10005f00:	1e02      	subs	r2, r0, #0
10005f02:	d100      	bne.n	10005f06 <tud_task_ext+0x76a>
10005f04:	e5cc      	b.n	10005aa0 <tud_task_ext+0x304>
10005f06:	78d3      	ldrb	r3, [r2, #3]
10005f08:	7891      	ldrb	r1, [r2, #2]
10005f0a:	021b      	lsls	r3, r3, #8
10005f0c:	430b      	orrs	r3, r1
10005f0e:	4658      	mov	r0, fp
10005f10:	a90e      	add	r1, sp, #56	@ 0x38
10005f12:	f000 f90f 	bl	10006134 <tud_control_xfer>
10005f16:	e5d4      	b.n	10005ac2 <tud_task_ext+0x326>
10005f18:	4665      	mov	r5, ip
10005f1a:	003b      	movs	r3, r7
10005f1c:	002a      	movs	r2, r5
10005f1e:	0031      	movs	r1, r6
10005f20:	980a      	ldr	r0, [sp, #40]	@ 0x28
10005f22:	f000 fe95 	bl	10006c50 <tu_edpt_bind_driver>
10005f26:	46ac      	mov	ip, r5
10005f28:	9b04      	ldr	r3, [sp, #16]
10005f2a:	9a03      	ldr	r2, [sp, #12]
10005f2c:	781b      	ldrb	r3, [r3, #0]
10005f2e:	4466      	add	r6, ip
10005f30:	3301      	adds	r3, #1
10005f32:	4293      	cmp	r3, r2
10005f34:	db00      	blt.n	10005f38 <tud_task_ext+0x79c>
10005f36:	e66c      	b.n	10005c12 <tud_task_ext+0x476>
10005f38:	e7bf      	b.n	10005eba <tud_task_ext+0x71e>
10005f3a:	4b17      	ldr	r3, [pc, #92]	@ (10005f98 <tud_task_ext+0x7fc>)
10005f3c:	6929      	ldr	r1, [r5, #16]
10005f3e:	4299      	cmp	r1, r3
10005f40:	d1ad      	bne.n	10005e9e <tud_task_ext+0x702>
10005f42:	9a07      	ldr	r2, [sp, #28]
10005f44:	e7ab      	b.n	10005e9e <tud_task_ext+0x702>
10005f46:	f7ff fb93 	bl	10005670 <tud_descriptor_device_qualifier_cb>
10005f4a:	1e02      	subs	r2, r0, #0
10005f4c:	d100      	bne.n	10005f50 <tud_task_ext+0x7b4>
10005f4e:	e5a7      	b.n	10005aa0 <tud_task_ext+0x304>
10005f50:	4658      	mov	r0, fp
10005f52:	7813      	ldrb	r3, [r2, #0]
10005f54:	a90e      	add	r1, sp, #56	@ 0x38
10005f56:	f000 f8ed 	bl	10006134 <tud_control_xfer>
10005f5a:	e5b2      	b.n	10005ac2 <tud_task_ext+0x326>
10005f5c:	8921      	ldrh	r1, [r4, #8]
10005f5e:	f7ff f8c3 	bl	100050e8 <tud_descriptor_string_cb>
10005f62:	1e02      	subs	r2, r0, #0
10005f64:	d1f4      	bne.n	10005f50 <tud_task_ext+0x7b4>
10005f66:	e59b      	b.n	10005aa0 <tud_task_ext+0x304>
10005f68:	2a02      	cmp	r2, #2
10005f6a:	d00f      	beq.n	10005f8c <tud_task_ext+0x7f0>
10005f6c:	f7ff fb82 	bl	10005674 <tud_descriptor_other_speed_configuration_cb>
10005f70:	1e02      	subs	r2, r0, #0
10005f72:	d1c8      	bne.n	10005f06 <tud_task_ext+0x76a>
10005f74:	e594      	b.n	10005aa0 <tud_task_ext+0x304>
10005f76:	f7ff f8af 	bl	100050d8 <tud_descriptor_device_cb>
10005f7a:	1e02      	subs	r2, r0, #0
10005f7c:	d100      	bne.n	10005f80 <tud_task_ext+0x7e4>
10005f7e:	e58f      	b.n	10005aa0 <tud_task_ext+0x304>
10005f80:	2312      	movs	r3, #18
10005f82:	4658      	mov	r0, fp
10005f84:	a90e      	add	r1, sp, #56	@ 0x38
10005f86:	f000 f8d5 	bl	10006134 <tud_control_xfer>
10005f8a:	e59a      	b.n	10005ac2 <tud_task_ext+0x326>
10005f8c:	f7ff f8a8 	bl	100050e0 <tud_descriptor_configuration_cb>
10005f90:	1e02      	subs	r2, r0, #0
10005f92:	d1b8      	bne.n	10005f06 <tud_task_ext+0x76a>
10005f94:	e584      	b.n	10005aa0 <tud_task_ext+0x304>
10005f96:	46c0      	nop			@ (mov r8, r8)
10005f98:	10006619 	.word	0x10006619

10005f9c <usbd_open_edpt_pair>:
10005f9c:	b5f8      	push	{r3, r4, r5, r6, r7, lr}
10005f9e:	4657      	mov	r7, sl
10005fa0:	464e      	mov	r6, r9
10005fa2:	46de      	mov	lr, fp
10005fa4:	4645      	mov	r5, r8
10005fa6:	000c      	movs	r4, r1
10005fa8:	b5e0      	push	{r5, r6, r7, lr}
10005faa:	0016      	movs	r6, r2
10005fac:	001f      	movs	r7, r3
10005fae:	2a00      	cmp	r2, #0
10005fb0:	d03c      	beq.n	1000602c <usbd_open_edpt_pair+0x90>
10005fb2:	2370      	movs	r3, #112	@ 0x70
10005fb4:	4698      	mov	r8, r3
10005fb6:	4b1e      	ldr	r3, [pc, #120]	@ (10006030 <usbd_open_edpt_pair+0x94>)
10005fb8:	2500      	movs	r5, #0
10005fba:	469b      	mov	fp, r3
10005fbc:	4b1d      	ldr	r3, [pc, #116]	@ (10006034 <usbd_open_edpt_pair+0x98>)
10005fbe:	469a      	mov	sl, r3
10005fc0:	e01a      	b.n	10005ff8 <usbd_open_edpt_pair+0x5c>
10005fc2:	465b      	mov	r3, fp
10005fc4:	781b      	ldrb	r3, [r3, #0]
10005fc6:	0020      	movs	r0, r4
10005fc8:	4699      	mov	r9, r3
10005fca:	4653      	mov	r3, sl
10005fcc:	7899      	ldrb	r1, [r3, #2]
10005fce:	f000 fe01 	bl	10006bd4 <tu_edpt_validate>
10005fd2:	2800      	cmp	r0, #0
10005fd4:	d01c      	beq.n	10006010 <usbd_open_edpt_pair+0x74>
10005fd6:	0021      	movs	r1, r4
10005fd8:	4648      	mov	r0, r9
10005fda:	f7ff fa2f 	bl	1000543c <dcd_edpt_open>
10005fde:	2800      	cmp	r0, #0
10005fe0:	d016      	beq.n	10006010 <usbd_open_edpt_pair+0x74>
10005fe2:	78a3      	ldrb	r3, [r4, #2]
10005fe4:	09da      	lsrs	r2, r3, #7
10005fe6:	2a01      	cmp	r2, #1
10005fe8:	d019      	beq.n	1000601e <usbd_open_edpt_pair+0x82>
10005fea:	9a0a      	ldr	r2, [sp, #40]	@ 0x28
10005fec:	3501      	adds	r5, #1
10005fee:	7013      	strb	r3, [r2, #0]
10005ff0:	7823      	ldrb	r3, [r4, #0]
10005ff2:	18e4      	adds	r4, r4, r3
10005ff4:	42b5      	cmp	r5, r6
10005ff6:	da19      	bge.n	1000602c <usbd_open_edpt_pair+0x90>
10005ff8:	7863      	ldrb	r3, [r4, #1]
10005ffa:	2b05      	cmp	r3, #5
10005ffc:	d108      	bne.n	10006010 <usbd_open_edpt_pair+0x74>
10005ffe:	78e3      	ldrb	r3, [r4, #3]
10006000:	079b      	lsls	r3, r3, #30
10006002:	0f9b      	lsrs	r3, r3, #30
10006004:	42bb      	cmp	r3, r7
10006006:	d103      	bne.n	10006010 <usbd_open_edpt_pair+0x74>
10006008:	4642      	mov	r2, r8
1000600a:	78a3      	ldrb	r3, [r4, #2]
1000600c:	421a      	tst	r2, r3
1000600e:	d0d8      	beq.n	10005fc2 <usbd_open_edpt_pair+0x26>
10006010:	2000      	movs	r0, #0
10006012:	bcf0      	pop	{r4, r5, r6, r7}
10006014:	46bb      	mov	fp, r7
10006016:	46b2      	mov	sl, r6
10006018:	46a9      	mov	r9, r5
1000601a:	46a0      	mov	r8, r4
1000601c:	bdf8      	pop	{r3, r4, r5, r6, r7, pc}
1000601e:	9a0b      	ldr	r2, [sp, #44]	@ 0x2c
10006020:	3501      	adds	r5, #1
10006022:	7013      	strb	r3, [r2, #0]
10006024:	7823      	ldrb	r3, [r4, #0]
10006026:	18e4      	adds	r4, r4, r3
10006028:	42b5      	cmp	r5, r6
1000602a:	dbe5      	blt.n	10005ff8 <usbd_open_edpt_pair+0x5c>
1000602c:	2001      	movs	r0, #1
1000602e:	e7f0      	b.n	10006012 <usbd_open_edpt_pair+0x76>
10006030:	20001104 	.word	0x20001104
10006034:	20001648 	.word	0x20001648

10006038 <usbd_edpt_open>:
10006038:	2270      	movs	r2, #112	@ 0x70
1000603a:	b570      	push	{r4, r5, r6, lr}
1000603c:	788b      	ldrb	r3, [r1, #2]
1000603e:	000c      	movs	r4, r1
10006040:	421a      	tst	r2, r3
10006042:	d001      	beq.n	10006048 <usbd_edpt_open+0x10>
10006044:	2000      	movs	r0, #0
10006046:	bd70      	pop	{r4, r5, r6, pc}
10006048:	4b06      	ldr	r3, [pc, #24]	@ (10006064 <usbd_edpt_open+0x2c>)
1000604a:	0020      	movs	r0, r4
1000604c:	781d      	ldrb	r5, [r3, #0]
1000604e:	4b06      	ldr	r3, [pc, #24]	@ (10006068 <usbd_edpt_open+0x30>)
10006050:	7899      	ldrb	r1, [r3, #2]
10006052:	f000 fdbf 	bl	10006bd4 <tu_edpt_validate>
10006056:	2800      	cmp	r0, #0
10006058:	d0f4      	beq.n	10006044 <usbd_edpt_open+0xc>
1000605a:	0021      	movs	r1, r4
1000605c:	0028      	movs	r0, r5
1000605e:	f7ff f9ed 	bl	1000543c <dcd_edpt_open>
10006062:	e7f0      	b.n	10006046 <usbd_edpt_open+0xe>
10006064:	20001104 	.word	0x20001104
10006068:	20001648 	.word	0x20001648

1000606c <usbd_edpt_claim>:
1000606c:	000b      	movs	r3, r1
1000606e:	207f      	movs	r0, #127	@ 0x7f
10006070:	b510      	push	{r4, lr}
10006072:	4018      	ands	r0, r3
10006074:	09db      	lsrs	r3, r3, #7
10006076:	3334      	adds	r3, #52	@ 0x34
10006078:	0040      	lsls	r0, r0, #1
1000607a:	4a04      	ldr	r2, [pc, #16]	@ (1000608c <usbd_edpt_claim+0x20>)
1000607c:	18c0      	adds	r0, r0, r3
1000607e:	4b04      	ldr	r3, [pc, #16]	@ (10006090 <usbd_edpt_claim+0x24>)
10006080:	6811      	ldr	r1, [r2, #0]
10006082:	18c0      	adds	r0, r0, r3
10006084:	f000 fd62 	bl	10006b4c <tu_edpt_claim>
10006088:	bd10      	pop	{r4, pc}
1000608a:	46c0      	nop			@ (mov r8, r8)
1000608c:	2000169c 	.word	0x2000169c
10006090:	20001648 	.word	0x20001648

10006094 <usbd_edpt_release>:
10006094:	000b      	movs	r3, r1
10006096:	207f      	movs	r0, #127	@ 0x7f
10006098:	b510      	push	{r4, lr}
1000609a:	4018      	ands	r0, r3
1000609c:	09db      	lsrs	r3, r3, #7
1000609e:	3334      	adds	r3, #52	@ 0x34
100060a0:	0040      	lsls	r0, r0, #1
100060a2:	4a04      	ldr	r2, [pc, #16]	@ (100060b4 <usbd_edpt_release+0x20>)
100060a4:	18c0      	adds	r0, r0, r3
100060a6:	4b04      	ldr	r3, [pc, #16]	@ (100060b8 <usbd_edpt_release+0x24>)
100060a8:	6811      	ldr	r1, [r2, #0]
100060aa:	18c0      	adds	r0, r0, r3
100060ac:	f000 fd76 	bl	10006b9c <tu_edpt_release>
100060b0:	bd10      	pop	{r4, pc}
100060b2:	46c0      	nop			@ (mov r8, r8)
100060b4:	2000169c 	.word	0x2000169c
100060b8:	20001648 	.word	0x20001648

100060bc <usbd_edpt_xfer>:
100060bc:	b570      	push	{r4, r5, r6, lr}
100060be:	247f      	movs	r4, #127	@ 0x7f
100060c0:	480f      	ldr	r0, [pc, #60]	@ (10006100 <usbd_edpt_xfer+0x44>)
100060c2:	400c      	ands	r4, r1
100060c4:	0064      	lsls	r4, r4, #1
100060c6:	1904      	adds	r4, r0, r4
100060c8:	09cd      	lsrs	r5, r1, #7
100060ca:	1964      	adds	r4, r4, r5
100060cc:	3430      	adds	r4, #48	@ 0x30
100060ce:	7920      	ldrb	r0, [r4, #4]
100060d0:	07c0      	lsls	r0, r0, #31
100060d2:	d501      	bpl.n	100060d8 <usbd_edpt_xfer+0x1c>
100060d4:	2000      	movs	r0, #0
100060d6:	bd70      	pop	{r4, r5, r6, pc}
100060d8:	2601      	movs	r6, #1
100060da:	7925      	ldrb	r5, [r4, #4]
100060dc:	4809      	ldr	r0, [pc, #36]	@ (10006104 <usbd_edpt_xfer+0x48>)
100060de:	4335      	orrs	r5, r6
100060e0:	7800      	ldrb	r0, [r0, #0]
100060e2:	7125      	strb	r5, [r4, #4]
100060e4:	f7ff fa38 	bl	10005558 <dcd_edpt_xfer>
100060e8:	2800      	cmp	r0, #0
100060ea:	d1f4      	bne.n	100060d6 <usbd_edpt_xfer+0x1a>
100060ec:	2201      	movs	r2, #1
100060ee:	7923      	ldrb	r3, [r4, #4]
100060f0:	4393      	bics	r3, r2
100060f2:	7123      	strb	r3, [r4, #4]
100060f4:	7923      	ldrb	r3, [r4, #4]
100060f6:	3203      	adds	r2, #3
100060f8:	4393      	bics	r3, r2
100060fa:	7123      	strb	r3, [r4, #4]
100060fc:	e7ea      	b.n	100060d4 <usbd_edpt_xfer+0x18>
100060fe:	46c0      	nop			@ (mov r8, r8)
10006100:	20001648 	.word	0x20001648
10006104:	20001104 	.word	0x20001104

10006108 <tud_control_status>:
10006108:	b570      	push	{r4, r5, r6, lr}
1000610a:	4c09      	ldr	r4, [pc, #36]	@ (10006130 <tud_control_status+0x28>)
1000610c:	0006      	movs	r6, r0
1000610e:	2208      	movs	r2, #8
10006110:	0020      	movs	r0, r4
10006112:	000d      	movs	r5, r1
10006114:	f7fc feb4 	bl	10002e80 <__wrap___aeabi_memcpy>
10006118:	2300      	movs	r3, #0
1000611a:	2180      	movs	r1, #128	@ 0x80
1000611c:	60e3      	str	r3, [r4, #12]
1000611e:	60a3      	str	r3, [r4, #8]
10006120:	782b      	ldrb	r3, [r5, #0]
10006122:	0030      	movs	r0, r6
10006124:	4399      	bics	r1, r3
10006126:	2200      	movs	r2, #0
10006128:	2300      	movs	r3, #0
1000612a:	f7ff ffc7 	bl	100060bc <usbd_edpt_xfer>
1000612e:	bd70      	pop	{r4, r5, r6, pc}
10006130:	20001628 	.word	0x20001628

10006134 <tud_control_xfer>:
10006134:	b5f8      	push	{r3, r4, r5, r6, r7, lr}
10006136:	46ce      	mov	lr, r9
10006138:	4647      	mov	r7, r8
1000613a:	4690      	mov	r8, r2
1000613c:	4e25      	ldr	r6, [pc, #148]	@ (100061d4 <tud_control_xfer+0xa0>)
1000613e:	b580      	push	{r7, lr}
10006140:	4681      	mov	r9, r0
10006142:	2208      	movs	r2, #8
10006144:	0030      	movs	r0, r6
10006146:	000d      	movs	r5, r1
10006148:	001f      	movs	r7, r3
1000614a:	f7fc fe99 	bl	10002e80 <__wrap___aeabi_memcpy>
1000614e:	4643      	mov	r3, r8
10006150:	60b3      	str	r3, [r6, #8]
10006152:	2300      	movs	r3, #0
10006154:	81f3      	strh	r3, [r6, #14]
10006156:	79ec      	ldrb	r4, [r5, #7]
10006158:	79ab      	ldrb	r3, [r5, #6]
1000615a:	0224      	lsls	r4, r4, #8
1000615c:	431c      	orrs	r4, r3
1000615e:	1c23      	adds	r3, r4, #0
10006160:	42bc      	cmp	r4, r7
10006162:	d900      	bls.n	10006166 <tud_control_xfer+0x32>
10006164:	1c3b      	adds	r3, r7, #0
10006166:	b29f      	uxth	r7, r3
10006168:	81b3      	strh	r3, [r6, #12]
1000616a:	2c00      	cmp	r4, #0
1000616c:	d00d      	beq.n	1000618a <tud_control_xfer+0x56>
1000616e:	2f00      	cmp	r7, #0
10006170:	d017      	beq.n	100061a2 <tud_control_xfer+0x6e>
10006172:	4642      	mov	r2, r8
10006174:	2a00      	cmp	r2, #0
10006176:	d02b      	beq.n	100061d0 <tud_control_xfer+0x9c>
10006178:	2f40      	cmp	r7, #64	@ 0x40
1000617a:	d81b      	bhi.n	100061b4 <tud_control_xfer+0x80>
1000617c:	b29f      	uxth	r7, r3
1000617e:	7833      	ldrb	r3, [r6, #0]
10006180:	2b7f      	cmp	r3, #127	@ 0x7f
10006182:	d81c      	bhi.n	100061be <tud_control_xfer+0x8a>
10006184:	2100      	movs	r1, #0
10006186:	4a14      	ldr	r2, [pc, #80]	@ (100061d8 <tud_control_xfer+0xa4>)
10006188:	e00f      	b.n	100061aa <tud_control_xfer+0x76>
1000618a:	2180      	movs	r1, #128	@ 0x80
1000618c:	782b      	ldrb	r3, [r5, #0]
1000618e:	2200      	movs	r2, #0
10006190:	4399      	bics	r1, r3
10006192:	4648      	mov	r0, r9
10006194:	2300      	movs	r3, #0
10006196:	f7ff ff91 	bl	100060bc <usbd_edpt_xfer>
1000619a:	bcc0      	pop	{r6, r7}
1000619c:	46b9      	mov	r9, r7
1000619e:	46b0      	mov	r8, r6
100061a0:	bdf8      	pop	{r3, r4, r5, r6, r7, pc}
100061a2:	237f      	movs	r3, #127	@ 0x7f
100061a4:	2200      	movs	r2, #0
100061a6:	7831      	ldrb	r1, [r6, #0]
100061a8:	4399      	bics	r1, r3
100061aa:	003b      	movs	r3, r7
100061ac:	4648      	mov	r0, r9
100061ae:	f7ff ff85 	bl	100060bc <usbd_edpt_xfer>
100061b2:	e7f2      	b.n	1000619a <tud_control_xfer+0x66>
100061b4:	2340      	movs	r3, #64	@ 0x40
100061b6:	b29f      	uxth	r7, r3
100061b8:	7833      	ldrb	r3, [r6, #0]
100061ba:	2b7f      	cmp	r3, #127	@ 0x7f
100061bc:	d9e2      	bls.n	10006184 <tud_control_xfer+0x50>
100061be:	4c06      	ldr	r4, [pc, #24]	@ (100061d8 <tud_control_xfer+0xa4>)
100061c0:	003a      	movs	r2, r7
100061c2:	4641      	mov	r1, r8
100061c4:	0020      	movs	r0, r4
100061c6:	f7fc fe5b 	bl	10002e80 <__wrap___aeabi_memcpy>
100061ca:	2180      	movs	r1, #128	@ 0x80
100061cc:	0022      	movs	r2, r4
100061ce:	e7ec      	b.n	100061aa <tud_control_xfer+0x76>
100061d0:	2000      	movs	r0, #0
100061d2:	e7e2      	b.n	1000619a <tud_control_xfer+0x66>
100061d4:	20001628 	.word	0x20001628
100061d8:	200015e8 	.word	0x200015e8

100061dc <usbd_control_reset>:
100061dc:	b510      	push	{r4, lr}
100061de:	2214      	movs	r2, #20
100061e0:	2100      	movs	r1, #0
100061e2:	4802      	ldr	r0, [pc, #8]	@ (100061ec <usbd_control_reset+0x10>)
100061e4:	f7fc fe46 	bl	10002e74 <__wrap_memset>
100061e8:	bd10      	pop	{r4, pc}
100061ea:	46c0      	nop			@ (mov r8, r8)
100061ec:	20001628 	.word	0x20001628

100061f0 <usbd_control_set_complete_callback>:
100061f0:	4b01      	ldr	r3, [pc, #4]	@ (100061f8 <usbd_control_set_complete_callback+0x8>)
100061f2:	6118      	str	r0, [r3, #16]
100061f4:	4770      	bx	lr
100061f6:	46c0      	nop			@ (mov r8, r8)
100061f8:	20001628 	.word	0x20001628

100061fc <usbd_control_set_request>:
100061fc:	b510      	push	{r4, lr}
100061fe:	4c05      	ldr	r4, [pc, #20]	@ (10006214 <usbd_control_set_request+0x18>)
10006200:	0001      	movs	r1, r0
10006202:	2208      	movs	r2, #8
10006204:	0020      	movs	r0, r4
10006206:	f7fc fe3b 	bl	10002e80 <__wrap___aeabi_memcpy>
1000620a:	2300      	movs	r3, #0
1000620c:	60a3      	str	r3, [r4, #8]
1000620e:	60e3      	str	r3, [r4, #12]
10006210:	bd10      	pop	{r4, pc}
10006212:	46c0      	nop			@ (mov r8, r8)
10006214:	20001628 	.word	0x20001628

10006218 <usbd_control_xfer_cb>:
10006218:	b570      	push	{r4, r5, r6, lr}
1000621a:	4c38      	ldr	r4, [pc, #224]	@ (100062fc <usbd_control_xfer_cb+0xe4>)
1000621c:	001d      	movs	r5, r3
1000621e:	7823      	ldrb	r3, [r4, #0]
10006220:	0006      	movs	r6, r0
10006222:	09da      	lsrs	r2, r3, #7
10006224:	09c9      	lsrs	r1, r1, #7
10006226:	428a      	cmp	r2, r1
10006228:	d010      	beq.n	1000624c <usbd_control_xfer_cb+0x34>
1000622a:	2000      	movs	r0, #0
1000622c:	2d00      	cmp	r5, #0
1000622e:	d000      	beq.n	10006232 <usbd_control_xfer_cb+0x1a>
10006230:	bd70      	pop	{r4, r5, r6, pc}
10006232:	0021      	movs	r1, r4
10006234:	0030      	movs	r0, r6
10006236:	f7ff f8f3 	bl	10005420 <dcd_edpt0_status_complete>
1000623a:	6923      	ldr	r3, [r4, #16]
1000623c:	2b00      	cmp	r3, #0
1000623e:	d003      	beq.n	10006248 <usbd_control_xfer_cb+0x30>
10006240:	0022      	movs	r2, r4
10006242:	2103      	movs	r1, #3
10006244:	0030      	movs	r0, r6
10006246:	4798      	blx	r3
10006248:	2001      	movs	r0, #1
1000624a:	e7f1      	b.n	10006230 <usbd_control_xfer_cb+0x18>
1000624c:	2b7f      	cmp	r3, #127	@ 0x7f
1000624e:	d806      	bhi.n	1000625e <usbd_control_xfer_cb+0x46>
10006250:	68a0      	ldr	r0, [r4, #8]
10006252:	2800      	cmp	r0, #0
10006254:	d034      	beq.n	100062c0 <usbd_control_xfer_cb+0xa8>
10006256:	002a      	movs	r2, r5
10006258:	4929      	ldr	r1, [pc, #164]	@ (10006300 <usbd_control_xfer_cb+0xe8>)
1000625a:	f7fc fe11 	bl	10002e80 <__wrap___aeabi_memcpy>
1000625e:	89e2      	ldrh	r2, [r4, #14]
10006260:	68a1      	ldr	r1, [r4, #8]
10006262:	1952      	adds	r2, r2, r5
10006264:	88e3      	ldrh	r3, [r4, #6]
10006266:	b292      	uxth	r2, r2
10006268:	1949      	adds	r1, r1, r5
1000626a:	81e2      	strh	r2, [r4, #14]
1000626c:	60a1      	str	r1, [r4, #8]
1000626e:	4293      	cmp	r3, r2
10006270:	d014      	beq.n	1000629c <usbd_control_xfer_cb+0x84>
10006272:	2d3f      	cmp	r5, #63	@ 0x3f
10006274:	d912      	bls.n	1000629c <usbd_control_xfer_cb+0x84>
10006276:	89a3      	ldrh	r3, [r4, #12]
10006278:	1a98      	subs	r0, r3, r2
1000627a:	1c05      	adds	r5, r0, #0
1000627c:	b280      	uxth	r0, r0
1000627e:	2840      	cmp	r0, #64	@ 0x40
10006280:	d82a      	bhi.n	100062d8 <usbd_control_xfer_cb+0xc0>
10006282:	7820      	ldrb	r0, [r4, #0]
10006284:	b2ad      	uxth	r5, r5
10006286:	287f      	cmp	r0, #127	@ 0x7f
10006288:	d828      	bhi.n	100062dc <usbd_control_xfer_cb+0xc4>
1000628a:	2100      	movs	r1, #0
1000628c:	429a      	cmp	r2, r3
1000628e:	d032      	beq.n	100062f6 <usbd_control_xfer_cb+0xde>
10006290:	4a1b      	ldr	r2, [pc, #108]	@ (10006300 <usbd_control_xfer_cb+0xe8>)
10006292:	002b      	movs	r3, r5
10006294:	0030      	movs	r0, r6
10006296:	f7ff ff11 	bl	100060bc <usbd_edpt_xfer>
1000629a:	e7c9      	b.n	10006230 <usbd_control_xfer_cb+0x18>
1000629c:	6923      	ldr	r3, [r4, #16]
1000629e:	2b00      	cmp	r3, #0
100062a0:	d005      	beq.n	100062ae <usbd_control_xfer_cb+0x96>
100062a2:	0022      	movs	r2, r4
100062a4:	2102      	movs	r1, #2
100062a6:	0030      	movs	r0, r6
100062a8:	4798      	blx	r3
100062aa:	2800      	cmp	r0, #0
100062ac:	d00a      	beq.n	100062c4 <usbd_control_xfer_cb+0xac>
100062ae:	2180      	movs	r1, #128	@ 0x80
100062b0:	7823      	ldrb	r3, [r4, #0]
100062b2:	2200      	movs	r2, #0
100062b4:	4399      	bics	r1, r3
100062b6:	0030      	movs	r0, r6
100062b8:	2300      	movs	r3, #0
100062ba:	f7ff feff 	bl	100060bc <usbd_edpt_xfer>
100062be:	e7b7      	b.n	10006230 <usbd_control_xfer_cb+0x18>
100062c0:	2000      	movs	r0, #0
100062c2:	e7b5      	b.n	10006230 <usbd_control_xfer_cb+0x18>
100062c4:	2100      	movs	r1, #0
100062c6:	0030      	movs	r0, r6
100062c8:	f7ff f958 	bl	1000557c <dcd_edpt_stall>
100062cc:	0030      	movs	r0, r6
100062ce:	2180      	movs	r1, #128	@ 0x80
100062d0:	f7ff f954 	bl	1000557c <dcd_edpt_stall>
100062d4:	2001      	movs	r0, #1
100062d6:	e7ab      	b.n	10006230 <usbd_control_xfer_cb+0x18>
100062d8:	2540      	movs	r5, #64	@ 0x40
100062da:	e7d2      	b.n	10006282 <usbd_control_xfer_cb+0x6a>
100062dc:	429a      	cmp	r2, r3
100062de:	d007      	beq.n	100062f0 <usbd_control_xfer_cb+0xd8>
100062e0:	4c07      	ldr	r4, [pc, #28]	@ (10006300 <usbd_control_xfer_cb+0xe8>)
100062e2:	002a      	movs	r2, r5
100062e4:	0020      	movs	r0, r4
100062e6:	f7fc fdcb 	bl	10002e80 <__wrap___aeabi_memcpy>
100062ea:	2180      	movs	r1, #128	@ 0x80
100062ec:	0022      	movs	r2, r4
100062ee:	e7d0      	b.n	10006292 <usbd_control_xfer_cb+0x7a>
100062f0:	2180      	movs	r1, #128	@ 0x80
100062f2:	2200      	movs	r2, #0
100062f4:	e7cd      	b.n	10006292 <usbd_control_xfer_cb+0x7a>
100062f6:	2200      	movs	r2, #0
100062f8:	e7cb      	b.n	10006292 <usbd_control_xfer_cb+0x7a>
100062fa:	46c0      	nop			@ (mov r8, r8)
100062fc:	20001628 	.word	0x20001628
10006300:	200015e8 	.word	0x200015e8

10006304 <_prep_out_transaction.isra.0>:
10006304:	b570      	push	{r4, r5, r6, lr}
10006306:	0004      	movs	r4, r0
10006308:	f7ff f9be 	bl	10005688 <tud_mounted>
1000630c:	2800      	cmp	r0, #0
1000630e:	d100      	bne.n	10006312 <_prep_out_transaction.isra.0+0xe>
10006310:	bd70      	pop	{r4, r5, r6, pc}
10006312:	f7ff f9c1 	bl	10005698 <tud_suspended>
10006316:	2800      	cmp	r0, #0
10006318:	d1fa      	bne.n	10006310 <_prep_out_transaction.isra.0+0xc>
1000631a:	23c8      	movs	r3, #200	@ 0xc8
1000631c:	4363      	muls	r3, r4
1000631e:	4d12      	ldr	r5, [pc, #72]	@ (10006368 <_prep_out_transaction.isra.0+0x64>)
10006320:	18ee      	adds	r6, r5, r3
10006322:	78f1      	ldrb	r1, [r6, #3]
10006324:	2900      	cmp	r1, #0
10006326:	d0f3      	beq.n	10006310 <_prep_out_transaction.isra.0+0xc>
10006328:	3310      	adds	r3, #16
1000632a:	195d      	adds	r5, r3, r5
1000632c:	0028      	movs	r0, r5
1000632e:	f000 fe09 	bl	10006f44 <tu_fifo_remaining>
10006332:	283f      	cmp	r0, #63	@ 0x3f
10006334:	d9ec      	bls.n	10006310 <_prep_out_transaction.isra.0+0xc>
10006336:	2000      	movs	r0, #0
10006338:	78f1      	ldrb	r1, [r6, #3]
1000633a:	f7ff fe97 	bl	1000606c <usbd_edpt_claim>
1000633e:	2800      	cmp	r0, #0
10006340:	d0e6      	beq.n	10006310 <_prep_out_transaction.isra.0+0xc>
10006342:	0028      	movs	r0, r5
10006344:	f000 fdfe 	bl	10006f44 <tu_fifo_remaining>
10006348:	78f1      	ldrb	r1, [r6, #3]
1000634a:	283f      	cmp	r0, #63	@ 0x3f
1000634c:	d907      	bls.n	1000635e <_prep_out_transaction.isra.0+0x5a>
1000634e:	4b07      	ldr	r3, [pc, #28]	@ (1000636c <_prep_out_transaction.isra.0+0x68>)
10006350:	01e2      	lsls	r2, r4, #7
10006352:	18d2      	adds	r2, r2, r3
10006354:	2000      	movs	r0, #0
10006356:	2340      	movs	r3, #64	@ 0x40
10006358:	f7ff feb0 	bl	100060bc <usbd_edpt_xfer>
1000635c:	e7d8      	b.n	10006310 <_prep_out_transaction.isra.0+0xc>
1000635e:	2000      	movs	r0, #0
10006360:	f7ff fe98 	bl	10006094 <usbd_edpt_release>
10006364:	e7d4      	b.n	10006310 <_prep_out_transaction.isra.0+0xc>
10006366:	46c0      	nop			@ (mov r8, r8)
10006368:	20001520 	.word	0x20001520
1000636c:	2000149c 	.word	0x2000149c

10006370 <tud_cdc_n_connected>:
10006370:	b510      	push	{r4, lr}
10006372:	0004      	movs	r4, r0
10006374:	f7ff f988 	bl	10005688 <tud_mounted>
10006378:	2800      	cmp	r0, #0
1000637a:	d101      	bne.n	10006380 <tud_cdc_n_connected+0x10>
1000637c:	2000      	movs	r0, #0
1000637e:	bd10      	pop	{r4, pc}
10006380:	f7ff f98a 	bl	10005698 <tud_suspended>
10006384:	2800      	cmp	r0, #0
10006386:	d1f9      	bne.n	1000637c <tud_cdc_n_connected+0xc>
10006388:	22c8      	movs	r2, #200	@ 0xc8
1000638a:	4362      	muls	r2, r4
1000638c:	4b02      	ldr	r3, [pc, #8]	@ (10006398 <tud_cdc_n_connected+0x28>)
1000638e:	3001      	adds	r0, #1
10006390:	189b      	adds	r3, r3, r2
10006392:	791b      	ldrb	r3, [r3, #4]
10006394:	4018      	ands	r0, r3
10006396:	e7f2      	b.n	1000637e <tud_cdc_n_connected+0xe>
10006398:	20001520 	.word	0x20001520

1000639c <tud_cdc_n_get_line_state>:
1000639c:	22c8      	movs	r2, #200	@ 0xc8
1000639e:	4342      	muls	r2, r0
100063a0:	4b01      	ldr	r3, [pc, #4]	@ (100063a8 <tud_cdc_n_get_line_state+0xc>)
100063a2:	189b      	adds	r3, r3, r2
100063a4:	7918      	ldrb	r0, [r3, #4]
100063a6:	4770      	bx	lr
100063a8:	20001520 	.word	0x20001520

100063ac <tud_cdc_n_get_line_coding>:
100063ac:	0003      	movs	r3, r0
100063ae:	0008      	movs	r0, r1
100063b0:	21c8      	movs	r1, #200	@ 0xc8
100063b2:	b510      	push	{r4, lr}
100063b4:	4359      	muls	r1, r3
100063b6:	4b03      	ldr	r3, [pc, #12]	@ (100063c4 <tud_cdc_n_get_line_coding+0x18>)
100063b8:	2207      	movs	r2, #7
100063ba:	18c9      	adds	r1, r1, r3
100063bc:	f7fc fd60 	bl	10002e80 <__wrap___aeabi_memcpy>
100063c0:	bd10      	pop	{r4, pc}
100063c2:	46c0      	nop			@ (mov r8, r8)
100063c4:	20001528 	.word	0x20001528

100063c8 <tud_cdc_n_available>:
100063c8:	23c8      	movs	r3, #200	@ 0xc8
100063ca:	b510      	push	{r4, lr}
100063cc:	4343      	muls	r3, r0
100063ce:	4802      	ldr	r0, [pc, #8]	@ (100063d8 <tud_cdc_n_available+0x10>)
100063d0:	1818      	adds	r0, r3, r0
100063d2:	f000 fd99 	bl	10006f08 <tu_fifo_count>
100063d6:	bd10      	pop	{r4, pc}
100063d8:	20001530 	.word	0x20001530

100063dc <tud_cdc_n_read>:
100063dc:	b5f8      	push	{r3, r4, r5, r6, r7, lr}
100063de:	24c8      	movs	r4, #200	@ 0xc8
100063e0:	2380      	movs	r3, #128	@ 0x80
100063e2:	4344      	muls	r4, r0
100063e4:	4f1c      	ldr	r7, [pc, #112]	@ (10006458 <tud_cdc_n_read+0x7c>)
100063e6:	3410      	adds	r4, #16
100063e8:	0005      	movs	r5, r0
100063ea:	193c      	adds	r4, r7, r4
100063ec:	025b      	lsls	r3, r3, #9
100063ee:	429a      	cmp	r2, r3
100063f0:	d300      	bcc.n	100063f4 <tud_cdc_n_read+0x18>
100063f2:	4a1a      	ldr	r2, [pc, #104]	@ (1000645c <tud_cdc_n_read+0x80>)
100063f4:	0020      	movs	r0, r4
100063f6:	b292      	uxth	r2, r2
100063f8:	f000 fe08 	bl	1000700c <tu_fifo_read_n>
100063fc:	0006      	movs	r6, r0
100063fe:	f7ff f943 	bl	10005688 <tud_mounted>
10006402:	2800      	cmp	r0, #0
10006404:	d101      	bne.n	1000640a <tud_cdc_n_read+0x2e>
10006406:	0030      	movs	r0, r6
10006408:	bdf8      	pop	{r3, r4, r5, r6, r7, pc}
1000640a:	f7ff f945 	bl	10005698 <tud_suspended>
1000640e:	2800      	cmp	r0, #0
10006410:	d1f9      	bne.n	10006406 <tud_cdc_n_read+0x2a>
10006412:	23c8      	movs	r3, #200	@ 0xc8
10006414:	436b      	muls	r3, r5
10006416:	18ff      	adds	r7, r7, r3
10006418:	78fb      	ldrb	r3, [r7, #3]
1000641a:	2b00      	cmp	r3, #0
1000641c:	d0f3      	beq.n	10006406 <tud_cdc_n_read+0x2a>
1000641e:	0020      	movs	r0, r4
10006420:	f000 fd90 	bl	10006f44 <tu_fifo_remaining>
10006424:	283f      	cmp	r0, #63	@ 0x3f
10006426:	d9ee      	bls.n	10006406 <tud_cdc_n_read+0x2a>
10006428:	2000      	movs	r0, #0
1000642a:	78f9      	ldrb	r1, [r7, #3]
1000642c:	f7ff fe1e 	bl	1000606c <usbd_edpt_claim>
10006430:	2800      	cmp	r0, #0
10006432:	d0e8      	beq.n	10006406 <tud_cdc_n_read+0x2a>
10006434:	0020      	movs	r0, r4
10006436:	f000 fd85 	bl	10006f44 <tu_fifo_remaining>
1000643a:	78f9      	ldrb	r1, [r7, #3]
1000643c:	283f      	cmp	r0, #63	@ 0x3f
1000643e:	d907      	bls.n	10006450 <tud_cdc_n_read+0x74>
10006440:	4b07      	ldr	r3, [pc, #28]	@ (10006460 <tud_cdc_n_read+0x84>)
10006442:	01ea      	lsls	r2, r5, #7
10006444:	18d2      	adds	r2, r2, r3
10006446:	2000      	movs	r0, #0
10006448:	2340      	movs	r3, #64	@ 0x40
1000644a:	f7ff fe37 	bl	100060bc <usbd_edpt_xfer>
1000644e:	e7da      	b.n	10006406 <tud_cdc_n_read+0x2a>
10006450:	2000      	movs	r0, #0
10006452:	f7ff fe1f 	bl	10006094 <usbd_edpt_release>
10006456:	e7d6      	b.n	10006406 <tud_cdc_n_read+0x2a>
10006458:	20001520 	.word	0x20001520
1000645c:	0000ffff 	.word	0x0000ffff
10006460:	2000149c 	.word	0x2000149c

10006464 <tud_cdc_n_write_flush>:
10006464:	b5f8      	push	{r3, r4, r5, r6, r7, lr}
10006466:	0004      	movs	r4, r0
10006468:	f7ff f90e 	bl	10005688 <tud_mounted>
1000646c:	2800      	cmp	r0, #0
1000646e:	d101      	bne.n	10006474 <tud_cdc_n_write_flush+0x10>
10006470:	2000      	movs	r0, #0
10006472:	bdf8      	pop	{r3, r4, r5, r6, r7, pc}
10006474:	f7ff f910 	bl	10005698 <tud_suspended>
10006478:	2800      	cmp	r0, #0
1000647a:	d1f9      	bne.n	10006470 <tud_cdc_n_write_flush+0xc>
1000647c:	25c8      	movs	r5, #200	@ 0xc8
1000647e:	4365      	muls	r5, r4
10006480:	002e      	movs	r6, r5
10006482:	4f13      	ldr	r7, [pc, #76]	@ (100064d0 <tud_cdc_n_write_flush+0x6c>)
10006484:	3624      	adds	r6, #36	@ 0x24
10006486:	19f6      	adds	r6, r6, r7
10006488:	0030      	movs	r0, r6
1000648a:	f000 fd3d 	bl	10006f08 <tu_fifo_count>
1000648e:	2800      	cmp	r0, #0
10006490:	d0ee      	beq.n	10006470 <tud_cdc_n_write_flush+0xc>
10006492:	197f      	adds	r7, r7, r5
10006494:	2000      	movs	r0, #0
10006496:	78b9      	ldrb	r1, [r7, #2]
10006498:	f7ff fde8 	bl	1000606c <usbd_edpt_claim>
1000649c:	2800      	cmp	r0, #0
1000649e:	d0e7      	beq.n	10006470 <tud_cdc_n_write_flush+0xc>
100064a0:	4d0c      	ldr	r5, [pc, #48]	@ (100064d4 <tud_cdc_n_write_flush+0x70>)
100064a2:	01e4      	lsls	r4, r4, #7
100064a4:	1965      	adds	r5, r4, r5
100064a6:	0029      	movs	r1, r5
100064a8:	2240      	movs	r2, #64	@ 0x40
100064aa:	0030      	movs	r0, r6
100064ac:	f000 fdae 	bl	1000700c <tu_fifo_read_n>
100064b0:	78b9      	ldrb	r1, [r7, #2]
100064b2:	1e04      	subs	r4, r0, #0
100064b4:	d008      	beq.n	100064c8 <tud_cdc_n_write_flush+0x64>
100064b6:	0003      	movs	r3, r0
100064b8:	002a      	movs	r2, r5
100064ba:	2000      	movs	r0, #0
100064bc:	f7ff fdfe 	bl	100060bc <usbd_edpt_xfer>
100064c0:	2800      	cmp	r0, #0
100064c2:	d0d5      	beq.n	10006470 <tud_cdc_n_write_flush+0xc>
100064c4:	0020      	movs	r0, r4
100064c6:	e7d4      	b.n	10006472 <tud_cdc_n_write_flush+0xe>
100064c8:	2000      	movs	r0, #0
100064ca:	f7ff fde3 	bl	10006094 <usbd_edpt_release>
100064ce:	e7cf      	b.n	10006470 <tud_cdc_n_write_flush+0xc>
100064d0:	20001520 	.word	0x20001520
100064d4:	200014dc 	.word	0x200014dc

100064d8 <tud_cdc_n_write>:
100064d8:	b570      	push	{r4, r5, r6, lr}
100064da:	24c8      	movs	r4, #200	@ 0xc8
100064dc:	4344      	muls	r4, r0
100064de:	4b0c      	ldr	r3, [pc, #48]	@ (10006510 <tud_cdc_n_write+0x38>)
100064e0:	0005      	movs	r5, r0
100064e2:	18e4      	adds	r4, r4, r3
100064e4:	2380      	movs	r3, #128	@ 0x80
100064e6:	025b      	lsls	r3, r3, #9
100064e8:	429a      	cmp	r2, r3
100064ea:	d300      	bcc.n	100064ee <tud_cdc_n_write+0x16>
100064ec:	4a09      	ldr	r2, [pc, #36]	@ (10006514 <tud_cdc_n_write+0x3c>)
100064ee:	0020      	movs	r0, r4
100064f0:	b292      	uxth	r2, r2
100064f2:	f000 fe51 	bl	10007198 <tu_fifo_write_n>
100064f6:	0006      	movs	r6, r0
100064f8:	0020      	movs	r0, r4
100064fa:	f000 fd05 	bl	10006f08 <tu_fifo_count>
100064fe:	283f      	cmp	r0, #63	@ 0x3f
10006500:	d801      	bhi.n	10006506 <tud_cdc_n_write+0x2e>
10006502:	0030      	movs	r0, r6
10006504:	bd70      	pop	{r4, r5, r6, pc}
10006506:	0028      	movs	r0, r5
10006508:	f7ff ffac 	bl	10006464 <tud_cdc_n_write_flush>
1000650c:	e7f9      	b.n	10006502 <tud_cdc_n_write+0x2a>
1000650e:	46c0      	nop			@ (mov r8, r8)
10006510:	20001544 	.word	0x20001544
10006514:	0000ffff 	.word	0x0000ffff

10006518 <tud_cdc_n_write_available>:
10006518:	23c8      	movs	r3, #200	@ 0xc8
1000651a:	b510      	push	{r4, lr}
1000651c:	4343      	muls	r3, r0
1000651e:	4802      	ldr	r0, [pc, #8]	@ (10006528 <tud_cdc_n_write_available+0x10>)
10006520:	1818      	adds	r0, r3, r0
10006522:	f000 fd0f 	bl	10006f44 <tu_fifo_remaining>
10006526:	bd10      	pop	{r4, pc}
10006528:	20001544 	.word	0x20001544

1000652c <cdcd_init>:
1000652c:	b5f0      	push	{r4, r5, r6, r7, lr}
1000652e:	2500      	movs	r5, #0
10006530:	4c18      	ldr	r4, [pc, #96]	@ (10006594 <cdcd_init+0x68>)
10006532:	b083      	sub	sp, #12
10006534:	22c8      	movs	r2, #200	@ 0xc8
10006536:	2100      	movs	r1, #0
10006538:	0020      	movs	r0, r4
1000653a:	f7fc fc9b 	bl	10002e74 <__wrap_memset>
1000653e:	4b16      	ldr	r3, [pc, #88]	@ (10006598 <cdcd_init+0x6c>)
10006540:	0021      	movs	r1, r4
10006542:	701d      	strb	r5, [r3, #0]
10006544:	23ff      	movs	r3, #255	@ 0xff
10006546:	7163      	strb	r3, [r4, #5]
10006548:	23e1      	movs	r3, #225	@ 0xe1
1000654a:	025b      	lsls	r3, r3, #9
1000654c:	60a3      	str	r3, [r4, #8]
1000654e:	0020      	movs	r0, r4
10006550:	2308      	movs	r3, #8
10006552:	2240      	movs	r2, #64	@ 0x40
10006554:	73a3      	strb	r3, [r4, #14]
10006556:	3138      	adds	r1, #56	@ 0x38
10006558:	9500      	str	r5, [sp, #0]
1000655a:	3b07      	subs	r3, #7
1000655c:	3010      	adds	r0, #16
1000655e:	f000 fc9d 	bl	10006e9c <tu_fifo_config>
10006562:	0027      	movs	r7, r4
10006564:	2301      	movs	r3, #1
10006566:	0021      	movs	r1, r4
10006568:	0020      	movs	r0, r4
1000656a:	0026      	movs	r6, r4
1000656c:	2240      	movs	r2, #64	@ 0x40
1000656e:	3178      	adds	r1, #120	@ 0x78
10006570:	9300      	str	r3, [sp, #0]
10006572:	37b8      	adds	r7, #184	@ 0xb8
10006574:	3024      	adds	r0, #36	@ 0x24
10006576:	f000 fc91 	bl	10006e9c <tu_fifo_config>
1000657a:	36c0      	adds	r6, #192	@ 0xc0
1000657c:	0038      	movs	r0, r7
1000657e:	f7fa fcc9 	bl	10000f14 <mutex_init>
10006582:	0030      	movs	r0, r6
10006584:	f7fa fcc6 	bl	10000f14 <mutex_init>
10006588:	61e5      	str	r5, [r4, #28]
1000658a:	6227      	str	r7, [r4, #32]
1000658c:	6326      	str	r6, [r4, #48]	@ 0x30
1000658e:	6365      	str	r5, [r4, #52]	@ 0x34
10006590:	b003      	add	sp, #12
10006592:	bdf0      	pop	{r4, r5, r6, r7, pc}
10006594:	20001520 	.word	0x20001520
10006598:	2000151c 	.word	0x2000151c

1000659c <cdcd_deinit>:
1000659c:	4a0a      	ldr	r2, [pc, #40]	@ (100065c8 <cdcd_deinit+0x2c>)
1000659e:	6b11      	ldr	r1, [r2, #48]	@ 0x30
100065a0:	6a13      	ldr	r3, [r2, #32]
100065a2:	2900      	cmp	r1, #0
100065a4:	d00c      	beq.n	100065c0 <cdcd_deinit+0x24>
100065a6:	2b00      	cmp	r3, #0
100065a8:	d007      	beq.n	100065ba <cdcd_deinit+0x1e>
100065aa:	2300      	movs	r3, #0
100065ac:	61d3      	str	r3, [r2, #28]
100065ae:	6353      	str	r3, [r2, #52]	@ 0x34
100065b0:	6313      	str	r3, [r2, #48]	@ 0x30
100065b2:	2300      	movs	r3, #0
100065b4:	6213      	str	r3, [r2, #32]
100065b6:	2001      	movs	r0, #1
100065b8:	4770      	bx	lr
100065ba:	6353      	str	r3, [r2, #52]	@ 0x34
100065bc:	6313      	str	r3, [r2, #48]	@ 0x30
100065be:	e7fa      	b.n	100065b6 <cdcd_deinit+0x1a>
100065c0:	2b00      	cmp	r3, #0
100065c2:	d0f8      	beq.n	100065b6 <cdcd_deinit+0x1a>
100065c4:	61d1      	str	r1, [r2, #28]
100065c6:	e7f4      	b.n	100065b2 <cdcd_deinit+0x16>
100065c8:	20001520 	.word	0x20001520

100065cc <cdcd_reset>:
100065cc:	b570      	push	{r4, r5, r6, lr}
100065ce:	4c0f      	ldr	r4, [pc, #60]	@ (1000660c <cdcd_reset+0x40>)
100065d0:	2205      	movs	r2, #5
100065d2:	2100      	movs	r1, #0
100065d4:	0020      	movs	r0, r4
100065d6:	f7fc fc4d 	bl	10002e74 <__wrap_memset>
100065da:	4d0d      	ldr	r5, [pc, #52]	@ (10006610 <cdcd_reset+0x44>)
100065dc:	782b      	ldrb	r3, [r5, #0]
100065de:	07da      	lsls	r2, r3, #31
100065e0:	d507      	bpl.n	100065f2 <cdcd_reset+0x26>
100065e2:	4c0c      	ldr	r4, [pc, #48]	@ (10006614 <cdcd_reset+0x48>)
100065e4:	079b      	lsls	r3, r3, #30
100065e6:	d50c      	bpl.n	10006602 <cdcd_reset+0x36>
100065e8:	2101      	movs	r1, #1
100065ea:	0020      	movs	r0, r4
100065ec:	f000 feb0 	bl	10007350 <tu_fifo_set_overwritable>
100065f0:	bd70      	pop	{r4, r5, r6, pc}
100065f2:	0020      	movs	r0, r4
100065f4:	3010      	adds	r0, #16
100065f6:	f000 fe8b 	bl	10007310 <tu_fifo_clear>
100065fa:	782b      	ldrb	r3, [r5, #0]
100065fc:	4c05      	ldr	r4, [pc, #20]	@ (10006614 <cdcd_reset+0x48>)
100065fe:	079b      	lsls	r3, r3, #30
10006600:	d4f2      	bmi.n	100065e8 <cdcd_reset+0x1c>
10006602:	0020      	movs	r0, r4
10006604:	f000 fe84 	bl	10007310 <tu_fifo_clear>
10006608:	e7ee      	b.n	100065e8 <cdcd_reset+0x1c>
1000660a:	46c0      	nop			@ (mov r8, r8)
1000660c:	20001520 	.word	0x20001520
10006610:	2000151c 	.word	0x2000151c
10006614:	20001544 	.word	0x20001544

10006618 <cdcd_open>:
10006618:	b5f0      	push	{r4, r5, r6, r7, lr}
1000661a:	794b      	ldrb	r3, [r1, #5]
1000661c:	0006      	movs	r6, r0
1000661e:	b083      	sub	sp, #12
10006620:	2b02      	cmp	r3, #2
10006622:	d102      	bne.n	1000662a <cdcd_open+0x12>
10006624:	798b      	ldrb	r3, [r1, #6]
10006626:	2b02      	cmp	r3, #2
10006628:	d003      	beq.n	10006632 <cdcd_open+0x1a>
1000662a:	2500      	movs	r5, #0
1000662c:	0028      	movs	r0, r5
1000662e:	b003      	add	sp, #12
10006630:	bdf0      	pop	{r4, r5, r6, r7, pc}
10006632:	4f20      	ldr	r7, [pc, #128]	@ (100066b4 <cdcd_open+0x9c>)
10006634:	78bb      	ldrb	r3, [r7, #2]
10006636:	2b00      	cmp	r3, #0
10006638:	d1f7      	bne.n	1000662a <cdcd_open+0x12>
1000663a:	788b      	ldrb	r3, [r1, #2]
1000663c:	2509      	movs	r5, #9
1000663e:	703b      	strb	r3, [r7, #0]
10006640:	780c      	ldrb	r4, [r1, #0]
10006642:	190c      	adds	r4, r1, r4
10006644:	7863      	ldrb	r3, [r4, #1]
10006646:	2b24      	cmp	r3, #36	@ 0x24
10006648:	d007      	beq.n	1000665a <cdcd_open+0x42>
1000664a:	e00c      	b.n	10006666 <cdcd_open+0x4e>
1000664c:	7823      	ldrb	r3, [r4, #0]
1000664e:	18e4      	adds	r4, r4, r3
10006650:	195d      	adds	r5, r3, r5
10006652:	7863      	ldrb	r3, [r4, #1]
10006654:	b2ad      	uxth	r5, r5
10006656:	2b24      	cmp	r3, #36	@ 0x24
10006658:	d105      	bne.n	10006666 <cdcd_open+0x4e>
1000665a:	4295      	cmp	r5, r2
1000665c:	d9f6      	bls.n	1000664c <cdcd_open+0x34>
1000665e:	2000      	movs	r0, #0
10006660:	f7ff fe50 	bl	10006304 <_prep_out_transaction.isra.0>
10006664:	e7e2      	b.n	1000662c <cdcd_open+0x14>
10006666:	001a      	movs	r2, r3
10006668:	2b05      	cmp	r3, #5
1000666a:	d015      	beq.n	10006698 <cdcd_open+0x80>
1000666c:	2a04      	cmp	r2, #4
1000666e:	d1f6      	bne.n	1000665e <cdcd_open+0x46>
10006670:	7963      	ldrb	r3, [r4, #5]
10006672:	2b0a      	cmp	r3, #10
10006674:	d1f3      	bne.n	1000665e <cdcd_open+0x46>
10006676:	4b10      	ldr	r3, [pc, #64]	@ (100066b8 <cdcd_open+0xa0>)
10006678:	7827      	ldrb	r7, [r4, #0]
1000667a:	9301      	str	r3, [sp, #4]
1000667c:	3301      	adds	r3, #1
1000667e:	9300      	str	r3, [sp, #0]
10006680:	0030      	movs	r0, r6
10006682:	2302      	movs	r3, #2
10006684:	19e1      	adds	r1, r4, r7
10006686:	3a02      	subs	r2, #2
10006688:	f7ff fc88 	bl	10005f9c <usbd_open_edpt_pair>
1000668c:	2800      	cmp	r0, #0
1000668e:	d0cc      	beq.n	1000662a <cdcd_open+0x12>
10006690:	350e      	adds	r5, #14
10006692:	19ed      	adds	r5, r5, r7
10006694:	b2ad      	uxth	r5, r5
10006696:	e7e2      	b.n	1000665e <cdcd_open+0x46>
10006698:	0021      	movs	r1, r4
1000669a:	0030      	movs	r0, r6
1000669c:	f7ff fccc 	bl	10006038 <usbd_edpt_open>
100066a0:	2800      	cmp	r0, #0
100066a2:	d0c2      	beq.n	1000662a <cdcd_open+0x12>
100066a4:	78a3      	ldrb	r3, [r4, #2]
100066a6:	707b      	strb	r3, [r7, #1]
100066a8:	7823      	ldrb	r3, [r4, #0]
100066aa:	195d      	adds	r5, r3, r5
100066ac:	18e4      	adds	r4, r4, r3
100066ae:	7862      	ldrb	r2, [r4, #1]
100066b0:	b2ad      	uxth	r5, r5
100066b2:	e7db      	b.n	1000666c <cdcd_open+0x54>
100066b4:	20001520 	.word	0x20001520
100066b8:	20001522 	.word	0x20001522

100066bc <cdcd_control_xfer_cb>:
100066bc:	b5f8      	push	{r3, r4, r5, r6, r7, lr}
100066be:	2360      	movs	r3, #96	@ 0x60
100066c0:	0014      	movs	r4, r2
100066c2:	7812      	ldrb	r2, [r2, #0]
100066c4:	0005      	movs	r5, r0
100066c6:	4013      	ands	r3, r2
100066c8:	2000      	movs	r0, #0
100066ca:	2b20      	cmp	r3, #32
100066cc:	d107      	bne.n	100066de <cdcd_control_xfer_cb+0x22>
100066ce:	4a30      	ldr	r2, [pc, #192]	@ (10006790 <cdcd_control_xfer_cb+0xd4>)
100066d0:	7963      	ldrb	r3, [r4, #5]
100066d2:	7927      	ldrb	r7, [r4, #4]
100066d4:	7816      	ldrb	r6, [r2, #0]
100066d6:	021b      	lsls	r3, r3, #8
100066d8:	433b      	orrs	r3, r7
100066da:	429e      	cmp	r6, r3
100066dc:	d000      	beq.n	100066e0 <cdcd_control_xfer_cb+0x24>
100066de:	bdf8      	pop	{r3, r4, r5, r6, r7, pc}
100066e0:	7863      	ldrb	r3, [r4, #1]
100066e2:	2b22      	cmp	r3, #34	@ 0x22
100066e4:	d01a      	beq.n	1000671c <cdcd_control_xfer_cb+0x60>
100066e6:	d807      	bhi.n	100066f8 <cdcd_control_xfer_cb+0x3c>
100066e8:	2b20      	cmp	r3, #32
100066ea:	d034      	beq.n	10006756 <cdcd_control_xfer_cb+0x9a>
100066ec:	2b21      	cmp	r3, #33	@ 0x21
100066ee:	d1f6      	bne.n	100066de <cdcd_control_xfer_cb+0x22>
100066f0:	2901      	cmp	r1, #1
100066f2:	d03e      	beq.n	10006772 <cdcd_control_xfer_cb+0xb6>
100066f4:	2001      	movs	r0, #1
100066f6:	e7f2      	b.n	100066de <cdcd_control_xfer_cb+0x22>
100066f8:	2b23      	cmp	r3, #35	@ 0x23
100066fa:	d1f0      	bne.n	100066de <cdcd_control_xfer_cb+0x22>
100066fc:	2901      	cmp	r1, #1
100066fe:	d040      	beq.n	10006782 <cdcd_control_xfer_cb+0xc6>
10006700:	2903      	cmp	r1, #3
10006702:	d1f7      	bne.n	100066f4 <cdcd_control_xfer_cb+0x38>
10006704:	4b23      	ldr	r3, [pc, #140]	@ (10006794 <cdcd_control_xfer_cb+0xd8>)
10006706:	2b00      	cmp	r3, #0
10006708:	d0f4      	beq.n	100066f4 <cdcd_control_xfer_cb+0x38>
1000670a:	78e1      	ldrb	r1, [r4, #3]
1000670c:	78a3      	ldrb	r3, [r4, #2]
1000670e:	0209      	lsls	r1, r1, #8
10006710:	2000      	movs	r0, #0
10006712:	4319      	orrs	r1, r3
10006714:	e000      	b.n	10006718 <cdcd_control_xfer_cb+0x5c>
10006716:	bf00      	nop
10006718:	2001      	movs	r0, #1
1000671a:	e7e0      	b.n	100066de <cdcd_control_xfer_cb+0x22>
1000671c:	2901      	cmp	r1, #1
1000671e:	d030      	beq.n	10006782 <cdcd_control_xfer_cb+0xc6>
10006720:	2903      	cmp	r1, #3
10006722:	d1e7      	bne.n	100066f4 <cdcd_control_xfer_cb+0x38>
10006724:	2501      	movs	r5, #1
10006726:	002e      	movs	r6, r5
10006728:	78a3      	ldrb	r3, [r4, #2]
1000672a:	78e4      	ldrb	r4, [r4, #3]
1000672c:	3902      	subs	r1, #2
1000672e:	0224      	lsls	r4, r4, #8
10006730:	431c      	orrs	r4, r3
10006732:	7114      	strb	r4, [r2, #4]
10006734:	4026      	ands	r6, r4
10006736:	3224      	adds	r2, #36	@ 0x24
10006738:	0010      	movs	r0, r2
1000673a:	4071      	eors	r1, r6
1000673c:	f000 fe08 	bl	10007350 <tu_fifo_set_overwritable>
10006740:	4b15      	ldr	r3, [pc, #84]	@ (10006798 <cdcd_control_xfer_cb+0xdc>)
10006742:	2b00      	cmp	r3, #0
10006744:	d0d6      	beq.n	100066f4 <cdcd_control_xfer_cb+0x38>
10006746:	0862      	lsrs	r2, r4, #1
10006748:	2000      	movs	r0, #0
1000674a:	0031      	movs	r1, r6
1000674c:	402a      	ands	r2, r5
1000674e:	e000      	b.n	10006752 <cdcd_control_xfer_cb+0x96>
10006750:	bf00      	nop
10006752:	2001      	movs	r0, #1
10006754:	e7c3      	b.n	100066de <cdcd_control_xfer_cb+0x22>
10006756:	2901      	cmp	r1, #1
10006758:	d00b      	beq.n	10006772 <cdcd_control_xfer_cb+0xb6>
1000675a:	2903      	cmp	r1, #3
1000675c:	d1ca      	bne.n	100066f4 <cdcd_control_xfer_cb+0x38>
1000675e:	4b0f      	ldr	r3, [pc, #60]	@ (1000679c <cdcd_control_xfer_cb+0xe0>)
10006760:	2b00      	cmp	r3, #0
10006762:	d0c7      	beq.n	100066f4 <cdcd_control_xfer_cb+0x38>
10006764:	3208      	adds	r2, #8
10006766:	2000      	movs	r0, #0
10006768:	0011      	movs	r1, r2
1000676a:	f7fe fa97 	bl	10004c9c <tud_cdc_line_coding_cb>
1000676e:	2001      	movs	r0, #1
10006770:	e7b5      	b.n	100066de <cdcd_control_xfer_cb+0x22>
10006772:	2307      	movs	r3, #7
10006774:	0021      	movs	r1, r4
10006776:	0028      	movs	r0, r5
10006778:	4a09      	ldr	r2, [pc, #36]	@ (100067a0 <cdcd_control_xfer_cb+0xe4>)
1000677a:	f7ff fcdb 	bl	10006134 <tud_control_xfer>
1000677e:	2001      	movs	r0, #1
10006780:	e7ad      	b.n	100066de <cdcd_control_xfer_cb+0x22>
10006782:	0021      	movs	r1, r4
10006784:	0028      	movs	r0, r5
10006786:	f7ff fcbf 	bl	10006108 <tud_control_status>
1000678a:	2001      	movs	r0, #1
1000678c:	e7a7      	b.n	100066de <cdcd_control_xfer_cb+0x22>
1000678e:	46c0      	nop			@ (mov r8, r8)
10006790:	20001520 	.word	0x20001520
	...
1000679c:	10004c9d 	.word	0x10004c9d
100067a0:	20001528 	.word	0x20001528

100067a4 <cdcd_xfer_cb>:
100067a4:	b5f0      	push	{r4, r5, r6, r7, lr}
100067a6:	464f      	mov	r7, r9
100067a8:	4646      	mov	r6, r8
100067aa:	46d6      	mov	lr, sl
100067ac:	b5c0      	push	{r6, r7, lr}
100067ae:	4d36      	ldr	r5, [pc, #216]	@ (10006888 <cdcd_xfer_cb+0xe4>)
100067b0:	4680      	mov	r8, r0
100067b2:	78ea      	ldrb	r2, [r5, #3]
100067b4:	000c      	movs	r4, r1
100067b6:	001f      	movs	r7, r3
100067b8:	428a      	cmp	r2, r1
100067ba:	d03c      	beq.n	10006836 <cdcd_xfer_cb+0x92>
100067bc:	78ab      	ldrb	r3, [r5, #2]
100067be:	428b      	cmp	r3, r1
100067c0:	d010      	beq.n	100067e4 <cdcd_xfer_cb+0x40>
100067c2:	2000      	movs	r0, #0
100067c4:	bce0      	pop	{r5, r6, r7}
100067c6:	46ba      	mov	sl, r7
100067c8:	46b1      	mov	r9, r6
100067ca:	46a8      	mov	r8, r5
100067cc:	bdf0      	pop	{r4, r5, r6, r7, pc}
100067ce:	4b2f      	ldr	r3, [pc, #188]	@ (1000688c <cdcd_xfer_cb+0xe8>)
100067d0:	2b00      	cmp	r3, #0
100067d2:	d004      	beq.n	100067de <cdcd_xfer_cb+0x3a>
100067d4:	482e      	ldr	r0, [pc, #184]	@ (10006890 <cdcd_xfer_cb+0xec>)
100067d6:	f000 fbad 	bl	10006f34 <tu_fifo_empty>
100067da:	2800      	cmp	r0, #0
100067dc:	d051      	beq.n	10006882 <cdcd_xfer_cb+0xde>
100067de:	2000      	movs	r0, #0
100067e0:	f7ff fd90 	bl	10006304 <_prep_out_transaction.isra.0>
100067e4:	78ab      	ldrb	r3, [r5, #2]
100067e6:	42a3      	cmp	r3, r4
100067e8:	d001      	beq.n	100067ee <cdcd_xfer_cb+0x4a>
100067ea:	2001      	movs	r0, #1
100067ec:	e7ea      	b.n	100067c4 <cdcd_xfer_cb+0x20>
100067ee:	4b29      	ldr	r3, [pc, #164]	@ (10006894 <cdcd_xfer_cb+0xf0>)
100067f0:	2b00      	cmp	r3, #0
100067f2:	d002      	beq.n	100067fa <cdcd_xfer_cb+0x56>
100067f4:	2000      	movs	r0, #0
100067f6:	e000      	b.n	100067fa <cdcd_xfer_cb+0x56>
100067f8:	bf00      	nop
100067fa:	2000      	movs	r0, #0
100067fc:	f7ff fe32 	bl	10006464 <tud_cdc_n_write_flush>
10006800:	2800      	cmp	r0, #0
10006802:	d1f2      	bne.n	100067ea <cdcd_xfer_cb+0x46>
10006804:	4c24      	ldr	r4, [pc, #144]	@ (10006898 <cdcd_xfer_cb+0xf4>)
10006806:	0020      	movs	r0, r4
10006808:	f000 fb7e 	bl	10006f08 <tu_fifo_count>
1000680c:	2800      	cmp	r0, #0
1000680e:	d1ec      	bne.n	100067ea <cdcd_xfer_cb+0x46>
10006810:	2f00      	cmp	r7, #0
10006812:	d0ea      	beq.n	100067ea <cdcd_xfer_cb+0x46>
10006814:	06bf      	lsls	r7, r7, #26
10006816:	d1e8      	bne.n	100067ea <cdcd_xfer_cb+0x46>
10006818:	3c24      	subs	r4, #36	@ 0x24
1000681a:	4640      	mov	r0, r8
1000681c:	78a1      	ldrb	r1, [r4, #2]
1000681e:	f7ff fc25 	bl	1000606c <usbd_edpt_claim>
10006822:	2800      	cmp	r0, #0
10006824:	d0e1      	beq.n	100067ea <cdcd_xfer_cb+0x46>
10006826:	2300      	movs	r3, #0
10006828:	2200      	movs	r2, #0
1000682a:	4640      	mov	r0, r8
1000682c:	78a1      	ldrb	r1, [r4, #2]
1000682e:	f7ff fc45 	bl	100060bc <usbd_edpt_xfer>
10006832:	2001      	movs	r0, #1
10006834:	e7c6      	b.n	100067c4 <cdcd_xfer_cb+0x20>
10006836:	b29a      	uxth	r2, r3
10006838:	2310      	movs	r3, #16
1000683a:	469a      	mov	sl, r3
1000683c:	4e17      	ldr	r6, [pc, #92]	@ (1000689c <cdcd_xfer_cb+0xf8>)
1000683e:	44aa      	add	sl, r5
10006840:	0031      	movs	r1, r6
10006842:	4650      	mov	r0, sl
10006844:	f000 fca8 	bl	10007198 <tu_fifo_write_n>
10006848:	4b15      	ldr	r3, [pc, #84]	@ (100068a0 <cdcd_xfer_cb+0xfc>)
1000684a:	2b00      	cmp	r3, #0
1000684c:	d0bf      	beq.n	100067ce <cdcd_xfer_cb+0x2a>
1000684e:	796b      	ldrb	r3, [r5, #5]
10006850:	2bff      	cmp	r3, #255	@ 0xff
10006852:	d0bc      	beq.n	100067ce <cdcd_xfer_cb+0x2a>
10006854:	2f00      	cmp	r7, #0
10006856:	d0ba      	beq.n	100067ce <cdcd_xfer_cb+0x2a>
10006858:	19f2      	adds	r2, r6, r7
1000685a:	4691      	mov	r9, r2
1000685c:	e003      	b.n	10006866 <cdcd_xfer_cb+0xc2>
1000685e:	3601      	adds	r6, #1
10006860:	454e      	cmp	r6, r9
10006862:	d0b4      	beq.n	100067ce <cdcd_xfer_cb+0x2a>
10006864:	796b      	ldrb	r3, [r5, #5]
10006866:	7832      	ldrb	r2, [r6, #0]
10006868:	429a      	cmp	r2, r3
1000686a:	d1f8      	bne.n	1000685e <cdcd_xfer_cb+0xba>
1000686c:	4650      	mov	r0, sl
1000686e:	f000 fb61 	bl	10006f34 <tu_fifo_empty>
10006872:	2800      	cmp	r0, #0
10006874:	d1f3      	bne.n	1000685e <cdcd_xfer_cb+0xba>
10006876:	4653      	mov	r3, sl
10006878:	3b10      	subs	r3, #16
1000687a:	7959      	ldrb	r1, [r3, #5]
1000687c:	e000      	b.n	10006880 <cdcd_xfer_cb+0xdc>
1000687e:	bf00      	nop
10006880:	e7ed      	b.n	1000685e <cdcd_xfer_cb+0xba>
10006882:	e000      	b.n	10006886 <cdcd_xfer_cb+0xe2>
10006884:	bf00      	nop
10006886:	e7aa      	b.n	100067de <cdcd_xfer_cb+0x3a>
10006888:	20001520 	.word	0x20001520
1000688c:	00000000 	.word	0x00000000
10006890:	20001530 	.word	0x20001530
10006894:	00000000 	.word	0x00000000
10006898:	20001544 	.word	0x20001544
1000689c:	2000149c 	.word	0x2000149c
100068a0:	00000000 	.word	0x00000000

100068a4 <vendord_init>:
100068a4:	2293      	movs	r2, #147	@ 0x93
100068a6:	b5f0      	push	{r4, r5, r6, r7, lr}
100068a8:	4c13      	ldr	r4, [pc, #76]	@ (100068f8 <vendord_init+0x54>)
100068aa:	b085      	sub	sp, #20
100068ac:	2100      	movs	r1, #0
100068ae:	0020      	movs	r0, r4
100068b0:	0092      	lsls	r2, r2, #2
100068b2:	f7fc fadf 	bl	10002e74 <__wrap_memset>
100068b6:	0023      	movs	r3, r4
100068b8:	0020      	movs	r0, r4
100068ba:	2680      	movs	r6, #128	@ 0x80
100068bc:	2740      	movs	r7, #64	@ 0x40
100068be:	4d0f      	ldr	r5, [pc, #60]	@ (100068fc <vendord_init+0x58>)
100068c0:	334d      	adds	r3, #77	@ 0x4d
100068c2:	0076      	lsls	r6, r6, #1
100068c4:	33ff      	adds	r3, #255	@ 0xff
100068c6:	3029      	adds	r0, #41	@ 0x29
100068c8:	9502      	str	r5, [sp, #8]
100068ca:	9300      	str	r3, [sp, #0]
100068cc:	2200      	movs	r2, #0
100068ce:	2300      	movs	r3, #0
100068d0:	2100      	movs	r1, #0
100068d2:	9703      	str	r7, [sp, #12]
100068d4:	9601      	str	r6, [sp, #4]
100068d6:	30ff      	adds	r0, #255	@ 0xff
100068d8:	f000 f9d4 	bl	10006c84 <tu_edpt_stream_init>
100068dc:	3540      	adds	r5, #64	@ 0x40
100068de:	1d20      	adds	r0, r4, #4
100068e0:	3428      	adds	r4, #40	@ 0x28
100068e2:	2300      	movs	r3, #0
100068e4:	2201      	movs	r2, #1
100068e6:	2100      	movs	r1, #0
100068e8:	9703      	str	r7, [sp, #12]
100068ea:	9502      	str	r5, [sp, #8]
100068ec:	9601      	str	r6, [sp, #4]
100068ee:	9400      	str	r4, [sp, #0]
100068f0:	f000 f9c8 	bl	10006c84 <tu_edpt_stream_init>
100068f4:	b005      	add	sp, #20
100068f6:	bdf0      	pop	{r4, r5, r6, r7, pc}
100068f8:	200017ec 	.word	0x200017ec
100068fc:	2000176c 	.word	0x2000176c

10006900 <vendord_deinit>:
10006900:	b510      	push	{r4, lr}
10006902:	4c05      	ldr	r4, [pc, #20]	@ (10006918 <vendord_deinit+0x18>)
10006904:	0020      	movs	r0, r4
10006906:	f000 f9f3 	bl	10006cf0 <tu_edpt_stream_deinit>
1000690a:	0020      	movs	r0, r4
1000690c:	3825      	subs	r0, #37	@ 0x25
1000690e:	38ff      	subs	r0, #255	@ 0xff
10006910:	f000 f9ee 	bl	10006cf0 <tu_edpt_stream_deinit>
10006914:	2001      	movs	r0, #1
10006916:	bd10      	pop	{r4, pc}
10006918:	20001914 	.word	0x20001914

1000691c <vendord_reset>:
1000691c:	b570      	push	{r4, r5, r6, lr}
1000691e:	4c08      	ldr	r4, [pc, #32]	@ (10006940 <vendord_reset+0x24>)
10006920:	2500      	movs	r5, #0
10006922:	0020      	movs	r0, r4
10006924:	3031      	adds	r0, #49	@ 0x31
10006926:	30ff      	adds	r0, #255	@ 0xff
10006928:	7025      	strb	r5, [r4, #0]
1000692a:	f000 fcf1 	bl	10007310 <tu_fifo_clear>
1000692e:	0020      	movs	r0, r4
10006930:	300c      	adds	r0, #12
10006932:	f000 fced 	bl	10007310 <tu_fifo_clear>
10006936:	232a      	movs	r3, #42	@ 0x2a
10006938:	33ff      	adds	r3, #255	@ 0xff
1000693a:	54e5      	strb	r5, [r4, r3]
1000693c:	7165      	strb	r5, [r4, #5]
1000693e:	bd70      	pop	{r4, r5, r6, pc}
10006940:	200017ec 	.word	0x200017ec

10006944 <vendord_open>:
10006944:	b5f8      	push	{r3, r4, r5, r6, r7, lr}
10006946:	4657      	mov	r7, sl
10006948:	4645      	mov	r5, r8
1000694a:	46de      	mov	lr, fp
1000694c:	464e      	mov	r6, r9
1000694e:	b5e0      	push	{r5, r6, r7, lr}
10006950:	794b      	ldrb	r3, [r1, #5]
10006952:	4680      	mov	r8, r0
10006954:	000f      	movs	r7, r1
10006956:	2bff      	cmp	r3, #255	@ 0xff
10006958:	d15b      	bne.n	10006a12 <vendord_open+0xce>
1000695a:	4b40      	ldr	r3, [pc, #256]	@ (10006a5c <vendord_open+0x118>)
1000695c:	4699      	mov	r9, r3
1000695e:	232a      	movs	r3, #42	@ 0x2a
10006960:	4649      	mov	r1, r9
10006962:	33ff      	adds	r3, #255	@ 0xff
10006964:	5ccb      	ldrb	r3, [r1, r3]
10006966:	2b00      	cmp	r3, #0
10006968:	d153      	bne.n	10006a12 <vendord_open+0xce>
1000696a:	794e      	ldrb	r6, [r1, #5]
1000696c:	2e00      	cmp	r6, #0
1000696e:	d150      	bne.n	10006a12 <vendord_open+0xce>
10006970:	78bb      	ldrb	r3, [r7, #2]
10006972:	783c      	ldrb	r4, [r7, #0]
10006974:	700b      	strb	r3, [r1, #0]
10006976:	793b      	ldrb	r3, [r7, #4]
10006978:	193c      	adds	r4, r7, r4
1000697a:	2b00      	cmp	r3, #0
1000697c:	d046      	beq.n	10006a0c <vendord_open+0xc8>
1000697e:	2398      	movs	r3, #152	@ 0x98
10006980:	005b      	lsls	r3, r3, #1
10006982:	444b      	add	r3, r9
10006984:	469a      	mov	sl, r3
10006986:	230c      	movs	r3, #12
10006988:	444b      	add	r3, r9
1000698a:	469b      	mov	fp, r3
1000698c:	18a5      	adds	r5, r4, r2
1000698e:	e003      	b.n	10006998 <vendord_open+0x54>
10006990:	42ac      	cmp	r4, r5
10006992:	d23b      	bcs.n	10006a0c <vendord_open+0xc8>
10006994:	7823      	ldrb	r3, [r4, #0]
10006996:	18e4      	adds	r4, r4, r3
10006998:	7863      	ldrb	r3, [r4, #1]
1000699a:	2b05      	cmp	r3, #5
1000699c:	d1f8      	bne.n	10006990 <vendord_open+0x4c>
1000699e:	42ac      	cmp	r4, r5
100069a0:	d234      	bcs.n	10006a0c <vendord_open+0xc8>
100069a2:	0021      	movs	r1, r4
100069a4:	4640      	mov	r0, r8
100069a6:	f7ff fb47 	bl	10006038 <usbd_edpt_open>
100069aa:	2800      	cmp	r0, #0
100069ac:	d031      	beq.n	10006a12 <vendord_open+0xce>
100069ae:	78a3      	ldrb	r3, [r4, #2]
100069b0:	3601      	adds	r6, #1
100069b2:	b2f6      	uxtb	r6, r6
100069b4:	09db      	lsrs	r3, r3, #7
100069b6:	2b01      	cmp	r3, #1
100069b8:	d032      	beq.n	10006a20 <vendord_open+0xdc>
100069ba:	4650      	mov	r0, sl
100069bc:	f000 fca8 	bl	10007310 <tu_fifo_clear>
100069c0:	232a      	movs	r3, #42	@ 0x2a
100069c2:	4649      	mov	r1, r9
100069c4:	78a2      	ldrb	r2, [r4, #2]
100069c6:	33ff      	adds	r3, #255	@ 0xff
100069c8:	54ca      	strb	r2, [r1, r3]
100069ca:	7963      	ldrb	r3, [r4, #5]
100069cc:	7922      	ldrb	r2, [r4, #4]
100069ce:	021b      	lsls	r3, r3, #8
100069d0:	4313      	orrs	r3, r2
100069d2:	4a23      	ldr	r2, [pc, #140]	@ (10006a60 <vendord_open+0x11c>)
100069d4:	055b      	lsls	r3, r3, #21
100069d6:	4694      	mov	ip, r2
100069d8:	0d5b      	lsrs	r3, r3, #21
100069da:	2194      	movs	r1, #148	@ 0x94
100069dc:	4463      	add	r3, ip
100069de:	425a      	negs	r2, r3
100069e0:	4153      	adcs	r3, r2
100069e2:	464a      	mov	r2, r9
100069e4:	2002      	movs	r0, #2
100069e6:	0049      	lsls	r1, r1, #1
100069e8:	5c52      	ldrb	r2, [r2, r1]
100069ea:	005b      	lsls	r3, r3, #1
100069ec:	4382      	bics	r2, r0
100069ee:	4313      	orrs	r3, r2
100069f0:	464a      	mov	r2, r9
100069f2:	5453      	strb	r3, [r2, r1]
100069f4:	4651      	mov	r1, sl
100069f6:	4640      	mov	r0, r8
100069f8:	3908      	subs	r1, #8
100069fa:	f000 f9e3 	bl	10006dc4 <tu_edpt_stream_read_xfer>
100069fe:	2800      	cmp	r0, #0
10006a00:	d007      	beq.n	10006a12 <vendord_open+0xce>
10006a02:	7823      	ldrb	r3, [r4, #0]
10006a04:	18e4      	adds	r4, r4, r3
10006a06:	793b      	ldrb	r3, [r7, #4]
10006a08:	42b3      	cmp	r3, r6
10006a0a:	d8c5      	bhi.n	10006998 <vendord_open+0x54>
10006a0c:	1be0      	subs	r0, r4, r7
10006a0e:	b280      	uxth	r0, r0
10006a10:	e000      	b.n	10006a14 <vendord_open+0xd0>
10006a12:	2000      	movs	r0, #0
10006a14:	bcf0      	pop	{r4, r5, r6, r7}
10006a16:	46bb      	mov	fp, r7
10006a18:	46b2      	mov	sl, r6
10006a1a:	46a9      	mov	r9, r5
10006a1c:	46a0      	mov	r8, r4
10006a1e:	bdf8      	pop	{r3, r4, r5, r6, r7, pc}
10006a20:	4658      	mov	r0, fp
10006a22:	f000 fc75 	bl	10007310 <tu_fifo_clear>
10006a26:	465a      	mov	r2, fp
10006a28:	78a3      	ldrb	r3, [r4, #2]
10006a2a:	3a0c      	subs	r2, #12
10006a2c:	7153      	strb	r3, [r2, #5]
10006a2e:	7963      	ldrb	r3, [r4, #5]
10006a30:	7921      	ldrb	r1, [r4, #4]
10006a32:	021b      	lsls	r3, r3, #8
10006a34:	430b      	orrs	r3, r1
10006a36:	490a      	ldr	r1, [pc, #40]	@ (10006a60 <vendord_open+0x11c>)
10006a38:	055b      	lsls	r3, r3, #21
10006a3a:	468c      	mov	ip, r1
10006a3c:	0d5b      	lsrs	r3, r3, #21
10006a3e:	4463      	add	r3, ip
10006a40:	4259      	negs	r1, r3
10006a42:	414b      	adcs	r3, r1
10006a44:	2002      	movs	r0, #2
10006a46:	7911      	ldrb	r1, [r2, #4]
10006a48:	005b      	lsls	r3, r3, #1
10006a4a:	4381      	bics	r1, r0
10006a4c:	430b      	orrs	r3, r1
10006a4e:	4659      	mov	r1, fp
10006a50:	2000      	movs	r0, #0
10006a52:	3908      	subs	r1, #8
10006a54:	7113      	strb	r3, [r2, #4]
10006a56:	f000 f981 	bl	10006d5c <tu_edpt_stream_write_xfer>
10006a5a:	e7d2      	b.n	10006a02 <vendord_open+0xbe>
10006a5c:	200017ec 	.word	0x200017ec
10006a60:	fffffe00 	.word	0xfffffe00

10006a64 <vendord_xfer_cb>:
10006a64:	b5f8      	push	{r3, r4, r5, r6, r7, lr}
10006a66:	252a      	movs	r5, #42	@ 0x2a
10006a68:	0006      	movs	r6, r0
10006a6a:	481f      	ldr	r0, [pc, #124]	@ (10006ae8 <vendord_xfer_cb+0x84>)
10006a6c:	35ff      	adds	r5, #255	@ 0xff
10006a6e:	5d45      	ldrb	r5, [r0, r5]
10006a70:	001f      	movs	r7, r3
10006a72:	428d      	cmp	r5, r1
10006a74:	d015      	beq.n	10006aa2 <vendord_xfer_cb+0x3e>
10006a76:	7943      	ldrb	r3, [r0, #5]
10006a78:	428b      	cmp	r3, r1
10006a7a:	d001      	beq.n	10006a80 <vendord_xfer_cb+0x1c>
10006a7c:	2000      	movs	r0, #0
10006a7e:	bdf8      	pop	{r3, r4, r5, r6, r7, pc}
10006a80:	4b1a      	ldr	r3, [pc, #104]	@ (10006aec <vendord_xfer_cb+0x88>)
10006a82:	2b00      	cmp	r3, #0
10006a84:	d004      	beq.n	10006a90 <vendord_xfer_cb+0x2c>
10006a86:	0439      	lsls	r1, r7, #16
10006a88:	2000      	movs	r0, #0
10006a8a:	0c09      	lsrs	r1, r1, #16
10006a8c:	e000      	b.n	10006a90 <vendord_xfer_cb+0x2c>
10006a8e:	bf00      	nop
10006a90:	4c17      	ldr	r4, [pc, #92]	@ (10006af0 <vendord_xfer_cb+0x8c>)
10006a92:	0030      	movs	r0, r6
10006a94:	0021      	movs	r1, r4
10006a96:	f000 f961 	bl	10006d5c <tu_edpt_stream_write_xfer>
10006a9a:	2800      	cmp	r0, #0
10006a9c:	d01d      	beq.n	10006ada <vendord_xfer_cb+0x76>
10006a9e:	2001      	movs	r0, #1
10006aa0:	e7ed      	b.n	10006a7e <vendord_xfer_cb+0x1a>
10006aa2:	239a      	movs	r3, #154	@ 0x9a
10006aa4:	005b      	lsls	r3, r3, #1
10006aa6:	5ac3      	ldrh	r3, [r0, r3]
10006aa8:	2b00      	cmp	r3, #0
10006aaa:	d10d      	bne.n	10006ac8 <vendord_xfer_cb+0x64>
10006aac:	4b11      	ldr	r3, [pc, #68]	@ (10006af4 <vendord_xfer_cb+0x90>)
10006aae:	2b00      	cmp	r3, #0
10006ab0:	d004      	beq.n	10006abc <vendord_xfer_cb+0x58>
10006ab2:	2000      	movs	r0, #0
10006ab4:	4910      	ldr	r1, [pc, #64]	@ (10006af8 <vendord_xfer_cb+0x94>)
10006ab6:	b2ba      	uxth	r2, r7
10006ab8:	e000      	b.n	10006abc <vendord_xfer_cb+0x58>
10006aba:	bf00      	nop
10006abc:	0030      	movs	r0, r6
10006abe:	490f      	ldr	r1, [pc, #60]	@ (10006afc <vendord_xfer_cb+0x98>)
10006ac0:	f000 f980 	bl	10006dc4 <tu_edpt_stream_read_xfer>
10006ac4:	2001      	movs	r0, #1
10006ac6:	e7da      	b.n	10006a7e <vendord_xfer_cb+0x1a>
10006ac8:	2396      	movs	r3, #150	@ 0x96
10006aca:	005b      	lsls	r3, r3, #1
10006acc:	58c1      	ldr	r1, [r0, r3]
10006ace:	3031      	adds	r0, #49	@ 0x31
10006ad0:	b2ba      	uxth	r2, r7
10006ad2:	30ff      	adds	r0, #255	@ 0xff
10006ad4:	f000 fb60 	bl	10007198 <tu_fifo_write_n>
10006ad8:	e7e8      	b.n	10006aac <vendord_xfer_cb+0x48>
10006ada:	003a      	movs	r2, r7
10006adc:	0021      	movs	r1, r4
10006ade:	0030      	movs	r0, r6
10006ae0:	f000 f908 	bl	10006cf4 <tu_edpt_stream_write_zlp_if_needed>
10006ae4:	2001      	movs	r0, #1
10006ae6:	e7ca      	b.n	10006a7e <vendord_xfer_cb+0x1a>
10006ae8:	200017ec 	.word	0x200017ec
10006aec:	00000000 	.word	0x00000000
10006af0:	200017f0 	.word	0x200017f0
10006af4:	00000000 	.word	0x00000000
10006af8:	2000176c 	.word	0x2000176c
10006afc:	20001914 	.word	0x20001914

10006b00 <tusb_rhport_init>:
10006b00:	b500      	push	{lr}
10006b02:	0003      	movs	r3, r0
10006b04:	b083      	sub	sp, #12
10006b06:	2900      	cmp	r1, #0
10006b08:	d010      	beq.n	10006b2c <tusb_rhport_init+0x2c>
10006b0a:	2000      	movs	r0, #0
10006b0c:	2b01      	cmp	r3, #1
10006b0e:	d807      	bhi.n	10006b20 <tusb_rhport_init+0x20>
10006b10:	780a      	ldrb	r2, [r1, #0]
10006b12:	2a00      	cmp	r2, #0
10006b14:	d004      	beq.n	10006b20 <tusb_rhport_init+0x20>
10006b16:	480c      	ldr	r0, [pc, #48]	@ (10006b48 <tusb_rhport_init+0x48>)
10006b18:	54c2      	strb	r2, [r0, r3]
10006b1a:	2001      	movs	r0, #1
10006b1c:	2a01      	cmp	r2, #1
10006b1e:	d001      	beq.n	10006b24 <tusb_rhport_init+0x24>
10006b20:	b003      	add	sp, #12
10006b22:	bd00      	pop	{pc}
10006b24:	0018      	movs	r0, r3
10006b26:	f7fe fdbf 	bl	100056a8 <tud_rhport_init>
10006b2a:	e7f9      	b.n	10006b20 <tusb_rhport_init+0x20>
10006b2c:	2301      	movs	r3, #1
10006b2e:	466a      	mov	r2, sp
10006b30:	2000      	movs	r0, #0
10006b32:	a901      	add	r1, sp, #4
10006b34:	8093      	strh	r3, [r2, #4]
10006b36:	f7fe fdb7 	bl	100056a8 <tud_rhport_init>
10006b3a:	2800      	cmp	r0, #0
10006b3c:	d0f0      	beq.n	10006b20 <tusb_rhport_init+0x20>
10006b3e:	2201      	movs	r2, #1
10006b40:	4b01      	ldr	r3, [pc, #4]	@ (10006b48 <tusb_rhport_init+0x48>)
10006b42:	701a      	strb	r2, [r3, #0]
10006b44:	e7ec      	b.n	10006b20 <tusb_rhport_init+0x20>
10006b46:	46c0      	nop			@ (mov r8, r8)
10006b48:	2000163c 	.word	0x2000163c

10006b4c <tu_edpt_claim>:
10006b4c:	7803      	ldrb	r3, [r0, #0]
10006b4e:	b570      	push	{r4, r5, r6, lr}
10006b50:	07db      	lsls	r3, r3, #31
10006b52:	0004      	movs	r4, r0
10006b54:	000e      	movs	r6, r1
10006b56:	0fdd      	lsrs	r5, r3, #31
10006b58:	2b00      	cmp	r3, #0
10006b5a:	d117      	bne.n	10006b8c <tu_edpt_claim+0x40>
10006b5c:	7803      	ldrb	r3, [r0, #0]
10006b5e:	075b      	lsls	r3, r3, #29
10006b60:	d501      	bpl.n	10006b66 <tu_edpt_claim+0x1a>
10006b62:	0028      	movs	r0, r5
10006b64:	bd70      	pop	{r4, r5, r6, pc}
10006b66:	2101      	movs	r1, #1
10006b68:	0030      	movs	r0, r6
10006b6a:	4249      	negs	r1, r1
10006b6c:	f000 fdc4 	bl	100076f8 <__mutex_enter_timeout_ms_veneer>
10006b70:	7823      	ldrb	r3, [r4, #0]
10006b72:	07db      	lsls	r3, r3, #31
10006b74:	0fdd      	lsrs	r5, r3, #31
10006b76:	2b00      	cmp	r3, #0
10006b78:	d10a      	bne.n	10006b90 <tu_edpt_claim+0x44>
10006b7a:	7823      	ldrb	r3, [r4, #0]
10006b7c:	075b      	lsls	r3, r3, #29
10006b7e:	d408      	bmi.n	10006b92 <tu_edpt_claim+0x46>
10006b80:	2204      	movs	r2, #4
10006b82:	7823      	ldrb	r3, [r4, #0]
10006b84:	2501      	movs	r5, #1
10006b86:	4313      	orrs	r3, r2
10006b88:	7023      	strb	r3, [r4, #0]
10006b8a:	e002      	b.n	10006b92 <tu_edpt_claim+0x46>
10006b8c:	2500      	movs	r5, #0
10006b8e:	e7e8      	b.n	10006b62 <tu_edpt_claim+0x16>
10006b90:	2500      	movs	r5, #0
10006b92:	0030      	movs	r0, r6
10006b94:	f000 fd88 	bl	100076a8 <__mutex_exit_veneer>
10006b98:	e7e3      	b.n	10006b62 <tu_edpt_claim+0x16>
10006b9a:	46c0      	nop			@ (mov r8, r8)

10006b9c <tu_edpt_release>:
10006b9c:	b570      	push	{r4, r5, r6, lr}
10006b9e:	000c      	movs	r4, r1
10006ba0:	2101      	movs	r1, #1
10006ba2:	0006      	movs	r6, r0
10006ba4:	4249      	negs	r1, r1
10006ba6:	0020      	movs	r0, r4
10006ba8:	f000 fda6 	bl	100076f8 <__mutex_enter_timeout_ms_veneer>
10006bac:	7833      	ldrb	r3, [r6, #0]
10006bae:	075b      	lsls	r3, r3, #29
10006bb0:	0fdd      	lsrs	r5, r3, #31
10006bb2:	2b00      	cmp	r3, #0
10006bb4:	db04      	blt.n	10006bc0 <tu_edpt_release+0x24>
10006bb6:	0020      	movs	r0, r4
10006bb8:	f000 fd76 	bl	100076a8 <__mutex_exit_veneer>
10006bbc:	0028      	movs	r0, r5
10006bbe:	bd70      	pop	{r4, r5, r6, pc}
10006bc0:	7833      	ldrb	r3, [r6, #0]
10006bc2:	07db      	lsls	r3, r3, #31
10006bc4:	d404      	bmi.n	10006bd0 <tu_edpt_release+0x34>
10006bc6:	2204      	movs	r2, #4
10006bc8:	7833      	ldrb	r3, [r6, #0]
10006bca:	4393      	bics	r3, r2
10006bcc:	7033      	strb	r3, [r6, #0]
10006bce:	e7f2      	b.n	10006bb6 <tu_edpt_release+0x1a>
10006bd0:	2500      	movs	r5, #0
10006bd2:	e7f0      	b.n	10006bb6 <tu_edpt_release+0x1a>

10006bd4 <tu_edpt_validate>:
10006bd4:	7943      	ldrb	r3, [r0, #5]
10006bd6:	7902      	ldrb	r2, [r0, #4]
10006bd8:	021b      	lsls	r3, r3, #8
10006bda:	4313      	orrs	r3, r2
10006bdc:	78c2      	ldrb	r2, [r0, #3]
10006bde:	055b      	lsls	r3, r3, #21
10006be0:	0792      	lsls	r2, r2, #30
10006be2:	0d5b      	lsrs	r3, r3, #21
10006be4:	0f92      	lsrs	r2, r2, #30
10006be6:	2a02      	cmp	r2, #2
10006be8:	d01d      	beq.n	10006c26 <tu_edpt_validate+0x52>
10006bea:	2a03      	cmp	r2, #3
10006bec:	d00c      	beq.n	10006c08 <tu_edpt_validate+0x34>
10006bee:	2000      	movs	r0, #0
10006bf0:	2a01      	cmp	r2, #1
10006bf2:	d108      	bne.n	10006c06 <tu_edpt_validate+0x32>
10006bf4:	3902      	subs	r1, #2
10006bf6:	424a      	negs	r2, r1
10006bf8:	4151      	adcs	r1, r2
10006bfa:	4a12      	ldr	r2, [pc, #72]	@ (10006c44 <tu_edpt_validate+0x70>)
10006bfc:	4694      	mov	ip, r2
10006bfe:	4461      	add	r1, ip
10006c00:	4299      	cmp	r1, r3
10006c02:	4140      	adcs	r0, r0
10006c04:	b2c0      	uxtb	r0, r0
10006c06:	4770      	bx	lr
10006c08:	3902      	subs	r1, #2
10006c0a:	1e4a      	subs	r2, r1, #1
10006c0c:	4191      	sbcs	r1, r2
10006c0e:	4a0e      	ldr	r2, [pc, #56]	@ (10006c48 <tu_edpt_validate+0x74>)
10006c10:	4249      	negs	r1, r1
10006c12:	4011      	ands	r1, r2
10006c14:	2280      	movs	r2, #128	@ 0x80
10006c16:	00d2      	lsls	r2, r2, #3
10006c18:	4694      	mov	ip, r2
10006c1a:	2000      	movs	r0, #0
10006c1c:	4461      	add	r1, ip
10006c1e:	4299      	cmp	r1, r3
10006c20:	4140      	adcs	r0, r0
10006c22:	b2c0      	uxtb	r0, r0
10006c24:	e7ef      	b.n	10006c06 <tu_edpt_validate+0x32>
10006c26:	2902      	cmp	r1, #2
10006c28:	d005      	beq.n	10006c36 <tu_edpt_validate+0x62>
10006c2a:	2000      	movs	r0, #0
10006c2c:	2240      	movs	r2, #64	@ 0x40
10006c2e:	429a      	cmp	r2, r3
10006c30:	4140      	adcs	r0, r0
10006c32:	b2c0      	uxtb	r0, r0
10006c34:	e7e7      	b.n	10006c06 <tu_edpt_validate+0x32>
10006c36:	4a05      	ldr	r2, [pc, #20]	@ (10006c4c <tu_edpt_validate+0x78>)
10006c38:	1898      	adds	r0, r3, r2
10006c3a:	4243      	negs	r3, r0
10006c3c:	4158      	adcs	r0, r3
10006c3e:	b2c0      	uxtb	r0, r0
10006c40:	e7e1      	b.n	10006c06 <tu_edpt_validate+0x32>
10006c42:	46c0      	nop			@ (mov r8, r8)
10006c44:	000003ff 	.word	0x000003ff
10006c48:	fffffc40 	.word	0xfffffc40
10006c4c:	fffffe00 	.word	0xfffffe00

10006c50 <tu_edpt_bind_driver>:
10006c50:	188a      	adds	r2, r1, r2
10006c52:	b570      	push	{r4, r5, r6, lr}
10006c54:	4291      	cmp	r1, r2
10006c56:	d207      	bcs.n	10006c68 <tu_edpt_bind_driver+0x18>
10006c58:	267f      	movs	r6, #127	@ 0x7f
10006c5a:	784c      	ldrb	r4, [r1, #1]
10006c5c:	2c05      	cmp	r4, #5
10006c5e:	d004      	beq.n	10006c6a <tu_edpt_bind_driver+0x1a>
10006c60:	780c      	ldrb	r4, [r1, #0]
10006c62:	1909      	adds	r1, r1, r4
10006c64:	428a      	cmp	r2, r1
10006c66:	d8f8      	bhi.n	10006c5a <tu_edpt_bind_driver+0xa>
10006c68:	bd70      	pop	{r4, r5, r6, pc}
10006c6a:	0034      	movs	r4, r6
10006c6c:	788d      	ldrb	r5, [r1, #2]
10006c6e:	402c      	ands	r4, r5
10006c70:	0064      	lsls	r4, r4, #1
10006c72:	1904      	adds	r4, r0, r4
10006c74:	09ed      	lsrs	r5, r5, #7
10006c76:	5563      	strb	r3, [r4, r5]
10006c78:	780c      	ldrb	r4, [r1, #0]
10006c7a:	1909      	adds	r1, r1, r4
10006c7c:	428a      	cmp	r2, r1
10006c7e:	d8ec      	bhi.n	10006c5a <tu_edpt_bind_driver+0xa>
10006c80:	e7f2      	b.n	10006c68 <tu_edpt_bind_driver+0x18>
10006c82:	46c0      	nop			@ (mov r8, r8)

10006c84 <tu_edpt_stream_init>:
10006c84:	b5f0      	push	{r4, r5, r6, r7, lr}
10006c86:	46c6      	mov	lr, r8
10006c88:	b500      	push	{lr}
10006c8a:	b082      	sub	sp, #8
10006c8c:	0015      	movs	r5, r2
10006c8e:	aa08      	add	r2, sp, #32
10006c90:	ca40      	ldmia	r2!, {r6}
10006c92:	0004      	movs	r4, r0
10006c94:	8817      	ldrh	r7, [r2, #0]
10006c96:	466a      	mov	r2, sp
10006c98:	8d92      	ldrh	r2, [r2, #44]	@ 0x2c
10006c9a:	2001      	movs	r0, #1
10006c9c:	4690      	mov	r8, r2
10006c9e:	000a      	movs	r2, r1
10006ca0:	7821      	ldrb	r1, [r4, #0]
10006ca2:	4002      	ands	r2, r0
10006ca4:	4381      	bics	r1, r0
10006ca6:	0020      	movs	r0, r4
10006ca8:	4311      	orrs	r1, r2
10006caa:	7021      	strb	r1, [r4, #0]
10006cac:	003a      	movs	r2, r7
10006cae:	9300      	str	r3, [sp, #0]
10006cb0:	0031      	movs	r1, r6
10006cb2:	2301      	movs	r3, #1
10006cb4:	3008      	adds	r0, #8
10006cb6:	f000 f8f1 	bl	10006e9c <tu_fifo_config>
10006cba:	2e00      	cmp	r6, #0
10006cbc:	d001      	beq.n	10006cc2 <tu_edpt_stream_init+0x3e>
10006cbe:	2f00      	cmp	r7, #0
10006cc0:	d108      	bne.n	10006cd4 <tu_edpt_stream_init+0x50>
10006cc2:	9b0a      	ldr	r3, [sp, #40]	@ 0x28
10006cc4:	2001      	movs	r0, #1
10006cc6:	6063      	str	r3, [r4, #4]
10006cc8:	4643      	mov	r3, r8
10006cca:	8063      	strh	r3, [r4, #2]
10006ccc:	b002      	add	sp, #8
10006cce:	bc80      	pop	{r7}
10006cd0:	46b8      	mov	r8, r7
10006cd2:	bdf0      	pop	{r4, r5, r6, r7, pc}
10006cd4:	0026      	movs	r6, r4
10006cd6:	361c      	adds	r6, #28
10006cd8:	0030      	movs	r0, r6
10006cda:	f7fa f91b 	bl	10000f14 <mutex_init>
10006cde:	2300      	movs	r3, #0
10006ce0:	2d00      	cmp	r5, #0
10006ce2:	d001      	beq.n	10006ce8 <tu_edpt_stream_init+0x64>
10006ce4:	0033      	movs	r3, r6
10006ce6:	2600      	movs	r6, #0
10006ce8:	6163      	str	r3, [r4, #20]
10006cea:	61a6      	str	r6, [r4, #24]
10006cec:	e7e9      	b.n	10006cc2 <tu_edpt_stream_init+0x3e>
10006cee:	46c0      	nop			@ (mov r8, r8)

10006cf0 <tu_edpt_stream_deinit>:
10006cf0:	2001      	movs	r0, #1
10006cf2:	4770      	bx	lr

10006cf4 <tu_edpt_stream_write_zlp_if_needed>:
10006cf4:	b5f8      	push	{r3, r4, r5, r6, r7, lr}
10006cf6:	2402      	movs	r4, #2
10006cf8:	780b      	ldrb	r3, [r1, #0]
10006cfa:	0007      	movs	r7, r0
10006cfc:	401c      	ands	r4, r3
10006cfe:	4263      	negs	r3, r4
10006d00:	415c      	adcs	r4, r3
10006d02:	4b14      	ldr	r3, [pc, #80]	@ (10006d54 <tu_edpt_stream_write_zlp_if_needed+0x60>)
10006d04:	4264      	negs	r4, r4
10006d06:	401c      	ands	r4, r3
10006d08:	4b13      	ldr	r3, [pc, #76]	@ (10006d58 <tu_edpt_stream_write_zlp_if_needed+0x64>)
10006d0a:	0008      	movs	r0, r1
10006d0c:	469c      	mov	ip, r3
10006d0e:	3008      	adds	r0, #8
10006d10:	000d      	movs	r5, r1
10006d12:	0016      	movs	r6, r2
10006d14:	4464      	add	r4, ip
10006d16:	f000 f8f7 	bl	10006f08 <tu_fifo_count>
10006d1a:	2800      	cmp	r0, #0
10006d1c:	d107      	bne.n	10006d2e <tu_edpt_stream_write_zlp_if_needed+0x3a>
10006d1e:	2e00      	cmp	r6, #0
10006d20:	d005      	beq.n	10006d2e <tu_edpt_stream_write_zlp_if_needed+0x3a>
10006d22:	4234      	tst	r4, r6
10006d24:	d103      	bne.n	10006d2e <tu_edpt_stream_write_zlp_if_needed+0x3a>
10006d26:	2401      	movs	r4, #1
10006d28:	782b      	ldrb	r3, [r5, #0]
10006d2a:	421c      	tst	r4, r3
10006d2c:	d001      	beq.n	10006d32 <tu_edpt_stream_write_zlp_if_needed+0x3e>
10006d2e:	2000      	movs	r0, #0
10006d30:	bdf8      	pop	{r3, r4, r5, r6, r7, pc}
10006d32:	0038      	movs	r0, r7
10006d34:	7869      	ldrb	r1, [r5, #1]
10006d36:	f7ff f999 	bl	1000606c <usbd_edpt_claim>
10006d3a:	2800      	cmp	r0, #0
10006d3c:	d0f7      	beq.n	10006d2e <tu_edpt_stream_write_zlp_if_needed+0x3a>
10006d3e:	782b      	ldrb	r3, [r5, #0]
10006d40:	421c      	tst	r4, r3
10006d42:	d1f4      	bne.n	10006d2e <tu_edpt_stream_write_zlp_if_needed+0x3a>
10006d44:	2300      	movs	r3, #0
10006d46:	2200      	movs	r2, #0
10006d48:	0038      	movs	r0, r7
10006d4a:	7869      	ldrb	r1, [r5, #1]
10006d4c:	f7ff f9b6 	bl	100060bc <usbd_edpt_xfer>
10006d50:	e7ee      	b.n	10006d30 <tu_edpt_stream_write_zlp_if_needed+0x3c>
10006d52:	46c0      	nop			@ (mov r8, r8)
10006d54:	fffffe40 	.word	0xfffffe40
10006d58:	000001ff 	.word	0x000001ff

10006d5c <tu_edpt_stream_write_xfer>:
10006d5c:	b5f8      	push	{r3, r4, r5, r6, r7, lr}
10006d5e:	000d      	movs	r5, r1
10006d60:	3508      	adds	r5, #8
10006d62:	0006      	movs	r6, r0
10006d64:	0028      	movs	r0, r5
10006d66:	000c      	movs	r4, r1
10006d68:	f000 f8ce 	bl	10006f08 <tu_fifo_count>
10006d6c:	2800      	cmp	r0, #0
10006d6e:	d003      	beq.n	10006d78 <tu_edpt_stream_write_xfer+0x1c>
10006d70:	2701      	movs	r7, #1
10006d72:	7823      	ldrb	r3, [r4, #0]
10006d74:	421f      	tst	r7, r3
10006d76:	d001      	beq.n	10006d7c <tu_edpt_stream_write_xfer+0x20>
10006d78:	2000      	movs	r0, #0
10006d7a:	bdf8      	pop	{r3, r4, r5, r6, r7, pc}
10006d7c:	0030      	movs	r0, r6
10006d7e:	7861      	ldrb	r1, [r4, #1]
10006d80:	f7ff f974 	bl	1000606c <usbd_edpt_claim>
10006d84:	2800      	cmp	r0, #0
10006d86:	d0f7      	beq.n	10006d78 <tu_edpt_stream_write_xfer+0x1c>
10006d88:	0028      	movs	r0, r5
10006d8a:	8862      	ldrh	r2, [r4, #2]
10006d8c:	6861      	ldr	r1, [r4, #4]
10006d8e:	f000 f93d 	bl	1000700c <tu_fifo_read_n>
10006d92:	7823      	ldrb	r3, [r4, #0]
10006d94:	0005      	movs	r5, r0
10006d96:	401f      	ands	r7, r3
10006d98:	2800      	cmp	r0, #0
10006d9a:	d00b      	beq.n	10006db4 <tu_edpt_stream_write_xfer+0x58>
10006d9c:	2f00      	cmp	r7, #0
10006d9e:	d1eb      	bne.n	10006d78 <tu_edpt_stream_write_xfer+0x1c>
10006da0:	0003      	movs	r3, r0
10006da2:	6862      	ldr	r2, [r4, #4]
10006da4:	0030      	movs	r0, r6
10006da6:	7861      	ldrb	r1, [r4, #1]
10006da8:	f7ff f988 	bl	100060bc <usbd_edpt_xfer>
10006dac:	2800      	cmp	r0, #0
10006dae:	d0e3      	beq.n	10006d78 <tu_edpt_stream_write_xfer+0x1c>
10006db0:	0028      	movs	r0, r5
10006db2:	e7e2      	b.n	10006d7a <tu_edpt_stream_write_xfer+0x1e>
10006db4:	2f00      	cmp	r7, #0
10006db6:	d1df      	bne.n	10006d78 <tu_edpt_stream_write_xfer+0x1c>
10006db8:	0030      	movs	r0, r6
10006dba:	7861      	ldrb	r1, [r4, #1]
10006dbc:	f7ff f96a 	bl	10006094 <usbd_edpt_release>
10006dc0:	e7da      	b.n	10006d78 <tu_edpt_stream_write_xfer+0x1c>
10006dc2:	46c0      	nop			@ (mov r8, r8)

10006dc4 <tu_edpt_stream_read_xfer>:
10006dc4:	b5f8      	push	{r3, r4, r5, r6, r7, lr}
10006dc6:	46ce      	mov	lr, r9
10006dc8:	4647      	mov	r7, r8
10006dca:	b580      	push	{r7, lr}
10006dcc:	898a      	ldrh	r2, [r1, #12]
10006dce:	0006      	movs	r6, r0
10006dd0:	000c      	movs	r4, r1
10006dd2:	780b      	ldrb	r3, [r1, #0]
10006dd4:	2a00      	cmp	r2, #0
10006dd6:	d107      	bne.n	10006de8 <tu_edpt_stream_read_xfer+0x24>
10006dd8:	2501      	movs	r5, #1
10006dda:	421d      	tst	r5, r3
10006ddc:	d040      	beq.n	10006e60 <tu_edpt_stream_read_xfer+0x9c>
10006dde:	2000      	movs	r0, #0
10006de0:	bcc0      	pop	{r6, r7}
10006de2:	46b9      	mov	r9, r7
10006de4:	46b0      	mov	r8, r6
10006de6:	bdf8      	pop	{r3, r4, r5, r6, r7, pc}
10006de8:	079b      	lsls	r3, r3, #30
10006dea:	d433      	bmi.n	10006e54 <tu_edpt_stream_read_xfer+0x90>
10006dec:	4b2a      	ldr	r3, [pc, #168]	@ (10006e98 <tu_edpt_stream_read_xfer+0xd4>)
10006dee:	2540      	movs	r5, #64	@ 0x40
10006df0:	4699      	mov	r9, r3
10006df2:	0027      	movs	r7, r4
10006df4:	3708      	adds	r7, #8
10006df6:	0038      	movs	r0, r7
10006df8:	f000 f8a4 	bl	10006f44 <tu_fifo_remaining>
10006dfc:	4285      	cmp	r5, r0
10006dfe:	d8ee      	bhi.n	10006dde <tu_edpt_stream_read_xfer+0x1a>
10006e00:	2201      	movs	r2, #1
10006e02:	7823      	ldrb	r3, [r4, #0]
10006e04:	4690      	mov	r8, r2
10006e06:	421a      	tst	r2, r3
10006e08:	d1e9      	bne.n	10006dde <tu_edpt_stream_read_xfer+0x1a>
10006e0a:	0030      	movs	r0, r6
10006e0c:	7861      	ldrb	r1, [r4, #1]
10006e0e:	f7ff f92d 	bl	1000606c <usbd_edpt_claim>
10006e12:	2800      	cmp	r0, #0
10006e14:	d0e3      	beq.n	10006dde <tu_edpt_stream_read_xfer+0x1a>
10006e16:	0038      	movs	r0, r7
10006e18:	f000 f894 	bl	10006f44 <tu_fifo_remaining>
10006e1c:	4642      	mov	r2, r8
10006e1e:	7823      	ldrb	r3, [r4, #0]
10006e20:	401a      	ands	r2, r3
10006e22:	4285      	cmp	r5, r0
10006e24:	d831      	bhi.n	10006e8a <tu_edpt_stream_read_xfer+0xc6>
10006e26:	2a00      	cmp	r2, #0
10006e28:	d1d9      	bne.n	10006dde <tu_edpt_stream_read_xfer+0x1a>
10006e2a:	464a      	mov	r2, r9
10006e2c:	8863      	ldrh	r3, [r4, #2]
10006e2e:	4002      	ands	r2, r0
10006e30:	1c1d      	adds	r5, r3, #0
10006e32:	4293      	cmp	r3, r2
10006e34:	d900      	bls.n	10006e38 <tu_edpt_stream_read_xfer+0x74>
10006e36:	1c15      	adds	r5, r2, #0
10006e38:	b2ad      	uxth	r5, r5
10006e3a:	2200      	movs	r2, #0
10006e3c:	7861      	ldrb	r1, [r4, #1]
10006e3e:	2d00      	cmp	r5, #0
10006e40:	d000      	beq.n	10006e44 <tu_edpt_stream_read_xfer+0x80>
10006e42:	6862      	ldr	r2, [r4, #4]
10006e44:	002b      	movs	r3, r5
10006e46:	0030      	movs	r0, r6
10006e48:	f7ff f938 	bl	100060bc <usbd_edpt_xfer>
10006e4c:	2800      	cmp	r0, #0
10006e4e:	d0c6      	beq.n	10006dde <tu_edpt_stream_read_xfer+0x1a>
10006e50:	0028      	movs	r0, r5
10006e52:	e7c5      	b.n	10006de0 <tu_edpt_stream_read_xfer+0x1c>
10006e54:	23fe      	movs	r3, #254	@ 0xfe
10006e56:	2580      	movs	r5, #128	@ 0x80
10006e58:	021b      	lsls	r3, r3, #8
10006e5a:	4699      	mov	r9, r3
10006e5c:	00ad      	lsls	r5, r5, #2
10006e5e:	e7c8      	b.n	10006df2 <tu_edpt_stream_read_xfer+0x2e>
10006e60:	7849      	ldrb	r1, [r1, #1]
10006e62:	f7ff f903 	bl	1000606c <usbd_edpt_claim>
10006e66:	2800      	cmp	r0, #0
10006e68:	d0b9      	beq.n	10006dde <tu_edpt_stream_read_xfer+0x1a>
10006e6a:	7823      	ldrb	r3, [r4, #0]
10006e6c:	421d      	tst	r5, r3
10006e6e:	d1b6      	bne.n	10006dde <tu_edpt_stream_read_xfer+0x1a>
10006e70:	8863      	ldrh	r3, [r4, #2]
10006e72:	2200      	movs	r2, #0
10006e74:	7861      	ldrb	r1, [r4, #1]
10006e76:	2b00      	cmp	r3, #0
10006e78:	d000      	beq.n	10006e7c <tu_edpt_stream_read_xfer+0xb8>
10006e7a:	6862      	ldr	r2, [r4, #4]
10006e7c:	0030      	movs	r0, r6
10006e7e:	f7ff f91d 	bl	100060bc <usbd_edpt_xfer>
10006e82:	2800      	cmp	r0, #0
10006e84:	d0ab      	beq.n	10006dde <tu_edpt_stream_read_xfer+0x1a>
10006e86:	8860      	ldrh	r0, [r4, #2]
10006e88:	e7aa      	b.n	10006de0 <tu_edpt_stream_read_xfer+0x1c>
10006e8a:	2a00      	cmp	r2, #0
10006e8c:	d1a7      	bne.n	10006dde <tu_edpt_stream_read_xfer+0x1a>
10006e8e:	0030      	movs	r0, r6
10006e90:	7861      	ldrb	r1, [r4, #1]
10006e92:	f7ff f8ff 	bl	10006094 <usbd_edpt_release>
10006e96:	e7a2      	b.n	10006dde <tu_edpt_stream_read_xfer+0x1a>
10006e98:	0000ffc0 	.word	0x0000ffc0

10006e9c <tu_fifo_config>:
10006e9c:	b5f0      	push	{r4, r5, r6, r7, lr}
10006e9e:	46c6      	mov	lr, r8
10006ea0:	b500      	push	{lr}
10006ea2:	0004      	movs	r4, r0
10006ea4:	4668      	mov	r0, sp
10006ea6:	7e05      	ldrb	r5, [r0, #24]
10006ea8:	2080      	movs	r0, #128	@ 0x80
10006eaa:	4688      	mov	r8, r1
10006eac:	0017      	movs	r7, r2
10006eae:	001e      	movs	r6, r3
10006eb0:	0200      	lsls	r0, r0, #8
10006eb2:	4282      	cmp	r2, r0
10006eb4:	d826      	bhi.n	10006f04 <tu_fifo_config+0x68>
10006eb6:	68e0      	ldr	r0, [r4, #12]
10006eb8:	2800      	cmp	r0, #0
10006eba:	d003      	beq.n	10006ec4 <tu_fifo_config+0x28>
10006ebc:	2101      	movs	r1, #1
10006ebe:	4249      	negs	r1, r1
10006ec0:	f000 fc1a 	bl	100076f8 <__mutex_enter_timeout_ms_veneer>
10006ec4:	6920      	ldr	r0, [r4, #16]
10006ec6:	2800      	cmp	r0, #0
10006ec8:	d003      	beq.n	10006ed2 <tu_fifo_config+0x36>
10006eca:	2101      	movs	r1, #1
10006ecc:	4249      	negs	r1, r1
10006ece:	f000 fc13 	bl	100076f8 <__mutex_enter_timeout_ms_veneer>
10006ed2:	4643      	mov	r3, r8
10006ed4:	6023      	str	r3, [r4, #0]
10006ed6:	0473      	lsls	r3, r6, #17
10006ed8:	0c5b      	lsrs	r3, r3, #17
10006eda:	03ed      	lsls	r5, r5, #15
10006edc:	431d      	orrs	r5, r3
10006ede:	2300      	movs	r3, #0
10006ee0:	68e0      	ldr	r0, [r4, #12]
10006ee2:	8163      	strh	r3, [r4, #10]
10006ee4:	80a7      	strh	r7, [r4, #4]
10006ee6:	80e5      	strh	r5, [r4, #6]
10006ee8:	8123      	strh	r3, [r4, #8]
10006eea:	2800      	cmp	r0, #0
10006eec:	d001      	beq.n	10006ef2 <tu_fifo_config+0x56>
10006eee:	f000 fbdb 	bl	100076a8 <__mutex_exit_veneer>
10006ef2:	6920      	ldr	r0, [r4, #16]
10006ef4:	2800      	cmp	r0, #0
10006ef6:	d001      	beq.n	10006efc <tu_fifo_config+0x60>
10006ef8:	f000 fbd6 	bl	100076a8 <__mutex_exit_veneer>
10006efc:	2001      	movs	r0, #1
10006efe:	bc80      	pop	{r7}
10006f00:	46b8      	mov	r8, r7
10006f02:	bdf0      	pop	{r4, r5, r6, r7, pc}
10006f04:	2000      	movs	r0, #0
10006f06:	e7fa      	b.n	10006efe <tu_fifo_config+0x62>

10006f08 <tu_fifo_count>:
10006f08:	b510      	push	{r4, lr}
10006f0a:	8904      	ldrh	r4, [r0, #8]
10006f0c:	8941      	ldrh	r1, [r0, #10]
10006f0e:	8882      	ldrh	r2, [r0, #4]
10006f10:	b2a3      	uxth	r3, r4
10006f12:	b288      	uxth	r0, r1
10006f14:	428c      	cmp	r4, r1
10006f16:	d307      	bcc.n	10006f28 <tu_fifo_count+0x20>
10006f18:	1a1b      	subs	r3, r3, r0
10006f1a:	b29b      	uxth	r3, r3
10006f1c:	1c10      	adds	r0, r2, #0
10006f1e:	429a      	cmp	r2, r3
10006f20:	d900      	bls.n	10006f24 <tu_fifo_count+0x1c>
10006f22:	1c18      	adds	r0, r3, #0
10006f24:	b280      	uxth	r0, r0
10006f26:	bd10      	pop	{r4, pc}
10006f28:	0051      	lsls	r1, r2, #1
10006f2a:	1a09      	subs	r1, r1, r0
10006f2c:	185b      	adds	r3, r3, r1
10006f2e:	b29b      	uxth	r3, r3
10006f30:	e7f4      	b.n	10006f1c <tu_fifo_count+0x14>
10006f32:	46c0      	nop			@ (mov r8, r8)

10006f34 <tu_fifo_empty>:
10006f34:	8903      	ldrh	r3, [r0, #8]
10006f36:	8940      	ldrh	r0, [r0, #10]
10006f38:	1a18      	subs	r0, r3, r0
10006f3a:	4243      	negs	r3, r0
10006f3c:	4158      	adcs	r0, r3
10006f3e:	b2c0      	uxtb	r0, r0
10006f40:	4770      	bx	lr
10006f42:	46c0      	nop			@ (mov r8, r8)

10006f44 <tu_fifo_remaining>:
10006f44:	b510      	push	{r4, lr}
10006f46:	8904      	ldrh	r4, [r0, #8]
10006f48:	8941      	ldrh	r1, [r0, #10]
10006f4a:	8882      	ldrh	r2, [r0, #4]
10006f4c:	b2a3      	uxth	r3, r4
10006f4e:	b288      	uxth	r0, r1
10006f50:	428c      	cmp	r4, r1
10006f52:	d307      	bcc.n	10006f64 <tu_fifo_remaining+0x20>
10006f54:	1a1b      	subs	r3, r3, r0
10006f56:	b29b      	uxth	r3, r3
10006f58:	2000      	movs	r0, #0
10006f5a:	429a      	cmp	r2, r3
10006f5c:	d901      	bls.n	10006f62 <tu_fifo_remaining+0x1e>
10006f5e:	1ad2      	subs	r2, r2, r3
10006f60:	b290      	uxth	r0, r2
10006f62:	bd10      	pop	{r4, pc}
10006f64:	0051      	lsls	r1, r2, #1
10006f66:	1a09      	subs	r1, r1, r0
10006f68:	185b      	adds	r3, r3, r1
10006f6a:	b29b      	uxth	r3, r3
10006f6c:	e7f4      	b.n	10006f58 <tu_fifo_remaining+0x14>
10006f6e:	46c0      	nop			@ (mov r8, r8)

10006f70 <tu_fifo_read>:
10006f70:	b570      	push	{r4, r5, r6, lr}
10006f72:	0004      	movs	r4, r0
10006f74:	6900      	ldr	r0, [r0, #16]
10006f76:	000e      	movs	r6, r1
10006f78:	2800      	cmp	r0, #0
10006f7a:	d003      	beq.n	10006f84 <tu_fifo_read+0x14>
10006f7c:	2101      	movs	r1, #1
10006f7e:	4249      	negs	r1, r1
10006f80:	f000 fbba 	bl	100076f8 <__mutex_enter_timeout_ms_veneer>
10006f84:	8925      	ldrh	r5, [r4, #8]
10006f86:	8960      	ldrh	r0, [r4, #10]
10006f88:	88a2      	ldrh	r2, [r4, #4]
10006f8a:	b2a9      	uxth	r1, r5
10006f8c:	b283      	uxth	r3, r0
10006f8e:	4285      	cmp	r5, r0
10006f90:	d332      	bcc.n	10006ff8 <tu_fifo_read+0x88>
10006f92:	1acd      	subs	r5, r1, r3
10006f94:	b2ad      	uxth	r5, r5
10006f96:	2d00      	cmp	r5, #0
10006f98:	d028      	beq.n	10006fec <tu_fifo_read+0x7c>
10006f9a:	42aa      	cmp	r2, r5
10006f9c:	d208      	bcs.n	10006fb0 <tu_fifo_read+0x40>
10006f9e:	4291      	cmp	r1, r2
10006fa0:	d32f      	bcc.n	10007002 <tu_fifo_read+0x92>
10006fa2:	1a89      	subs	r1, r1, r2
10006fa4:	b28b      	uxth	r3, r1
10006fa6:	8163      	strh	r3, [r4, #10]
10006fa8:	429a      	cmp	r2, r3
10006faa:	d803      	bhi.n	10006fb4 <tu_fifo_read+0x44>
10006fac:	1a9b      	subs	r3, r3, r2
10006fae:	b29b      	uxth	r3, r3
10006fb0:	429a      	cmp	r2, r3
10006fb2:	d9fb      	bls.n	10006fac <tu_fifo_read+0x3c>
10006fb4:	88e2      	ldrh	r2, [r4, #6]
10006fb6:	6821      	ldr	r1, [r4, #0]
10006fb8:	0452      	lsls	r2, r2, #17
10006fba:	0c52      	lsrs	r2, r2, #17
10006fbc:	4353      	muls	r3, r2
10006fbe:	0030      	movs	r0, r6
10006fc0:	18c9      	adds	r1, r1, r3
10006fc2:	f7fb ff5d 	bl	10002e80 <__wrap___aeabi_memcpy>
10006fc6:	8963      	ldrh	r3, [r4, #10]
10006fc8:	2501      	movs	r5, #1
10006fca:	1c59      	adds	r1, r3, #1
10006fcc:	b289      	uxth	r1, r1
10006fce:	88a2      	ldrh	r2, [r4, #4]
10006fd0:	428b      	cmp	r3, r1
10006fd2:	d90d      	bls.n	10006ff0 <tu_fifo_read+0x80>
10006fd4:	2100      	movs	r1, #0
10006fd6:	0052      	lsls	r2, r2, #1
10006fd8:	1a89      	subs	r1, r1, r2
10006fda:	b289      	uxth	r1, r1
10006fdc:	6920      	ldr	r0, [r4, #16]
10006fde:	8161      	strh	r1, [r4, #10]
10006fe0:	2800      	cmp	r0, #0
10006fe2:	d001      	beq.n	10006fe8 <tu_fifo_read+0x78>
10006fe4:	f000 fb60 	bl	100076a8 <__mutex_exit_veneer>
10006fe8:	0028      	movs	r0, r5
10006fea:	bd70      	pop	{r4, r5, r6, pc}
10006fec:	8961      	ldrh	r1, [r4, #10]
10006fee:	b289      	uxth	r1, r1
10006ff0:	0052      	lsls	r2, r2, #1
10006ff2:	4291      	cmp	r1, r2
10006ff4:	dbf2      	blt.n	10006fdc <tu_fifo_read+0x6c>
10006ff6:	e7ef      	b.n	10006fd8 <tu_fifo_read+0x68>
10006ff8:	0055      	lsls	r5, r2, #1
10006ffa:	1aed      	subs	r5, r5, r3
10006ffc:	194d      	adds	r5, r1, r5
10006ffe:	b2ad      	uxth	r5, r5
10007000:	e7c9      	b.n	10006f96 <tu_fifo_read+0x26>
10007002:	1889      	adds	r1, r1, r2
10007004:	b28b      	uxth	r3, r1
10007006:	8163      	strh	r3, [r4, #10]
10007008:	e7ce      	b.n	10006fa8 <tu_fifo_read+0x38>
1000700a:	46c0      	nop			@ (mov r8, r8)

1000700c <tu_fifo_read_n>:
1000700c:	b5f0      	push	{r4, r5, r6, r7, lr}
1000700e:	4646      	mov	r6, r8
10007010:	464f      	mov	r7, r9
10007012:	46d6      	mov	lr, sl
10007014:	b5c0      	push	{r6, r7, lr}
10007016:	0006      	movs	r6, r0
10007018:	6900      	ldr	r0, [r0, #16]
1000701a:	4689      	mov	r9, r1
1000701c:	4690      	mov	r8, r2
1000701e:	2800      	cmp	r0, #0
10007020:	d003      	beq.n	1000702a <tu_fifo_read_n+0x1e>
10007022:	2101      	movs	r1, #1
10007024:	4249      	negs	r1, r1
10007026:	f000 fb67 	bl	100076f8 <__mutex_enter_timeout_ms_veneer>
1000702a:	8931      	ldrh	r1, [r6, #8]
1000702c:	8972      	ldrh	r2, [r6, #10]
1000702e:	88b5      	ldrh	r5, [r6, #4]
10007030:	b28b      	uxth	r3, r1
10007032:	b294      	uxth	r4, r2
10007034:	4291      	cmp	r1, r2
10007036:	d354      	bcc.n	100070e2 <tu_fifo_read_n+0xd6>
10007038:	1b1f      	subs	r7, r3, r4
1000703a:	b2bf      	uxth	r7, r7
1000703c:	2f00      	cmp	r7, #0
1000703e:	d04a      	beq.n	100070d6 <tu_fifo_read_n+0xca>
10007040:	42bd      	cmp	r5, r7
10007042:	d205      	bcs.n	10007050 <tu_fifo_read_n+0x44>
10007044:	42ab      	cmp	r3, r5
10007046:	d251      	bcs.n	100070ec <tu_fifo_read_n+0xe0>
10007048:	195b      	adds	r3, r3, r5
1000704a:	b29c      	uxth	r4, r3
1000704c:	002f      	movs	r7, r5
1000704e:	8174      	strh	r4, [r6, #10]
10007050:	4643      	mov	r3, r8
10007052:	45b8      	cmp	r8, r7
10007054:	d83d      	bhi.n	100070d2 <tu_fifo_read_n+0xc6>
10007056:	b29f      	uxth	r7, r3
10007058:	42a5      	cmp	r5, r4
1000705a:	d803      	bhi.n	10007064 <tu_fifo_read_n+0x58>
1000705c:	1b64      	subs	r4, r4, r5
1000705e:	b2a4      	uxth	r4, r4
10007060:	42a5      	cmp	r5, r4
10007062:	d9fb      	bls.n	1000705c <tu_fifo_read_n+0x50>
10007064:	88f2      	ldrh	r2, [r6, #6]
10007066:	6831      	ldr	r1, [r6, #0]
10007068:	0452      	lsls	r2, r2, #17
1000706a:	0c52      	lsrs	r2, r2, #17
1000706c:	4690      	mov	r8, r2
1000706e:	4362      	muls	r2, r4
10007070:	1b2b      	subs	r3, r5, r4
10007072:	b29b      	uxth	r3, r3
10007074:	1889      	adds	r1, r1, r2
10007076:	4642      	mov	r2, r8
10007078:	429f      	cmp	r7, r3
1000707a:	d925      	bls.n	100070c8 <tu_fifo_read_n+0xbc>
1000707c:	4353      	muls	r3, r2
1000707e:	b29b      	uxth	r3, r3
10007080:	001a      	movs	r2, r3
10007082:	4648      	mov	r0, r9
10007084:	469a      	mov	sl, r3
10007086:	f7fb fefb 	bl	10002e80 <__wrap___aeabi_memcpy>
1000708a:	4643      	mov	r3, r8
1000708c:	4648      	mov	r0, r9
1000708e:	1b7d      	subs	r5, r7, r5
10007090:	1964      	adds	r4, r4, r5
10007092:	435c      	muls	r4, r3
10007094:	6831      	ldr	r1, [r6, #0]
10007096:	4450      	add	r0, sl
10007098:	b2a2      	uxth	r2, r4
1000709a:	f7fb fef1 	bl	10002e80 <__wrap___aeabi_memcpy>
1000709e:	8971      	ldrh	r1, [r6, #10]
100070a0:	88b5      	ldrh	r5, [r6, #4]
100070a2:	19cb      	adds	r3, r1, r7
100070a4:	b29b      	uxth	r3, r3
100070a6:	006a      	lsls	r2, r5, #1
100070a8:	4299      	cmp	r1, r3
100070aa:	d916      	bls.n	100070da <tu_fifo_read_n+0xce>
100070ac:	1a9b      	subs	r3, r3, r2
100070ae:	b29b      	uxth	r3, r3
100070b0:	6930      	ldr	r0, [r6, #16]
100070b2:	8173      	strh	r3, [r6, #10]
100070b4:	2800      	cmp	r0, #0
100070b6:	d001      	beq.n	100070bc <tu_fifo_read_n+0xb0>
100070b8:	f000 faf6 	bl	100076a8 <__mutex_exit_veneer>
100070bc:	0038      	movs	r0, r7
100070be:	bce0      	pop	{r5, r6, r7}
100070c0:	46ba      	mov	sl, r7
100070c2:	46b1      	mov	r9, r6
100070c4:	46a8      	mov	r8, r5
100070c6:	bdf0      	pop	{r4, r5, r6, r7, pc}
100070c8:	4648      	mov	r0, r9
100070ca:	437a      	muls	r2, r7
100070cc:	f7fb fed8 	bl	10002e80 <__wrap___aeabi_memcpy>
100070d0:	e7e5      	b.n	1000709e <tu_fifo_read_n+0x92>
100070d2:	1c3b      	adds	r3, r7, #0
100070d4:	e7bf      	b.n	10007056 <tu_fifo_read_n+0x4a>
100070d6:	8973      	ldrh	r3, [r6, #10]
100070d8:	b29b      	uxth	r3, r3
100070da:	006a      	lsls	r2, r5, #1
100070dc:	4293      	cmp	r3, r2
100070de:	dbe7      	blt.n	100070b0 <tu_fifo_read_n+0xa4>
100070e0:	e7e4      	b.n	100070ac <tu_fifo_read_n+0xa0>
100070e2:	006f      	lsls	r7, r5, #1
100070e4:	1b3f      	subs	r7, r7, r4
100070e6:	19df      	adds	r7, r3, r7
100070e8:	b2bf      	uxth	r7, r7
100070ea:	e7a7      	b.n	1000703c <tu_fifo_read_n+0x30>
100070ec:	1b5b      	subs	r3, r3, r5
100070ee:	b29c      	uxth	r4, r3
100070f0:	e7ac      	b.n	1000704c <tu_fifo_read_n+0x40>
100070f2:	46c0      	nop			@ (mov r8, r8)

100070f4 <tu_fifo_write>:
100070f4:	b5f8      	push	{r3, r4, r5, r6, r7, lr}
100070f6:	0004      	movs	r4, r0
100070f8:	68c0      	ldr	r0, [r0, #12]
100070fa:	000e      	movs	r6, r1
100070fc:	2800      	cmp	r0, #0
100070fe:	d003      	beq.n	10007108 <tu_fifo_write+0x14>
10007100:	2101      	movs	r1, #1
10007102:	4249      	negs	r1, r1
10007104:	f000 faf8 	bl	100076f8 <__mutex_enter_timeout_ms_veneer>
10007108:	8925      	ldrh	r5, [r4, #8]
1000710a:	8920      	ldrh	r0, [r4, #8]
1000710c:	8961      	ldrh	r1, [r4, #10]
1000710e:	88a2      	ldrh	r2, [r4, #4]
10007110:	b2ad      	uxth	r5, r5
10007112:	b283      	uxth	r3, r0
10007114:	b28f      	uxth	r7, r1
10007116:	4288      	cmp	r0, r1
10007118:	d329      	bcc.n	1000716e <tu_fifo_write+0x7a>
1000711a:	1bdb      	subs	r3, r3, r7
1000711c:	b29b      	uxth	r3, r3
1000711e:	429a      	cmp	r2, r3
10007120:	d809      	bhi.n	10007136 <tu_fifo_write+0x42>
10007122:	79e7      	ldrb	r7, [r4, #7]
10007124:	09ff      	lsrs	r7, r7, #7
10007126:	d106      	bne.n	10007136 <tu_fifo_write+0x42>
10007128:	68e0      	ldr	r0, [r4, #12]
1000712a:	2800      	cmp	r0, #0
1000712c:	d001      	beq.n	10007132 <tu_fifo_write+0x3e>
1000712e:	f000 fabb 	bl	100076a8 <__mutex_exit_veneer>
10007132:	0038      	movs	r0, r7
10007134:	bdf8      	pop	{r3, r4, r5, r6, r7, pc}
10007136:	002b      	movs	r3, r5
10007138:	4295      	cmp	r5, r2
1000713a:	d31d      	bcc.n	10007178 <tu_fifo_write+0x84>
1000713c:	1a9b      	subs	r3, r3, r2
1000713e:	b29b      	uxth	r3, r3
10007140:	4293      	cmp	r3, r2
10007142:	d2fb      	bcs.n	1000713c <tu_fifo_write+0x48>
10007144:	88e2      	ldrh	r2, [r4, #6]
10007146:	6820      	ldr	r0, [r4, #0]
10007148:	0452      	lsls	r2, r2, #17
1000714a:	0c52      	lsrs	r2, r2, #17
1000714c:	4353      	muls	r3, r2
1000714e:	0031      	movs	r1, r6
10007150:	18c0      	adds	r0, r0, r3
10007152:	f7fb fe95 	bl	10002e80 <__wrap___aeabi_memcpy>
10007156:	1c6b      	adds	r3, r5, #1
10007158:	b29b      	uxth	r3, r3
1000715a:	88a2      	ldrh	r2, [r4, #4]
1000715c:	429d      	cmp	r5, r3
1000715e:	d917      	bls.n	10007190 <tu_fifo_write+0x9c>
10007160:	2300      	movs	r3, #0
10007162:	0052      	lsls	r2, r2, #1
10007164:	1a9b      	subs	r3, r3, r2
10007166:	b29b      	uxth	r3, r3
10007168:	2701      	movs	r7, #1
1000716a:	8123      	strh	r3, [r4, #8]
1000716c:	e7dc      	b.n	10007128 <tu_fifo_write+0x34>
1000716e:	0051      	lsls	r1, r2, #1
10007170:	1bc9      	subs	r1, r1, r7
10007172:	185b      	adds	r3, r3, r1
10007174:	b29b      	uxth	r3, r3
10007176:	e7d2      	b.n	1000711e <tu_fifo_write+0x2a>
10007178:	88e2      	ldrh	r2, [r4, #6]
1000717a:	6820      	ldr	r0, [r4, #0]
1000717c:	0452      	lsls	r2, r2, #17
1000717e:	0c52      	lsrs	r2, r2, #17
10007180:	4353      	muls	r3, r2
10007182:	0031      	movs	r1, r6
10007184:	18c0      	adds	r0, r0, r3
10007186:	f7fb fe7b 	bl	10002e80 <__wrap___aeabi_memcpy>
1000718a:	3501      	adds	r5, #1
1000718c:	88a2      	ldrh	r2, [r4, #4]
1000718e:	b2ab      	uxth	r3, r5
10007190:	0052      	lsls	r2, r2, #1
10007192:	4293      	cmp	r3, r2
10007194:	dbe8      	blt.n	10007168 <tu_fifo_write+0x74>
10007196:	e7e5      	b.n	10007164 <tu_fifo_write+0x70>

10007198 <tu_fifo_write_n>:
10007198:	b5f0      	push	{r4, r5, r6, r7, lr}
1000719a:	464e      	mov	r6, r9
1000719c:	4657      	mov	r7, sl
1000719e:	46de      	mov	lr, fp
100071a0:	4645      	mov	r5, r8
100071a2:	b5e0      	push	{r5, r6, r7, lr}
100071a4:	4689      	mov	r9, r1
100071a6:	0006      	movs	r6, r0
100071a8:	0017      	movs	r7, r2
100071aa:	b083      	sub	sp, #12
100071ac:	2a00      	cmp	r2, #0
100071ae:	d067      	beq.n	10007280 <tu_fifo_write_n+0xe8>
100071b0:	68c0      	ldr	r0, [r0, #12]
100071b2:	2800      	cmp	r0, #0
100071b4:	d003      	beq.n	100071be <tu_fifo_write_n+0x26>
100071b6:	2101      	movs	r1, #1
100071b8:	4249      	negs	r1, r1
100071ba:	f000 fa9d 	bl	100076f8 <__mutex_enter_timeout_ms_veneer>
100071be:	8933      	ldrh	r3, [r6, #8]
100071c0:	79f2      	ldrb	r2, [r6, #7]
100071c2:	b29b      	uxth	r3, r3
100071c4:	4698      	mov	r8, r3
100071c6:	8973      	ldrh	r3, [r6, #10]
100071c8:	88b5      	ldrh	r5, [r6, #4]
100071ca:	b29b      	uxth	r3, r3
100071cc:	09d2      	lsrs	r2, r2, #7
100071ce:	d140      	bne.n	10007252 <tu_fifo_write_n+0xba>
100071d0:	4598      	cmp	r8, r3
100071d2:	d25e      	bcs.n	10007292 <tu_fifo_write_n+0xfa>
100071d4:	006a      	lsls	r2, r5, #1
100071d6:	1ad3      	subs	r3, r2, r3
100071d8:	4443      	add	r3, r8
100071da:	b29b      	uxth	r3, r3
100071dc:	42ab      	cmp	r3, r5
100071de:	d25d      	bcs.n	1000729c <tu_fifo_write_n+0x104>
100071e0:	1aeb      	subs	r3, r5, r3
100071e2:	1c1a      	adds	r2, r3, #0
100071e4:	b29b      	uxth	r3, r3
100071e6:	42bb      	cmp	r3, r7
100071e8:	d900      	bls.n	100071ec <tu_fifo_write_n+0x54>
100071ea:	1c3a      	adds	r2, r7, #0
100071ec:	b297      	uxth	r7, r2
100071ee:	1b7b      	subs	r3, r7, r5
100071f0:	b29b      	uxth	r3, r3
100071f2:	9301      	str	r3, [sp, #4]
100071f4:	88f3      	ldrh	r3, [r6, #6]
100071f6:	045b      	lsls	r3, r3, #17
100071f8:	0c5b      	lsrs	r3, r3, #17
100071fa:	469a      	mov	sl, r3
100071fc:	4643      	mov	r3, r8
100071fe:	19db      	adds	r3, r3, r7
10007200:	b29b      	uxth	r3, r3
10007202:	469b      	mov	fp, r3
10007204:	4644      	mov	r4, r8
10007206:	45a8      	cmp	r8, r5
10007208:	d303      	bcc.n	10007212 <tu_fifo_write_n+0x7a>
1000720a:	1b64      	subs	r4, r4, r5
1000720c:	b2a4      	uxth	r4, r4
1000720e:	42ac      	cmp	r4, r5
10007210:	d2fb      	bcs.n	1000720a <tu_fifo_write_n+0x72>
10007212:	4653      	mov	r3, sl
10007214:	4363      	muls	r3, r4
10007216:	6830      	ldr	r0, [r6, #0]
10007218:	1b2d      	subs	r5, r5, r4
1000721a:	b2ad      	uxth	r5, r5
1000721c:	18c0      	adds	r0, r0, r3
1000721e:	42bd      	cmp	r5, r7
10007220:	d34b      	bcc.n	100072ba <tu_fifo_write_n+0x122>
10007222:	4652      	mov	r2, sl
10007224:	4649      	mov	r1, r9
10007226:	437a      	muls	r2, r7
10007228:	f7fb fe2a 	bl	10002e80 <__wrap___aeabi_memcpy>
1000722c:	88b3      	ldrh	r3, [r6, #4]
1000722e:	005b      	lsls	r3, r3, #1
10007230:	45d8      	cmp	r8, fp
10007232:	d801      	bhi.n	10007238 <tu_fifo_write_n+0xa0>
10007234:	459b      	cmp	fp, r3
10007236:	db03      	blt.n	10007240 <tu_fifo_write_n+0xa8>
10007238:	465a      	mov	r2, fp
1000723a:	1ad3      	subs	r3, r2, r3
1000723c:	b29b      	uxth	r3, r3
1000723e:	469b      	mov	fp, r3
10007240:	465b      	mov	r3, fp
10007242:	003d      	movs	r5, r7
10007244:	8133      	strh	r3, [r6, #8]
10007246:	68f0      	ldr	r0, [r6, #12]
10007248:	2800      	cmp	r0, #0
1000724a:	d01a      	beq.n	10007282 <tu_fifo_write_n+0xea>
1000724c:	f000 fa2c 	bl	100076a8 <__mutex_exit_veneer>
10007250:	e017      	b.n	10007282 <tu_fifo_write_n+0xea>
10007252:	88f2      	ldrh	r2, [r6, #6]
10007254:	0452      	lsls	r2, r2, #17
10007256:	0c52      	lsrs	r2, r2, #17
10007258:	4692      	mov	sl, r2
1000725a:	42af      	cmp	r7, r5
1000725c:	d220      	bcs.n	100072a0 <tu_fifo_write_n+0x108>
1000725e:	4598      	cmp	r8, r3
10007260:	d34d      	bcc.n	100072fe <tu_fifo_write_n+0x166>
10007262:	4642      	mov	r2, r8
10007264:	1ad2      	subs	r2, r2, r3
10007266:	b292      	uxth	r2, r2
10007268:	0069      	lsls	r1, r5, #1
1000726a:	1b78      	subs	r0, r7, r5
1000726c:	b280      	uxth	r0, r0
1000726e:	19d2      	adds	r2, r2, r7
10007270:	9001      	str	r0, [sp, #4]
10007272:	428a      	cmp	r2, r1
10007274:	da33      	bge.n	100072de <tu_fifo_write_n+0x146>
10007276:	4643      	mov	r3, r8
10007278:	18fb      	adds	r3, r7, r3
1000727a:	b29b      	uxth	r3, r3
1000727c:	469b      	mov	fp, r3
1000727e:	e7c1      	b.n	10007204 <tu_fifo_write_n+0x6c>
10007280:	2500      	movs	r5, #0
10007282:	0028      	movs	r0, r5
10007284:	b003      	add	sp, #12
10007286:	bcf0      	pop	{r4, r5, r6, r7}
10007288:	46bb      	mov	fp, r7
1000728a:	46b2      	mov	sl, r6
1000728c:	46a9      	mov	r9, r5
1000728e:	46a0      	mov	r8, r4
10007290:	bdf0      	pop	{r4, r5, r6, r7, pc}
10007292:	4642      	mov	r2, r8
10007294:	1ad3      	subs	r3, r2, r3
10007296:	b29b      	uxth	r3, r3
10007298:	42ab      	cmp	r3, r5
1000729a:	d3a1      	bcc.n	100071e0 <tu_fifo_write_n+0x48>
1000729c:	2500      	movs	r5, #0
1000729e:	e7d2      	b.n	10007246 <tu_fifo_write_n+0xae>
100072a0:	2d00      	cmp	r5, #0
100072a2:	d0d0      	beq.n	10007246 <tu_fifo_write_n+0xae>
100072a4:	1b7f      	subs	r7, r7, r5
100072a6:	4357      	muls	r7, r2
100072a8:	4698      	mov	r8, r3
100072aa:	195a      	adds	r2, r3, r5
100072ac:	2300      	movs	r3, #0
100072ae:	b292      	uxth	r2, r2
100072b0:	44b9      	add	r9, r7
100072b2:	4693      	mov	fp, r2
100072b4:	002f      	movs	r7, r5
100072b6:	9301      	str	r3, [sp, #4]
100072b8:	e7a4      	b.n	10007204 <tu_fifo_write_n+0x6c>
100072ba:	4653      	mov	r3, sl
100072bc:	435d      	muls	r5, r3
100072be:	b2ad      	uxth	r5, r5
100072c0:	002a      	movs	r2, r5
100072c2:	4649      	mov	r1, r9
100072c4:	f7fb fddc 	bl	10002e80 <__wrap___aeabi_memcpy>
100072c8:	9b01      	ldr	r3, [sp, #4]
100072ca:	0029      	movs	r1, r5
100072cc:	18e2      	adds	r2, r4, r3
100072ce:	4653      	mov	r3, sl
100072d0:	435a      	muls	r2, r3
100072d2:	6830      	ldr	r0, [r6, #0]
100072d4:	b292      	uxth	r2, r2
100072d6:	4449      	add	r1, r9
100072d8:	f7fb fdd2 	bl	10002e80 <__wrap___aeabi_memcpy>
100072dc:	e7a6      	b.n	1000722c <tu_fifo_write_n+0x94>
100072de:	195a      	adds	r2, r3, r5
100072e0:	b292      	uxth	r2, r2
100072e2:	4693      	mov	fp, r2
100072e4:	1bd2      	subs	r2, r2, r7
100072e6:	b292      	uxth	r2, r2
100072e8:	4690      	mov	r8, r2
100072ea:	4293      	cmp	r3, r2
100072ec:	d90c      	bls.n	10007308 <tu_fifo_write_n+0x170>
100072ee:	4643      	mov	r3, r8
100072f0:	1a59      	subs	r1, r3, r1
100072f2:	b28b      	uxth	r3, r1
100072f4:	4698      	mov	r8, r3
100072f6:	18fb      	adds	r3, r7, r3
100072f8:	b29b      	uxth	r3, r3
100072fa:	469b      	mov	fp, r3
100072fc:	e782      	b.n	10007204 <tu_fifo_write_n+0x6c>
100072fe:	0069      	lsls	r1, r5, #1
10007300:	1aca      	subs	r2, r1, r3
10007302:	4442      	add	r2, r8
10007304:	b292      	uxth	r2, r2
10007306:	e7b0      	b.n	1000726a <tu_fifo_write_n+0xd2>
10007308:	4291      	cmp	r1, r2
1000730a:	dd00      	ble.n	1000730e <tu_fifo_write_n+0x176>
1000730c:	e77a      	b.n	10007204 <tu_fifo_write_n+0x6c>
1000730e:	e7ee      	b.n	100072ee <tu_fifo_write_n+0x156>

10007310 <tu_fifo_clear>:
10007310:	b510      	push	{r4, lr}
10007312:	0004      	movs	r4, r0
10007314:	68c0      	ldr	r0, [r0, #12]
10007316:	2800      	cmp	r0, #0
10007318:	d003      	beq.n	10007322 <tu_fifo_clear+0x12>
1000731a:	2101      	movs	r1, #1
1000731c:	4249      	negs	r1, r1
1000731e:	f000 f9eb 	bl	100076f8 <__mutex_enter_timeout_ms_veneer>
10007322:	6920      	ldr	r0, [r4, #16]
10007324:	2800      	cmp	r0, #0
10007326:	d003      	beq.n	10007330 <tu_fifo_clear+0x20>
10007328:	2101      	movs	r1, #1
1000732a:	4249      	negs	r1, r1
1000732c:	f000 f9e4 	bl	100076f8 <__mutex_enter_timeout_ms_veneer>
10007330:	2300      	movs	r3, #0
10007332:	68e0      	ldr	r0, [r4, #12]
10007334:	8163      	strh	r3, [r4, #10]
10007336:	8123      	strh	r3, [r4, #8]
10007338:	2800      	cmp	r0, #0
1000733a:	d001      	beq.n	10007340 <tu_fifo_clear+0x30>
1000733c:	f000 f9b4 	bl	100076a8 <__mutex_exit_veneer>
10007340:	6920      	ldr	r0, [r4, #16]
10007342:	2800      	cmp	r0, #0
10007344:	d001      	beq.n	1000734a <tu_fifo_clear+0x3a>
10007346:	f000 f9af 	bl	100076a8 <__mutex_exit_veneer>
1000734a:	2001      	movs	r0, #1
1000734c:	bd10      	pop	{r4, pc}
1000734e:	46c0      	nop			@ (mov r8, r8)

10007350 <tu_fifo_set_overwritable>:
10007350:	b570      	push	{r4, r5, r6, lr}
10007352:	0004      	movs	r4, r0
10007354:	68c0      	ldr	r0, [r0, #12]
10007356:	000d      	movs	r5, r1
10007358:	2800      	cmp	r0, #0
1000735a:	d003      	beq.n	10007364 <tu_fifo_set_overwritable+0x14>
1000735c:	2101      	movs	r1, #1
1000735e:	4249      	negs	r1, r1
10007360:	f000 f9ca 	bl	100076f8 <__mutex_enter_timeout_ms_veneer>
10007364:	6920      	ldr	r0, [r4, #16]
10007366:	2800      	cmp	r0, #0
10007368:	d003      	beq.n	10007372 <tu_fifo_set_overwritable+0x22>
1000736a:	2101      	movs	r1, #1
1000736c:	4249      	negs	r1, r1
1000736e:	f000 f9c3 	bl	100076f8 <__mutex_enter_timeout_ms_veneer>
10007372:	217f      	movs	r1, #127	@ 0x7f
10007374:	79e3      	ldrb	r3, [r4, #7]
10007376:	01ed      	lsls	r5, r5, #7
10007378:	4019      	ands	r1, r3
1000737a:	68e0      	ldr	r0, [r4, #12]
1000737c:	4329      	orrs	r1, r5
1000737e:	71e1      	strb	r1, [r4, #7]
10007380:	2800      	cmp	r0, #0
10007382:	d001      	beq.n	10007388 <tu_fifo_set_overwritable+0x38>
10007384:	f000 f990 	bl	100076a8 <__mutex_exit_veneer>
10007388:	6920      	ldr	r0, [r4, #16]
1000738a:	2800      	cmp	r0, #0
1000738c:	d001      	beq.n	10007392 <tu_fifo_set_overwritable+0x42>
1000738e:	f000 f98b 	bl	100076a8 <__mutex_exit_veneer>
10007392:	2001      	movs	r0, #1
10007394:	bd70      	pop	{r4, r5, r6, pc}
10007396:	46c0      	nop			@ (mov r8, r8)

10007398 <adc_init>:
10007398:	2301      	movs	r3, #1
1000739a:	2101      	movs	r1, #1
1000739c:	4a08      	ldr	r2, [pc, #32]	@ (100073c0 <adc_init+0x28>)
1000739e:	6013      	str	r3, [r2, #0]
100073a0:	4a08      	ldr	r2, [pc, #32]	@ (100073c4 <adc_init+0x2c>)
100073a2:	6013      	str	r3, [r2, #0]
100073a4:	4a08      	ldr	r2, [pc, #32]	@ (100073c8 <adc_init+0x30>)
100073a6:	0008      	movs	r0, r1
100073a8:	6813      	ldr	r3, [r2, #0]
100073aa:	4398      	bics	r0, r3
100073ac:	d1fb      	bne.n	100073a6 <adc_init+0xe>
100073ae:	4a07      	ldr	r2, [pc, #28]	@ (100073cc <adc_init+0x34>)
100073b0:	6011      	str	r1, [r2, #0]
100073b2:	2180      	movs	r1, #128	@ 0x80
100073b4:	0049      	lsls	r1, r1, #1
100073b6:	6813      	ldr	r3, [r2, #0]
100073b8:	420b      	tst	r3, r1
100073ba:	d0fc      	beq.n	100073b6 <adc_init+0x1e>
100073bc:	4770      	bx	lr
100073be:	46c0      	nop			@ (mov r8, r8)
100073c0:	4000e000 	.word	0x4000e000
100073c4:	4000f000 	.word	0x4000f000
100073c8:	4000c008 	.word	0x4000c008
100073cc:	4004c000 	.word	0x4004c000

100073d0 <pio_add_program>:
100073d0:	b5f0      	push	{r4, r5, r6, r7, lr}
100073d2:	4657      	mov	r7, sl
100073d4:	4645      	mov	r5, r8
100073d6:	46de      	mov	lr, fp
100073d8:	464e      	mov	r6, r9
100073da:	4688      	mov	r8, r1
100073dc:	b5e0      	push	{r5, r6, r7, lr}
100073de:	b083      	sub	sp, #12
100073e0:	0006      	movs	r6, r0
100073e2:	2505      	movs	r5, #5
100073e4:	f7f9 fae0 	bl	100009a8 <hw_claim_lock>
100073e8:	4643      	mov	r3, r8
100073ea:	4684      	mov	ip, r0
100073ec:	575d      	ldrsb	r5, [r3, r5]
100073ee:	7918      	ldrb	r0, [r3, #4]
100073f0:	4b33      	ldr	r3, [pc, #204]	@ (100074c0 <pio_add_program+0xf0>)
100073f2:	4a34      	ldr	r2, [pc, #208]	@ (100074c4 <pio_add_program+0xf4>)
100073f4:	18f3      	adds	r3, r6, r3
100073f6:	0d1b      	lsrs	r3, r3, #20
100073f8:	009b      	lsls	r3, r3, #2
100073fa:	4692      	mov	sl, r2
100073fc:	58d7      	ldr	r7, [r2, r3]
100073fe:	2201      	movs	r2, #1
10007400:	2420      	movs	r4, #32
10007402:	4082      	lsls	r2, r0
10007404:	1a24      	subs	r4, r4, r0
10007406:	3a01      	subs	r2, #1
10007408:	2d00      	cmp	r5, #0
1000740a:	db41      	blt.n	10007490 <pio_add_program+0xc0>
1000740c:	42a5      	cmp	r5, r4
1000740e:	dc32      	bgt.n	10007476 <pio_add_program+0xa6>
10007410:	0011      	movs	r1, r2
10007412:	40a9      	lsls	r1, r5
10007414:	420f      	tst	r7, r1
10007416:	d12e      	bne.n	10007476 <pio_add_program+0xa6>
10007418:	4641      	mov	r1, r8
1000741a:	6809      	ldr	r1, [r1, #0]
1000741c:	4689      	mov	r9, r1
1000741e:	4641      	mov	r1, r8
10007420:	7989      	ldrb	r1, [r1, #6]
10007422:	2900      	cmp	r1, #0
10007424:	d145      	bne.n	100074b2 <pio_add_program+0xe2>
10007426:	002c      	movs	r4, r5
10007428:	40aa      	lsls	r2, r5
1000742a:	4693      	mov	fp, r2
1000742c:	4659      	mov	r1, fp
1000742e:	403a      	ands	r2, r7
10007430:	4239      	tst	r1, r7
10007432:	d141      	bne.n	100074b8 <pio_add_program+0xe8>
10007434:	2180      	movs	r1, #128	@ 0x80
10007436:	0189      	lsls	r1, r1, #6
10007438:	4688      	mov	r8, r1
1000743a:	2800      	cmp	r0, #0
1000743c:	d016      	beq.n	1000746c <pio_add_program+0x9c>
1000743e:	4661      	mov	r1, ip
10007440:	46a4      	mov	ip, r4
10007442:	0034      	movs	r4, r6
10007444:	464e      	mov	r6, r9
10007446:	4699      	mov	r9, r3
10007448:	0003      	movs	r3, r0
1000744a:	9101      	str	r1, [sp, #4]
1000744c:	0051      	lsls	r1, r2, #1
1000744e:	5a70      	ldrh	r0, [r6, r1]
10007450:	4540      	cmp	r0, r8
10007452:	d200      	bcs.n	10007456 <pio_add_program+0x86>
10007454:	1940      	adds	r0, r0, r5
10007456:	18a9      	adds	r1, r5, r2
10007458:	3112      	adds	r1, #18
1000745a:	0089      	lsls	r1, r1, #2
1000745c:	3201      	adds	r2, #1
1000745e:	5108      	str	r0, [r1, r4]
10007460:	429a      	cmp	r2, r3
10007462:	d3f3      	bcc.n	1000744c <pio_add_program+0x7c>
10007464:	9b01      	ldr	r3, [sp, #4]
10007466:	4664      	mov	r4, ip
10007468:	469c      	mov	ip, r3
1000746a:	464b      	mov	r3, r9
1000746c:	465a      	mov	r2, fp
1000746e:	4317      	orrs	r7, r2
10007470:	4652      	mov	r2, sl
10007472:	50d7      	str	r7, [r2, r3]
10007474:	e001      	b.n	1000747a <pio_add_program+0xaa>
10007476:	2401      	movs	r4, #1
10007478:	4264      	negs	r4, r4
1000747a:	4660      	mov	r0, ip
1000747c:	f7f9 faa0 	bl	100009c0 <hw_claim_unlock>
10007480:	0020      	movs	r0, r4
10007482:	b003      	add	sp, #12
10007484:	bcf0      	pop	{r4, r5, r6, r7}
10007486:	46bb      	mov	fp, r7
10007488:	46b2      	mov	sl, r6
1000748a:	46a9      	mov	r9, r5
1000748c:	46a0      	mov	r8, r4
1000748e:	bdf0      	pop	{r4, r5, r6, r7, pc}
10007490:	2c00      	cmp	r4, #0
10007492:	da02      	bge.n	1000749a <pio_add_program+0xca>
10007494:	e010      	b.n	100074b8 <pio_add_program+0xe8>
10007496:	3c01      	subs	r4, #1
10007498:	d30e      	bcc.n	100074b8 <pio_add_program+0xe8>
1000749a:	0011      	movs	r1, r2
1000749c:	40a1      	lsls	r1, r4
1000749e:	0025      	movs	r5, r4
100074a0:	420f      	tst	r7, r1
100074a2:	d1f8      	bne.n	10007496 <pio_add_program+0xc6>
100074a4:	4641      	mov	r1, r8
100074a6:	6809      	ldr	r1, [r1, #0]
100074a8:	4689      	mov	r9, r1
100074aa:	4641      	mov	r1, r8
100074ac:	7989      	ldrb	r1, [r1, #6]
100074ae:	2900      	cmp	r1, #0
100074b0:	d0ba      	beq.n	10007428 <pio_add_program+0x58>
100074b2:	2414      	movs	r4, #20
100074b4:	4264      	negs	r4, r4
100074b6:	e7e0      	b.n	1000747a <pio_add_program+0xaa>
100074b8:	2409      	movs	r4, #9
100074ba:	4264      	negs	r4, r4
100074bc:	e7dd      	b.n	1000747a <pio_add_program+0xaa>
100074be:	46c0      	nop			@ (mov r8, r8)
100074c0:	afe00000 	.word	0xafe00000
100074c4:	20001764 	.word	0x20001764

100074c8 <pio_sm_set_consecutive_pindirs>:
100074c8:	b5f0      	push	{r4, r5, r6, r7, lr}
100074ca:	464e      	mov	r6, r9
100074cc:	4645      	mov	r5, r8
100074ce:	46de      	mov	lr, fp
100074d0:	4657      	mov	r7, sl
100074d2:	b5e0      	push	{r5, r6, r7, lr}
100074d4:	b083      	sub	sp, #12
100074d6:	4689      	mov	r9, r1
100074d8:	a90c      	add	r1, sp, #48	@ 0x30
100074da:	4684      	mov	ip, r0
100074dc:	780d      	ldrb	r5, [r1, #0]
100074de:	2a1f      	cmp	r2, #31
100074e0:	d845      	bhi.n	1000756e <pio_sm_set_consecutive_pindirs+0xa6>
100074e2:	4649      	mov	r1, r9
100074e4:	0049      	lsls	r1, r1, #1
100074e6:	4688      	mov	r8, r1
100074e8:	4449      	add	r1, r9
100074ea:	00c9      	lsls	r1, r1, #3
100074ec:	1846      	adds	r6, r0, r1
100074ee:	0037      	movs	r7, r6
100074f0:	0034      	movs	r4, r6
100074f2:	37dc      	adds	r7, #220	@ 0xdc
100074f4:	6838      	ldr	r0, [r7, #0]
100074f6:	34cc      	adds	r4, #204	@ 0xcc
100074f8:	4683      	mov	fp, r0
100074fa:	6820      	ldr	r0, [r4, #0]
100074fc:	0031      	movs	r1, r6
100074fe:	9001      	str	r0, [sp, #4]
10007500:	481c      	ldr	r0, [pc, #112]	@ (10007574 <pio_sm_set_consecutive_pindirs+0xac>)
10007502:	2480      	movs	r4, #128	@ 0x80
10007504:	4682      	mov	sl, r0
10007506:	02a4      	lsls	r4, r4, #10
10007508:	4451      	add	r1, sl
1000750a:	600c      	str	r4, [r1, #0]
1000750c:	4269      	negs	r1, r5
1000750e:	414d      	adcs	r5, r1
10007510:	211e      	movs	r1, #30
10007512:	426d      	negs	r5, r5
10007514:	438d      	bics	r5, r1
10007516:	4918      	ldr	r1, [pc, #96]	@ (10007578 <pio_sm_set_consecutive_pindirs+0xb0>)
10007518:	468a      	mov	sl, r1
1000751a:	4455      	add	r5, sl
1000751c:	2b05      	cmp	r3, #5
1000751e:	d90c      	bls.n	1000753a <pio_sm_set_consecutive_pindirs+0x72>
10007520:	20a0      	movs	r0, #160	@ 0xa0
10007522:	211f      	movs	r1, #31
10007524:	0540      	lsls	r0, r0, #21
10007526:	36d8      	adds	r6, #216	@ 0xd8
10007528:	0154      	lsls	r4, r2, #5
1000752a:	4304      	orrs	r4, r0
1000752c:	3205      	adds	r2, #5
1000752e:	3b05      	subs	r3, #5
10007530:	603c      	str	r4, [r7, #0]
10007532:	400a      	ands	r2, r1
10007534:	6035      	str	r5, [r6, #0]
10007536:	2b05      	cmp	r3, #5
10007538:	d8f6      	bhi.n	10007528 <pio_sm_set_consecutive_pindirs+0x60>
1000753a:	0152      	lsls	r2, r2, #5
1000753c:	069b      	lsls	r3, r3, #26
1000753e:	4313      	orrs	r3, r2
10007540:	4642      	mov	r2, r8
10007542:	444a      	add	r2, r9
10007544:	00d2      	lsls	r2, r2, #3
10007546:	4462      	add	r2, ip
10007548:	0010      	movs	r0, r2
1000754a:	32dc      	adds	r2, #220	@ 0xdc
1000754c:	6013      	str	r3, [r2, #0]
1000754e:	0003      	movs	r3, r0
10007550:	33d8      	adds	r3, #216	@ 0xd8
10007552:	601d      	str	r5, [r3, #0]
10007554:	465b      	mov	r3, fp
10007556:	6013      	str	r3, [r2, #0]
10007558:	9b01      	ldr	r3, [sp, #4]
1000755a:	30cc      	adds	r0, #204	@ 0xcc
1000755c:	6003      	str	r3, [r0, #0]
1000755e:	2000      	movs	r0, #0
10007560:	b003      	add	sp, #12
10007562:	bcf0      	pop	{r4, r5, r6, r7}
10007564:	46bb      	mov	fp, r7
10007566:	46b2      	mov	sl, r6
10007568:	46a9      	mov	r9, r5
1000756a:	46a0      	mov	r8, r4
1000756c:	bdf0      	pop	{r4, r5, r6, r7, pc}
1000756e:	2005      	movs	r0, #5
10007570:	4240      	negs	r0, r0
10007572:	e7f5      	b.n	10007560 <pio_sm_set_consecutive_pindirs+0x98>
10007574:	000030cc 	.word	0x000030cc
10007578:	0000e09f 	.word	0x0000e09f

1000757c <pio_sm_init>:
1000757c:	b5f0      	push	{r4, r5, r6, r7, lr}
1000757e:	2501      	movs	r5, #1
10007580:	408d      	lsls	r5, r1
10007582:	6804      	ldr	r4, [r0, #0]
10007584:	43ac      	bics	r4, r5
10007586:	6004      	str	r4, [r0, #0]
10007588:	2b00      	cmp	r3, #0
1000758a:	d02e      	beq.n	100075ea <pio_sm_init+0x6e>
1000758c:	004d      	lsls	r5, r1, #1
1000758e:	186c      	adds	r4, r5, r1
10007590:	00e4      	lsls	r4, r4, #3
10007592:	1904      	adds	r4, r0, r4
10007594:	0026      	movs	r6, r4
10007596:	681f      	ldr	r7, [r3, #0]
10007598:	36c8      	adds	r6, #200	@ 0xc8
1000759a:	6037      	str	r7, [r6, #0]
1000759c:	689f      	ldr	r7, [r3, #8]
1000759e:	3604      	adds	r6, #4
100075a0:	6077      	str	r7, [r6, #4]
100075a2:	685f      	ldr	r7, [r3, #4]
100075a4:	68db      	ldr	r3, [r3, #12]
100075a6:	34dc      	adds	r4, #220	@ 0xdc
100075a8:	6037      	str	r7, [r6, #0]
100075aa:	6023      	str	r3, [r4, #0]
100075ac:	186b      	adds	r3, r5, r1
100075ae:	4d18      	ldr	r5, [pc, #96]	@ (10007610 <pio_sm_init+0x94>)
100075b0:	00db      	lsls	r3, r3, #3
100075b2:	46ac      	mov	ip, r5
100075b4:	2580      	movs	r5, #128	@ 0x80
100075b6:	18c4      	adds	r4, r0, r3
100075b8:	4464      	add	r4, ip
100075ba:	062d      	lsls	r5, r5, #24
100075bc:	6025      	str	r5, [r4, #0]
100075be:	6025      	str	r5, [r4, #0]
100075c0:	4c14      	ldr	r4, [pc, #80]	@ (10007614 <pio_sm_init+0x98>)
100075c2:	1d0d      	adds	r5, r1, #4
100075c4:	408c      	lsls	r4, r1
100075c6:	6084      	str	r4, [r0, #8]
100075c8:	2401      	movs	r4, #1
100075ca:	0026      	movs	r6, r4
100075cc:	40ae      	lsls	r6, r5
100075ce:	2580      	movs	r5, #128	@ 0x80
100075d0:	3108      	adds	r1, #8
100075d2:	408c      	lsls	r4, r1
100075d4:	211f      	movs	r1, #31
100075d6:	01ad      	lsls	r5, r5, #6
100075d8:	1945      	adds	r5, r0, r5
100075da:	18c0      	adds	r0, r0, r3
100075dc:	400a      	ands	r2, r1
100075de:	30d8      	adds	r0, #216	@ 0xd8
100075e0:	602e      	str	r6, [r5, #0]
100075e2:	602c      	str	r4, [r5, #0]
100075e4:	6002      	str	r2, [r0, #0]
100075e6:	2000      	movs	r0, #0
100075e8:	bdf0      	pop	{r4, r5, r6, r7, pc}
100075ea:	004d      	lsls	r5, r1, #1
100075ec:	186c      	adds	r4, r5, r1
100075ee:	00e4      	lsls	r4, r4, #3
100075f0:	1904      	adds	r4, r0, r4
100075f2:	0026      	movs	r6, r4
100075f4:	2780      	movs	r7, #128	@ 0x80
100075f6:	36c8      	adds	r6, #200	@ 0xc8
100075f8:	027f      	lsls	r7, r7, #9
100075fa:	6037      	str	r7, [r6, #0]
100075fc:	27c0      	movs	r7, #192	@ 0xc0
100075fe:	033f      	lsls	r7, r7, #12
10007600:	60b7      	str	r7, [r6, #8]
10007602:	27f8      	movs	r7, #248	@ 0xf8
10007604:	3604      	adds	r6, #4
10007606:	027f      	lsls	r7, r7, #9
10007608:	34dc      	adds	r4, #220	@ 0xdc
1000760a:	6037      	str	r7, [r6, #0]
1000760c:	6023      	str	r3, [r4, #0]
1000760e:	e7cd      	b.n	100075ac <pio_sm_init+0x30>
10007610:	000010d0 	.word	0x000010d0
10007614:	01010101 	.word	0x01010101

10007618 <strlen>:
10007618:	b510      	push	{r4, lr}
1000761a:	0783      	lsls	r3, r0, #30
1000761c:	d00a      	beq.n	10007634 <strlen+0x1c>
1000761e:	0003      	movs	r3, r0
10007620:	2103      	movs	r1, #3
10007622:	e002      	b.n	1000762a <strlen+0x12>
10007624:	3301      	adds	r3, #1
10007626:	420b      	tst	r3, r1
10007628:	d005      	beq.n	10007636 <strlen+0x1e>
1000762a:	781a      	ldrb	r2, [r3, #0]
1000762c:	2a00      	cmp	r2, #0
1000762e:	d1f9      	bne.n	10007624 <strlen+0xc>
10007630:	1a18      	subs	r0, r3, r0
10007632:	bd10      	pop	{r4, pc}
10007634:	0003      	movs	r3, r0
10007636:	6819      	ldr	r1, [r3, #0]
10007638:	4a0c      	ldr	r2, [pc, #48]	@ (1000766c <strlen+0x54>)
1000763a:	4c0d      	ldr	r4, [pc, #52]	@ (10007670 <strlen+0x58>)
1000763c:	188a      	adds	r2, r1, r2
1000763e:	438a      	bics	r2, r1
10007640:	4222      	tst	r2, r4
10007642:	d10f      	bne.n	10007664 <strlen+0x4c>
10007644:	6859      	ldr	r1, [r3, #4]
10007646:	4a09      	ldr	r2, [pc, #36]	@ (1000766c <strlen+0x54>)
10007648:	3304      	adds	r3, #4
1000764a:	188a      	adds	r2, r1, r2
1000764c:	438a      	bics	r2, r1
1000764e:	4222      	tst	r2, r4
10007650:	d108      	bne.n	10007664 <strlen+0x4c>
10007652:	6859      	ldr	r1, [r3, #4]
10007654:	4a05      	ldr	r2, [pc, #20]	@ (1000766c <strlen+0x54>)
10007656:	3304      	adds	r3, #4
10007658:	188a      	adds	r2, r1, r2
1000765a:	438a      	bics	r2, r1
1000765c:	4222      	tst	r2, r4
1000765e:	d0f1      	beq.n	10007644 <strlen+0x2c>
10007660:	e000      	b.n	10007664 <strlen+0x4c>
10007662:	3301      	adds	r3, #1
10007664:	781a      	ldrb	r2, [r3, #0]
10007666:	2a00      	cmp	r2, #0
10007668:	d1fb      	bne.n	10007662 <strlen+0x4a>
1000766a:	e7e1      	b.n	10007630 <strlen+0x18>
1000766c:	fefefeff 	.word	0xfefefeff
10007670:	80808080 	.word	0x80808080

10007674 <_fini>:
10007674:	b5f8      	push	{r3, r4, r5, r6, r7, lr}
10007676:	46c0      	nop			@ (mov r8, r8)

10007678 <__e15_is_bulkin_ep_veneer>:
10007678:	b401      	push	{r0}
1000767a:	4802      	ldr	r0, [pc, #8]	@ (10007684 <__e15_is_bulkin_ep_veneer+0xc>)
1000767c:	4684      	mov	ip, r0
1000767e:	bc01      	pop	{r0}
10007680:	4760      	bx	ip
10007682:	bf00      	nop
10007684:	20000c7d 	.word	0x20000c7d

10007688 <__flash_do_cmd_veneer>:
10007688:	b401      	push	{r0}
1000768a:	4802      	ldr	r0, [pc, #8]	@ (10007694 <__flash_do_cmd_veneer+0xc>)
1000768c:	4684      	mov	ip, r0
1000768e:	bc01      	pop	{r0}
10007690:	4760      	bx	ip
10007692:	bf00      	nop
10007694:	20000365 	.word	0x20000365

10007698 <__e15_is_critical_frame_period_veneer>:
10007698:	b401      	push	{r0}
1000769a:	4802      	ldr	r0, [pc, #8]	@ (100076a4 <__e15_is_critical_frame_period_veneer+0xc>)
1000769c:	4684      	mov	ip, r0
1000769e:	bc01      	pop	{r0}
100076a0:	4760      	bx	ip
100076a2:	bf00      	nop
100076a4:	20000ca5 	.word	0x20000ca5

100076a8 <__mutex_exit_veneer>:
100076a8:	b401      	push	{r0}
100076aa:	4802      	ldr	r0, [pc, #8]	@ (100076b4 <__mutex_exit_veneer+0xc>)
100076ac:	4684      	mov	ip, r0
100076ae:	bc01      	pop	{r0}
100076b0:	4760      	bx	ip
100076b2:	bf00      	nop
100076b4:	20000289 	.word	0x20000289

100076b8 <____aeabi_ldiv0_veneer>:
100076b8:	b401      	push	{r0}
100076ba:	4802      	ldr	r0, [pc, #8]	@ (100076c4 <____aeabi_ldiv0_veneer+0xc>)
100076bc:	4684      	mov	ip, r0
100076be:	bc01      	pop	{r0}
100076c0:	4760      	bx	ip
100076c2:	bf00      	nop
100076c4:	20000fc1 	.word	0x20000fc1

100076c8 <__reset_non_control_endpoints_veneer>:
100076c8:	b401      	push	{r0}
100076ca:	4802      	ldr	r0, [pc, #8]	@ (100076d4 <__reset_non_control_endpoints_veneer+0xc>)
100076cc:	4684      	mov	ip, r0
100076ce:	bc01      	pop	{r0}
100076d0:	4760      	bx	ip
100076d2:	bf00      	nop
100076d4:	200004a1 	.word	0x200004a1

100076d8 <____aeabi_idiv0_veneer>:
100076d8:	b401      	push	{r0}
100076da:	4802      	ldr	r0, [pc, #8]	@ (100076e4 <____aeabi_idiv0_veneer+0xc>)
100076dc:	4684      	mov	ip, r0
100076de:	bc01      	pop	{r0}
100076e0:	4760      	bx	ip
100076e2:	bf00      	nop
100076e4:	20000fc1 	.word	0x20000fc1

100076e8 <__mutex_try_enter_veneer>:
100076e8:	b401      	push	{r0}
100076ea:	4802      	ldr	r0, [pc, #8]	@ (100076f4 <__mutex_try_enter_veneer+0xc>)
100076ec:	4684      	mov	ip, r0
100076ee:	bc01      	pop	{r0}
100076f0:	4760      	bx	ip
100076f2:	bf00      	nop
100076f4:	20000125 	.word	0x20000125

100076f8 <__mutex_enter_timeout_ms_veneer>:
100076f8:	b401      	push	{r0}
100076fa:	4802      	ldr	r0, [pc, #8]	@ (10007704 <__mutex_enter_timeout_ms_veneer+0xc>)
100076fc:	4684      	mov	ip, r0
100076fe:	bc01      	pop	{r0}
10007700:	4760      	bx	ip
10007702:	bf00      	nop
10007704:	200001fd 	.word	0x200001fd

10007708 <__mutex_try_enter_block_until_veneer>:
10007708:	b401      	push	{r0}
1000770a:	4802      	ldr	r0, [pc, #8]	@ (10007714 <__mutex_try_enter_block_until_veneer+0xc>)
1000770c:	4684      	mov	ip, r0
1000770e:	bc01      	pop	{r0}
10007710:	4760      	bx	ip
10007712:	bf00      	nop
10007714:	20000165 	.word	0x20000165

10007718 <__hw_endpoint_start_next_buffer_veneer>:
10007718:	b401      	push	{r0}
1000771a:	4802      	ldr	r0, [pc, #8]	@ (10007724 <__hw_endpoint_start_next_buffer_veneer+0xc>)
1000771c:	4684      	mov	ip, r0
1000771e:	bc01      	pop	{r0}
10007720:	4760      	bx	ip
10007722:	bf00      	nop
10007724:	20000d35 	.word	0x20000d35

10007728 <___hw_endpoint_buffer_control_update32_veneer>:
10007728:	b401      	push	{r0}
1000772a:	4802      	ldr	r0, [pc, #8]	@ (10007734 <___hw_endpoint_buffer_control_update32_veneer+0xc>)
1000772c:	4684      	mov	ip, r0
1000772e:	bc01      	pop	{r0}
10007730:	4760      	bx	ip
10007732:	bf00      	nop
10007734:	20000ce5 	.word	0x20000ce5

10007738 <__get_bootsel_button_veneer>:
10007738:	b401      	push	{r0}
1000773a:	4802      	ldr	r0, [pc, #8]	@ (10007744 <__get_bootsel_button_veneer+0xc>)
1000773c:	4684      	mov	ip, r0
1000773e:	bc01      	pop	{r0}
10007740:	4760      	bx	ip
10007742:	bf00      	nop
10007744:	200000c1 	.word	0x200000c1

10007748 <__pre_init_runtime_init_early_resets>:
10007748:	10001e45                                E...

1000774c <__pre_init_runtime_init_usb_power_down>:
1000774c:	10001e71 10002055 10002e65 100026f9     q...U ..e....&..
1000775c:	10002dd5                                .-..

10007760 <__pre_init_runtime_init_clocks>:
10007760:	10001f7d                                }...

10007764 <__pre_init_runtime_init_post_clock_resets>:
10007764:	10001e8d                                ....

10007768 <__pre_init_runtime_init_rp2040_gpio_ie_disable>:
10007768:	10001ead                                ....

1000776c <__pre_init_runtime_init_spin_locks_reset>:
1000776c:	10001ec1                                ....

10007770 <__pre_init_runtime_init_mutex>:
10007770:	10000ec5                                ....

10007774 <__pre_init_runtime_init_install_ram_vector_table>:
10007774:	10001ec9                                ....

10007778 <__pre_init_runtime_init_default_alarm_pool>:
10007778:	10001291                                ....

1000777c <__pre_init_first_per_core_initializer>:
1000777c:	10001e0d                                ....

10007780 <__pre_init_runtime_init_per_core_irq_priorities>:
10007780:	10000af9                                ....

10007784 <__init_array_start>:
10007784:	10005161 	.word	0x10005161

10007788 <__frame_dummy_init_array_entry>:
10007788:	100002b1                                ....

Disassembly of section .data:

200000c0 <get_bootsel_button>:
200000c0:	b082      	sub	sp, #8
200000c2:	f3ef 8110 	mrs	r1, PRIMASK
200000c6:	b672      	cpsid	i
200000c8:	4b14      	ldr	r3, [pc, #80]	@ (2000011c <get_bootsel_button+0x5c>)
200000ca:	681a      	ldr	r2, [r3, #0]
200000cc:	2380      	movs	r3, #128	@ 0x80
200000ce:	019b      	lsls	r3, r3, #6
200000d0:	4053      	eors	r3, r2
200000d2:	22c0      	movs	r2, #192	@ 0xc0
200000d4:	0192      	lsls	r2, r2, #6
200000d6:	4013      	ands	r3, r2
200000d8:	4a11      	ldr	r2, [pc, #68]	@ (20000120 <get_bootsel_button+0x60>)
200000da:	6013      	str	r3, [r2, #0]
200000dc:	2300      	movs	r3, #0
200000de:	22fa      	movs	r2, #250	@ 0xfa
200000e0:	9301      	str	r3, [sp, #4]
200000e2:	9b01      	ldr	r3, [sp, #4]
200000e4:	0092      	lsls	r2, r2, #2
200000e6:	4293      	cmp	r3, r2
200000e8:	da05      	bge.n	200000f6 <get_bootsel_button+0x36>
200000ea:	9b01      	ldr	r3, [sp, #4]
200000ec:	3301      	adds	r3, #1
200000ee:	9301      	str	r3, [sp, #4]
200000f0:	9b01      	ldr	r3, [sp, #4]
200000f2:	4293      	cmp	r3, r2
200000f4:	dbf9      	blt.n	200000ea <get_bootsel_button+0x2a>
200000f6:	23d0      	movs	r3, #208	@ 0xd0
200000f8:	22c0      	movs	r2, #192	@ 0xc0
200000fa:	061b      	lsls	r3, r3, #24
200000fc:	6898      	ldr	r0, [r3, #8]
200000fe:	4b07      	ldr	r3, [pc, #28]	@ (2000011c <get_bootsel_button+0x5c>)
20000100:	0192      	lsls	r2, r2, #6
20000102:	681b      	ldr	r3, [r3, #0]
20000104:	4013      	ands	r3, r2
20000106:	4a06      	ldr	r2, [pc, #24]	@ (20000120 <get_bootsel_button+0x60>)
20000108:	6013      	str	r3, [r2, #0]
2000010a:	f381 8810 	msr	PRIMASK, r1
2000010e:	2301      	movs	r3, #1
20000110:	0780      	lsls	r0, r0, #30
20000112:	0fc0      	lsrs	r0, r0, #31
20000114:	4058      	eors	r0, r3
20000116:	b2c0      	uxtb	r0, r0
20000118:	b002      	add	sp, #8
2000011a:	4770      	bx	lr
2000011c:	4001800c 	.word	0x4001800c
20000120:	4001900c 	.word	0x4001900c

20000124 <mutex_try_enter>:
20000124:	0003      	movs	r3, r0
20000126:	6800      	ldr	r0, [r0, #0]
20000128:	f3ef 8c10 	mrs	ip, PRIMASK
2000012c:	b672      	cpsid	i
2000012e:	6802      	ldr	r2, [r0, #0]
20000130:	2a00      	cmp	r2, #0
20000132:	d0fc      	beq.n	2000012e <mutex_try_enter+0xa>
20000134:	f3bf 8f5f 	dmb	sy
20000138:	2204      	movs	r2, #4
2000013a:	569a      	ldrsb	r2, [r3, r2]
2000013c:	2a00      	cmp	r2, #0
2000013e:	db0b      	blt.n	20000158 <mutex_try_enter+0x34>
20000140:	2900      	cmp	r1, #0
20000142:	d000      	beq.n	20000146 <mutex_try_enter+0x22>
20000144:	600a      	str	r2, [r1, #0]
20000146:	2000      	movs	r0, #0
20000148:	681b      	ldr	r3, [r3, #0]
2000014a:	f3bf 8f5f 	dmb	sy
2000014e:	2200      	movs	r2, #0
20000150:	601a      	str	r2, [r3, #0]
20000152:	f38c 8810 	msr	PRIMASK, ip
20000156:	4770      	bx	lr
20000158:	22d0      	movs	r2, #208	@ 0xd0
2000015a:	0612      	lsls	r2, r2, #24
2000015c:	6812      	ldr	r2, [r2, #0]
2000015e:	2001      	movs	r0, #1
20000160:	711a      	strb	r2, [r3, #4]
20000162:	e7f1      	b.n	20000148 <mutex_try_enter+0x24>

20000164 <mutex_try_enter_block_until>:
20000164:	b5f0      	push	{r4, r5, r6, r7, lr}
20000166:	46c6      	mov	lr, r8
20000168:	0015      	movs	r5, r2
2000016a:	b500      	push	{lr}
2000016c:	0004      	movs	r4, r0
2000016e:	001e      	movs	r6, r3
20000170:	6802      	ldr	r2, [r0, #0]
20000172:	f3ef 8110 	mrs	r1, PRIMASK
20000176:	b672      	cpsid	i
20000178:	6813      	ldr	r3, [r2, #0]
2000017a:	2b00      	cmp	r3, #0
2000017c:	d0fc      	beq.n	20000178 <mutex_try_enter_block_until+0x14>
2000017e:	f3bf 8f5f 	dmb	sy
20000182:	2304      	movs	r3, #4
20000184:	56e3      	ldrsb	r3, [r4, r3]
20000186:	6822      	ldr	r2, [r4, #0]
20000188:	2b00      	cmp	r3, #0
2000018a:	db2b      	blt.n	200001e4 <mutex_try_enter_block_until+0x80>
2000018c:	f3bf 8f5f 	dmb	sy
20000190:	2000      	movs	r0, #0
20000192:	6010      	str	r0, [r2, #0]
20000194:	f381 8810 	msr	PRIMASK, r1
20000198:	22d0      	movs	r2, #208	@ 0xd0
2000019a:	0612      	lsls	r2, r2, #24
2000019c:	7812      	ldrb	r2, [r2, #0]
2000019e:	2700      	movs	r7, #0
200001a0:	b252      	sxtb	r2, r2
200001a2:	4690      	mov	r8, r2
200001a4:	429a      	cmp	r2, r3
200001a6:	d10e      	bne.n	200001c6 <mutex_try_enter_block_until+0x62>
200001a8:	2000      	movs	r0, #0
200001aa:	bc80      	pop	{r7}
200001ac:	46b8      	mov	r8, r7
200001ae:	bdf0      	pop	{r4, r5, r6, r7, pc}
200001b0:	f3bf 8f5f 	dmb	sy
200001b4:	6017      	str	r7, [r2, #0]
200001b6:	f381 8810 	msr	PRIMASK, r1
200001ba:	0028      	movs	r0, r5
200001bc:	0031      	movs	r1, r6
200001be:	f000 ff3b 	bl	20001038 <__best_effort_wfe_or_timeout_veneer>
200001c2:	2800      	cmp	r0, #0
200001c4:	d1f0      	bne.n	200001a8 <mutex_try_enter_block_until+0x44>
200001c6:	6822      	ldr	r2, [r4, #0]
200001c8:	f3ef 8110 	mrs	r1, PRIMASK
200001cc:	b672      	cpsid	i
200001ce:	6813      	ldr	r3, [r2, #0]
200001d0:	2b00      	cmp	r3, #0
200001d2:	d0fc      	beq.n	200001ce <mutex_try_enter_block_until+0x6a>
200001d4:	f3bf 8f5f 	dmb	sy
200001d8:	7923      	ldrb	r3, [r4, #4]
200001da:	6822      	ldr	r2, [r4, #0]
200001dc:	2b7f      	cmp	r3, #127	@ 0x7f
200001de:	d9e7      	bls.n	200001b0 <mutex_try_enter_block_until+0x4c>
200001e0:	4643      	mov	r3, r8
200001e2:	e002      	b.n	200001ea <mutex_try_enter_block_until+0x86>
200001e4:	23d0      	movs	r3, #208	@ 0xd0
200001e6:	061b      	lsls	r3, r3, #24
200001e8:	681b      	ldr	r3, [r3, #0]
200001ea:	7123      	strb	r3, [r4, #4]
200001ec:	f3bf 8f5f 	dmb	sy
200001f0:	2300      	movs	r3, #0
200001f2:	6013      	str	r3, [r2, #0]
200001f4:	f381 8810 	msr	PRIMASK, r1
200001f8:	2001      	movs	r0, #1
200001fa:	e7d6      	b.n	200001aa <mutex_try_enter_block_until+0x46>

200001fc <mutex_enter_timeout_ms>:
200001fc:	b5f0      	push	{r4, r5, r6, r7, lr}
200001fe:	46c6      	mov	lr, r8
20000200:	b500      	push	{lr}
20000202:	000d      	movs	r5, r1
20000204:	0004      	movs	r4, r0
20000206:	f000 feff 	bl	20001008 <__time_us_64_veneer>
2000020a:	22fa      	movs	r2, #250	@ 0xfa
2000020c:	0006      	movs	r6, r0
2000020e:	000f      	movs	r7, r1
20000210:	2300      	movs	r3, #0
20000212:	0028      	movs	r0, r5
20000214:	2100      	movs	r1, #0
20000216:	0092      	lsls	r2, r2, #2
20000218:	f000 ff06 	bl	20001028 <____wrap___aeabi_lmul_veneer>
2000021c:	1836      	adds	r6, r6, r0
2000021e:	414f      	adcs	r7, r1
20000220:	2f00      	cmp	r7, #0
20000222:	da02      	bge.n	2000022a <mutex_enter_timeout_ms+0x2e>
20000224:	2601      	movs	r6, #1
20000226:	4f17      	ldr	r7, [pc, #92]	@ (20000284 <mutex_enter_timeout_ms+0x88>)
20000228:	4276      	negs	r6, r6
2000022a:	23d0      	movs	r3, #208	@ 0xd0
2000022c:	061b      	lsls	r3, r3, #24
2000022e:	681b      	ldr	r3, [r3, #0]
20000230:	2500      	movs	r5, #0
20000232:	4698      	mov	r8, r3
20000234:	e00a      	b.n	2000024c <mutex_enter_timeout_ms+0x50>
20000236:	f3bf 8f5f 	dmb	sy
2000023a:	6015      	str	r5, [r2, #0]
2000023c:	f381 8810 	msr	PRIMASK, r1
20000240:	0030      	movs	r0, r6
20000242:	0039      	movs	r1, r7
20000244:	f000 fef8 	bl	20001038 <__best_effort_wfe_or_timeout_veneer>
20000248:	2800      	cmp	r0, #0
2000024a:	d118      	bne.n	2000027e <mutex_enter_timeout_ms+0x82>
2000024c:	6822      	ldr	r2, [r4, #0]
2000024e:	f3ef 8110 	mrs	r1, PRIMASK
20000252:	b672      	cpsid	i
20000254:	6813      	ldr	r3, [r2, #0]
20000256:	2b00      	cmp	r3, #0
20000258:	d0fc      	beq.n	20000254 <mutex_enter_timeout_ms+0x58>
2000025a:	f3bf 8f5f 	dmb	sy
2000025e:	7923      	ldrb	r3, [r4, #4]
20000260:	6822      	ldr	r2, [r4, #0]
20000262:	2b7f      	cmp	r3, #127	@ 0x7f
20000264:	d9e7      	bls.n	20000236 <mutex_enter_timeout_ms+0x3a>
20000266:	4643      	mov	r3, r8
20000268:	7123      	strb	r3, [r4, #4]
2000026a:	f3bf 8f5f 	dmb	sy
2000026e:	2300      	movs	r3, #0
20000270:	6013      	str	r3, [r2, #0]
20000272:	f381 8810 	msr	PRIMASK, r1
20000276:	2001      	movs	r0, #1
20000278:	bc80      	pop	{r7}
2000027a:	46b8      	mov	r8, r7
2000027c:	bdf0      	pop	{r4, r5, r6, r7, pc}
2000027e:	2000      	movs	r0, #0
20000280:	e7fa      	b.n	20000278 <mutex_enter_timeout_ms+0x7c>
20000282:	46c0      	nop			@ (mov r8, r8)
20000284:	7fffffff 	.word	0x7fffffff

20000288 <mutex_exit>:
20000288:	6802      	ldr	r2, [r0, #0]
2000028a:	f3ef 8110 	mrs	r1, PRIMASK
2000028e:	b672      	cpsid	i
20000290:	6813      	ldr	r3, [r2, #0]
20000292:	2b00      	cmp	r3, #0
20000294:	d0fc      	beq.n	20000290 <mutex_exit+0x8>
20000296:	f3bf 8f5f 	dmb	sy
2000029a:	23ff      	movs	r3, #255	@ 0xff
2000029c:	7103      	strb	r3, [r0, #4]
2000029e:	6803      	ldr	r3, [r0, #0]
200002a0:	f3bf 8f5f 	dmb	sy
200002a4:	2200      	movs	r2, #0
200002a6:	601a      	str	r2, [r3, #0]
200002a8:	f381 8810 	msr	PRIMASK, r1
200002ac:	bf40      	sev
200002ae:	4770      	bx	lr

200002b0 <flash_init_boot2_copyout>:
200002b0:	b510      	push	{r4, lr}
200002b2:	4c08      	ldr	r4, [pc, #32]	@ (200002d4 <flash_init_boot2_copyout+0x24>)
200002b4:	7823      	ldrb	r3, [r4, #0]
200002b6:	2b00      	cmp	r3, #0
200002b8:	d10a      	bne.n	200002d0 <flash_init_boot2_copyout+0x20>
200002ba:	2380      	movs	r3, #128	@ 0x80
200002bc:	4806      	ldr	r0, [pc, #24]	@ (200002d8 <flash_init_boot2_copyout+0x28>)
200002be:	4907      	ldr	r1, [pc, #28]	@ (200002dc <flash_init_boot2_copyout+0x2c>)
200002c0:	055b      	lsls	r3, r3, #21
200002c2:	681a      	ldr	r2, [r3, #0]
200002c4:	50c2      	str	r2, [r0, r3]
200002c6:	3304      	adds	r3, #4
200002c8:	428b      	cmp	r3, r1
200002ca:	d1fa      	bne.n	200002c2 <flash_init_boot2_copyout+0x12>
200002cc:	2301      	movs	r3, #1
200002ce:	7023      	strb	r3, [r4, #0]
200002d0:	bd10      	pop	{r4, pc}
200002d2:	46c0      	nop			@ (mov r8, r8)
200002d4:	20002213 	.word	0x20002213
200002d8:	10001a38 	.word	0x10001a38
200002dc:	10000100 	.word	0x10000100

200002e0 <flash_enable_xip_via_boot2>:
200002e0:	b510      	push	{r4, lr}
200002e2:	4b01      	ldr	r3, [pc, #4]	@ (200002e8 <flash_enable_xip_via_boot2+0x8>)
200002e4:	4798      	blx	r3
200002e6:	bd10      	pop	{r4, pc}
200002e8:	20001a39 	.word	0x20001a39

200002ec <flash_save_hardware_state>:
200002ec:	4b06      	ldr	r3, [pc, #24]	@ (20000308 <flash_save_hardware_state+0x1c>)
200002ee:	685a      	ldr	r2, [r3, #4]
200002f0:	6002      	str	r2, [r0, #0]
200002f2:	689a      	ldr	r2, [r3, #8]
200002f4:	6042      	str	r2, [r0, #4]
200002f6:	68da      	ldr	r2, [r3, #12]
200002f8:	6082      	str	r2, [r0, #8]
200002fa:	691a      	ldr	r2, [r3, #16]
200002fc:	60c2      	str	r2, [r0, #12]
200002fe:	695a      	ldr	r2, [r3, #20]
20000300:	6102      	str	r2, [r0, #16]
20000302:	699b      	ldr	r3, [r3, #24]
20000304:	6143      	str	r3, [r0, #20]
20000306:	4770      	bx	lr
20000308:	40020000 	.word	0x40020000

2000030c <flash_restore_hardware_state>:
2000030c:	6802      	ldr	r2, [r0, #0]
2000030e:	4b06      	ldr	r3, [pc, #24]	@ (20000328 <flash_restore_hardware_state+0x1c>)
20000310:	605a      	str	r2, [r3, #4]
20000312:	6842      	ldr	r2, [r0, #4]
20000314:	609a      	str	r2, [r3, #8]
20000316:	6882      	ldr	r2, [r0, #8]
20000318:	60da      	str	r2, [r3, #12]
2000031a:	68c2      	ldr	r2, [r0, #12]
2000031c:	611a      	str	r2, [r3, #16]
2000031e:	6902      	ldr	r2, [r0, #16]
20000320:	615a      	str	r2, [r3, #20]
20000322:	6942      	ldr	r2, [r0, #20]
20000324:	619a      	str	r2, [r3, #24]
20000326:	4770      	bx	lr
20000328:	40020000 	.word	0x40020000

2000032c <flash_cs_force.constprop.0>:
2000032c:	4b03      	ldr	r3, [pc, #12]	@ (2000033c <flash_cs_force.constprop.0+0x10>)
2000032e:	681a      	ldr	r2, [r3, #0]
20000330:	23c0      	movs	r3, #192	@ 0xc0
20000332:	009b      	lsls	r3, r3, #2
20000334:	4393      	bics	r3, r2
20000336:	4a02      	ldr	r2, [pc, #8]	@ (20000340 <flash_cs_force.constprop.0+0x14>)
20000338:	6013      	str	r3, [r2, #0]
2000033a:	4770      	bx	lr
2000033c:	4001800c 	.word	0x4001800c
20000340:	4001900c 	.word	0x4001900c

20000344 <flash_cs_force.constprop.1>:
20000344:	4b05      	ldr	r3, [pc, #20]	@ (2000035c <flash_cs_force.constprop.1+0x18>)
20000346:	681a      	ldr	r2, [r3, #0]
20000348:	2380      	movs	r3, #128	@ 0x80
2000034a:	009b      	lsls	r3, r3, #2
2000034c:	4053      	eors	r3, r2
2000034e:	22c0      	movs	r2, #192	@ 0xc0
20000350:	0092      	lsls	r2, r2, #2
20000352:	4013      	ands	r3, r2
20000354:	4a02      	ldr	r2, [pc, #8]	@ (20000360 <flash_cs_force.constprop.1+0x1c>)
20000356:	6013      	str	r3, [r2, #0]
20000358:	4770      	bx	lr
2000035a:	46c0      	nop			@ (mov r8, r8)
2000035c:	4001800c 	.word	0x4001800c
20000360:	4001900c 	.word	0x4001900c

20000364 <flash_do_cmd>:
20000364:	2300      	movs	r3, #0
20000366:	b5f0      	push	{r4, r5, r6, r7, lr}
20000368:	46de      	mov	lr, fp
2000036a:	4657      	mov	r7, sl
2000036c:	464e      	mov	r6, r9
2000036e:	4645      	mov	r5, r8
20000370:	469a      	mov	sl, r3
20000372:	b5e0      	push	{r5, r6, r7, lr}
20000374:	b089      	sub	sp, #36	@ 0x24
20000376:	9001      	str	r0, [sp, #4]
20000378:	000e      	movs	r6, r1
2000037a:	8a98      	ldrh	r0, [r3, #20]
2000037c:	4945      	ldr	r1, [pc, #276]	@ (20000494 <flash_do_cmd+0x130>)
2000037e:	8b1b      	ldrh	r3, [r3, #24]
20000380:	0014      	movs	r4, r2
20000382:	4798      	blx	r3
20000384:	4653      	mov	r3, sl
20000386:	4681      	mov	r9, r0
20000388:	4943      	ldr	r1, [pc, #268]	@ (20000498 <flash_do_cmd+0x134>)
2000038a:	8a98      	ldrh	r0, [r3, #20]
2000038c:	8b1b      	ldrh	r3, [r3, #24]
2000038e:	4798      	blx	r3
20000390:	4653      	mov	r3, sl
20000392:	4942      	ldr	r1, [pc, #264]	@ (2000049c <flash_do_cmd+0x138>)
20000394:	0005      	movs	r5, r0
20000396:	8a98      	ldrh	r0, [r3, #20]
20000398:	8b1b      	ldrh	r3, [r3, #24]
2000039a:	4798      	blx	r3
2000039c:	4680      	mov	r8, r0
2000039e:	f7ff ff87 	bl	200002b0 <flash_init_boot2_copyout>
200003a2:	a802      	add	r0, sp, #8
200003a4:	f7ff ffa2 	bl	200002ec <flash_save_hardware_state>
200003a8:	47c8      	blx	r9
200003aa:	47a8      	blx	r5
200003ac:	f7ff ffca 	bl	20000344 <flash_cs_force.constprop.1>
200003b0:	1e25      	subs	r5, r4, #0
200003b2:	d022      	beq.n	200003fa <flash_do_cmd+0x96>
200003b4:	2308      	movs	r3, #8
200003b6:	21c0      	movs	r1, #192	@ 0xc0
200003b8:	469c      	mov	ip, r3
200003ba:	2002      	movs	r0, #2
200003bc:	0549      	lsls	r1, r1, #21
200003be:	4662      	mov	r2, ip
200003c0:	6a8b      	ldr	r3, [r1, #40]	@ 0x28
200003c2:	401a      	ands	r2, r3
200003c4:	4218      	tst	r0, r3
200003c6:	d03f      	beq.n	20000448 <flash_do_cmd+0xe4>
200003c8:	1b63      	subs	r3, r4, r5
200003ca:	2d00      	cmp	r5, #0
200003cc:	d12f      	bne.n	2000042e <flash_do_cmd+0xca>
200003ce:	2a00      	cmp	r2, #0
200003d0:	d111      	bne.n	200003f6 <flash_do_cmd+0x92>
200003d2:	2c00      	cmp	r4, #0
200003d4:	d011      	beq.n	200003fa <flash_do_cmd+0x96>
200003d6:	23c0      	movs	r3, #192	@ 0xc0
200003d8:	055b      	lsls	r3, r3, #21
200003da:	469b      	mov	fp, r3
200003dc:	2302      	movs	r3, #2
200003de:	469a      	mov	sl, r3
200003e0:	3306      	adds	r3, #6
200003e2:	4699      	mov	r9, r3
200003e4:	465b      	mov	r3, fp
200003e6:	464a      	mov	r2, r9
200003e8:	4657      	mov	r7, sl
200003ea:	6a9b      	ldr	r3, [r3, #40]	@ 0x28
200003ec:	401a      	ands	r2, r3
200003ee:	421f      	tst	r7, r3
200003f0:	d042      	beq.n	20000478 <flash_do_cmd+0x114>
200003f2:	2a00      	cmp	r2, #0
200003f4:	d0f6      	beq.n	200003e4 <flash_do_cmd+0x80>
200003f6:	2c00      	cmp	r4, #0
200003f8:	d130      	bne.n	2000045c <flash_do_cmd+0xf8>
200003fa:	f7ff ff97 	bl	2000032c <flash_cs_force.constprop.0>
200003fe:	47c0      	blx	r8
20000400:	f7ff ff6e 	bl	200002e0 <flash_enable_xip_via_boot2>
20000404:	a802      	add	r0, sp, #8
20000406:	f7ff ff81 	bl	2000030c <flash_restore_hardware_state>
2000040a:	b009      	add	sp, #36	@ 0x24
2000040c:	bcf0      	pop	{r4, r5, r6, r7}
2000040e:	46bb      	mov	fp, r7
20000410:	46b2      	mov	sl, r6
20000412:	46a9      	mov	r9, r5
20000414:	46a0      	mov	r8, r4
20000416:	bdf0      	pop	{r4, r5, r6, r7, pc}
20000418:	2c00      	cmp	r4, #0
2000041a:	d12f      	bne.n	2000047c <flash_do_cmd+0x118>
2000041c:	22c0      	movs	r2, #192	@ 0xc0
2000041e:	0552      	lsls	r2, r2, #21
20000420:	6a92      	ldr	r2, [r2, #40]	@ 0x28
20000422:	4691      	mov	r9, r2
20000424:	2208      	movs	r2, #8
20000426:	464f      	mov	r7, r9
20000428:	403a      	ands	r2, r7
2000042a:	07bf      	lsls	r7, r7, #30
2000042c:	d52d      	bpl.n	2000048a <flash_do_cmd+0x126>
2000042e:	2b0d      	cmp	r3, #13
20000430:	d91b      	bls.n	2000046a <flash_do_cmd+0x106>
20000432:	2a00      	cmp	r2, #0
20000434:	d1f0      	bne.n	20000418 <flash_do_cmd+0xb4>
20000436:	22c0      	movs	r2, #192	@ 0xc0
20000438:	0552      	lsls	r2, r2, #21
2000043a:	6a92      	ldr	r2, [r2, #40]	@ 0x28
2000043c:	4691      	mov	r9, r2
2000043e:	2208      	movs	r2, #8
20000440:	464f      	mov	r7, r9
20000442:	403a      	ands	r2, r7
20000444:	07bf      	lsls	r7, r7, #30
20000446:	d4f2      	bmi.n	2000042e <flash_do_cmd+0xca>
20000448:	2a00      	cmp	r2, #0
2000044a:	d104      	bne.n	20000456 <flash_do_cmd+0xf2>
2000044c:	002b      	movs	r3, r5
2000044e:	4323      	orrs	r3, r4
20000450:	2b00      	cmp	r3, #0
20000452:	d1b4      	bne.n	200003be <flash_do_cmd+0x5a>
20000454:	e7d1      	b.n	200003fa <flash_do_cmd+0x96>
20000456:	002b      	movs	r3, r5
20000458:	2c00      	cmp	r4, #0
2000045a:	d0f9      	beq.n	20000450 <flash_do_cmd+0xec>
2000045c:	6e0b      	ldr	r3, [r1, #96]	@ 0x60
2000045e:	3c01      	subs	r4, #1
20000460:	7033      	strb	r3, [r6, #0]
20000462:	0023      	movs	r3, r4
20000464:	3601      	adds	r6, #1
20000466:	432b      	orrs	r3, r5
20000468:	e7f2      	b.n	20000450 <flash_do_cmd+0xec>
2000046a:	9f01      	ldr	r7, [sp, #4]
2000046c:	3d01      	subs	r5, #1
2000046e:	783b      	ldrb	r3, [r7, #0]
20000470:	3701      	adds	r7, #1
20000472:	660b      	str	r3, [r1, #96]	@ 0x60
20000474:	9701      	str	r7, [sp, #4]
20000476:	e7e7      	b.n	20000448 <flash_do_cmd+0xe4>
20000478:	2500      	movs	r5, #0
2000047a:	e7e5      	b.n	20000448 <flash_do_cmd+0xe4>
2000047c:	23c0      	movs	r3, #192	@ 0xc0
2000047e:	055b      	lsls	r3, r3, #21
20000480:	6e1b      	ldr	r3, [r3, #96]	@ 0x60
20000482:	3c01      	subs	r4, #1
20000484:	7033      	strb	r3, [r6, #0]
20000486:	3601      	adds	r6, #1
20000488:	e799      	b.n	200003be <flash_do_cmd+0x5a>
2000048a:	002b      	movs	r3, r5
2000048c:	2a00      	cmp	r2, #0
2000048e:	d1df      	bne.n	20000450 <flash_do_cmd+0xec>
20000490:	e7dc      	b.n	2000044c <flash_do_cmd+0xe8>
20000492:	46c0      	nop			@ (mov r8, r8)
20000494:	00004649 	.word	0x00004649
20000498:	00005845 	.word	0x00005845
2000049c:	00004346 	.word	0x00004346

200004a0 <reset_non_control_endpoints>:
200004a0:	2200      	movs	r2, #0
200004a2:	4b15      	ldr	r3, [pc, #84]	@ (200004f8 <reset_non_control_endpoints+0x58>)
200004a4:	b510      	push	{r4, lr}
200004a6:	609a      	str	r2, [r3, #8]
200004a8:	60da      	str	r2, [r3, #12]
200004aa:	611a      	str	r2, [r3, #16]
200004ac:	615a      	str	r2, [r3, #20]
200004ae:	619a      	str	r2, [r3, #24]
200004b0:	61da      	str	r2, [r3, #28]
200004b2:	621a      	str	r2, [r3, #32]
200004b4:	625a      	str	r2, [r3, #36]	@ 0x24
200004b6:	629a      	str	r2, [r3, #40]	@ 0x28
200004b8:	62da      	str	r2, [r3, #44]	@ 0x2c
200004ba:	631a      	str	r2, [r3, #48]	@ 0x30
200004bc:	635a      	str	r2, [r3, #52]	@ 0x34
200004be:	639a      	str	r2, [r3, #56]	@ 0x38
200004c0:	63da      	str	r2, [r3, #60]	@ 0x3c
200004c2:	641a      	str	r2, [r3, #64]	@ 0x40
200004c4:	645a      	str	r2, [r3, #68]	@ 0x44
200004c6:	649a      	str	r2, [r3, #72]	@ 0x48
200004c8:	64da      	str	r2, [r3, #76]	@ 0x4c
200004ca:	651a      	str	r2, [r3, #80]	@ 0x50
200004cc:	655a      	str	r2, [r3, #84]	@ 0x54
200004ce:	659a      	str	r2, [r3, #88]	@ 0x58
200004d0:	65da      	str	r2, [r3, #92]	@ 0x5c
200004d2:	661a      	str	r2, [r3, #96]	@ 0x60
200004d4:	665a      	str	r2, [r3, #100]	@ 0x64
200004d6:	669a      	str	r2, [r3, #104]	@ 0x68
200004d8:	66da      	str	r2, [r3, #108]	@ 0x6c
200004da:	671a      	str	r2, [r3, #112]	@ 0x70
200004dc:	675a      	str	r2, [r3, #116]	@ 0x74
200004de:	679a      	str	r2, [r3, #120]	@ 0x78
200004e0:	67da      	str	r2, [r3, #124]	@ 0x7c
200004e2:	32f0      	adds	r2, #240	@ 0xf0
200004e4:	0092      	lsls	r2, r2, #2
200004e6:	2100      	movs	r1, #0
200004e8:	4804      	ldr	r0, [pc, #16]	@ (200004fc <reset_non_control_endpoints+0x5c>)
200004ea:	f000 fd85 	bl	20000ff8 <____wrap_memset_veneer>
200004ee:	4b04      	ldr	r3, [pc, #16]	@ (20000500 <reset_non_control_endpoints+0x60>)
200004f0:	4a04      	ldr	r2, [pc, #16]	@ (20000504 <reset_non_control_endpoints+0x64>)
200004f2:	601a      	str	r2, [r3, #0]
200004f4:	bd10      	pop	{r4, pc}
200004f6:	46c0      	nop			@ (mov r8, r8)
200004f8:	50100000 	.word	0x50100000
200004fc:	20001de4 	.word	0x20001de4
20000500:	200021ac 	.word	0x200021ac
20000504:	50100180 	.word	0x50100180

20000508 <hw_handle_buff_status>:
20000508:	b5f0      	push	{r4, r5, r6, r7, lr}
2000050a:	464e      	mov	r6, r9
2000050c:	4645      	mov	r5, r8
2000050e:	46de      	mov	lr, fp
20000510:	4657      	mov	r7, sl
20000512:	b5e0      	push	{r5, r6, r7, lr}
20000514:	4b21      	ldr	r3, [pc, #132]	@ (2000059c <hw_handle_buff_status+0x94>)
20000516:	2400      	movs	r4, #0
20000518:	6d9e      	ldr	r6, [r3, #88]	@ 0x58
2000051a:	2501      	movs	r5, #1
2000051c:	b085      	sub	sp, #20
2000051e:	2e00      	cmp	r6, #0
20000520:	d022      	beq.n	20000568 <hw_handle_buff_status+0x60>
20000522:	4b1f      	ldr	r3, [pc, #124]	@ (200005a0 <hw_handle_buff_status+0x98>)
20000524:	469a      	mov	sl, r3
20000526:	2301      	movs	r3, #1
20000528:	4699      	mov	r9, r3
2000052a:	4b1e      	ldr	r3, [pc, #120]	@ (200005a4 <hw_handle_buff_status+0x9c>)
2000052c:	4698      	mov	r8, r3
2000052e:	e001      	b.n	20000534 <hw_handle_buff_status+0x2c>
20000530:	2c20      	cmp	r4, #32
20000532:	d019      	beq.n	20000568 <hw_handle_buff_status+0x60>
20000534:	002a      	movs	r2, r5
20000536:	0023      	movs	r3, r4
20000538:	3401      	adds	r4, #1
2000053a:	002f      	movs	r7, r5
2000053c:	4032      	ands	r2, r6
2000053e:	b2e4      	uxtb	r4, r4
20000540:	006d      	lsls	r5, r5, #1
20000542:	2a00      	cmp	r2, #0
20000544:	d0f4      	beq.n	20000530 <hw_handle_buff_status+0x28>
20000546:	4652      	mov	r2, sl
20000548:	6597      	str	r7, [r2, #88]	@ 0x58
2000054a:	464a      	mov	r2, r9
2000054c:	085b      	lsrs	r3, r3, #1
2000054e:	005b      	lsls	r3, r3, #1
20000550:	4022      	ands	r2, r4
20000552:	189b      	adds	r3, r3, r2
20000554:	015b      	lsls	r3, r3, #5
20000556:	4443      	add	r3, r8
20000558:	0018      	movs	r0, r3
2000055a:	469b      	mov	fp, r3
2000055c:	f000 fc1e 	bl	20000d9c <hw_endpoint_xfer_continue>
20000560:	2800      	cmp	r0, #0
20000562:	d108      	bne.n	20000576 <hw_handle_buff_status+0x6e>
20000564:	43be      	bics	r6, r7
20000566:	d1e3      	bne.n	20000530 <hw_handle_buff_status+0x28>
20000568:	b005      	add	sp, #20
2000056a:	bcf0      	pop	{r4, r5, r6, r7}
2000056c:	46bb      	mov	fp, r7
2000056e:	46b2      	mov	sl, r6
20000570:	46a9      	mov	r9, r5
20000572:	46a0      	mov	r8, r4
20000574:	bdf0      	pop	{r4, r5, r6, r7, pc}
20000576:	465b      	mov	r3, fp
20000578:	21e0      	movs	r1, #224	@ 0xe0
2000057a:	789a      	ldrb	r2, [r3, #2]
2000057c:	8adb      	ldrh	r3, [r3, #22]
2000057e:	a801      	add	r0, sp, #4
20000580:	6083      	str	r3, [r0, #8]
20000582:	2300      	movs	r3, #0
20000584:	00c9      	lsls	r1, r1, #3
20000586:	8001      	strh	r1, [r0, #0]
20000588:	2101      	movs	r1, #1
2000058a:	7102      	strb	r2, [r0, #4]
2000058c:	7143      	strb	r3, [r0, #5]
2000058e:	f000 fc25 	bl	20000ddc <dcd_event_handler>
20000592:	4658      	mov	r0, fp
20000594:	f000 fba0 	bl	20000cd8 <hw_endpoint_reset_transfer>
20000598:	e7e4      	b.n	20000564 <hw_handle_buff_status+0x5c>
2000059a:	46c0      	nop			@ (mov r8, r8)
2000059c:	50110000 	.word	0x50110000
200005a0:	50113000 	.word	0x50113000
200005a4:	20001da4 	.word	0x20001da4

200005a8 <dcd_rp2040_irq>:
200005a8:	2398      	movs	r3, #152	@ 0x98
200005aa:	b5f0      	push	{r4, r5, r6, r7, lr}
200005ac:	46c6      	mov	lr, r8
200005ae:	4ac8      	ldr	r2, [pc, #800]	@ (200008d0 <dcd_rp2040_irq+0x328>)
200005b0:	b500      	push	{lr}
200005b2:	58d5      	ldr	r5, [r2, r3]
200005b4:	2380      	movs	r3, #128	@ 0x80
200005b6:	002e      	movs	r6, r5
200005b8:	029b      	lsls	r3, r3, #10
200005ba:	2410      	movs	r4, #16
200005bc:	b084      	sub	sp, #16
200005be:	401e      	ands	r6, r3
200005c0:	421d      	tst	r5, r3
200005c2:	d074      	beq.n	200006ae <dcd_rp2040_irq+0x106>
200005c4:	4bc3      	ldr	r3, [pc, #780]	@ (200008d4 <dcd_rp2040_irq+0x32c>)
200005c6:	4cc4      	ldr	r4, [pc, #784]	@ (200008d8 <dcd_rp2040_irq+0x330>)
200005c8:	6a9a      	ldr	r2, [r3, #40]	@ 0x28
200005ca:	4bc4      	ldr	r3, [pc, #784]	@ (200008dc <dcd_rp2040_irq+0x334>)
200005cc:	2600      	movs	r6, #0
200005ce:	601a      	str	r2, [r3, #0]
200005d0:	233b      	movs	r3, #59	@ 0x3b
200005d2:	5ce3      	ldrb	r3, [r4, r3]
200005d4:	2b02      	cmp	r3, #2
200005d6:	d100      	bne.n	200005da <dcd_rp2040_irq+0x32>
200005d8:	e14f      	b.n	2000087a <dcd_rp2040_irq+0x2d2>
200005da:	237b      	movs	r3, #123	@ 0x7b
200005dc:	5ce3      	ldrb	r3, [r4, r3]
200005de:	2b02      	cmp	r3, #2
200005e0:	d100      	bne.n	200005e4 <dcd_rp2040_irq+0x3c>
200005e2:	e0f3      	b.n	200007cc <dcd_rp2040_irq+0x224>
200005e4:	23bb      	movs	r3, #187	@ 0xbb
200005e6:	5ce3      	ldrb	r3, [r4, r3]
200005e8:	2b02      	cmp	r3, #2
200005ea:	d100      	bne.n	200005ee <dcd_rp2040_irq+0x46>
200005ec:	e0fa      	b.n	200007e4 <dcd_rp2040_irq+0x23c>
200005ee:	23fb      	movs	r3, #251	@ 0xfb
200005f0:	5ce3      	ldrb	r3, [r4, r3]
200005f2:	2b02      	cmp	r3, #2
200005f4:	d100      	bne.n	200005f8 <dcd_rp2040_irq+0x50>
200005f6:	e101      	b.n	200007fc <dcd_rp2040_irq+0x254>
200005f8:	233c      	movs	r3, #60	@ 0x3c
200005fa:	33ff      	adds	r3, #255	@ 0xff
200005fc:	5ce3      	ldrb	r3, [r4, r3]
200005fe:	2b02      	cmp	r3, #2
20000600:	d100      	bne.n	20000604 <dcd_rp2040_irq+0x5c>
20000602:	e12d      	b.n	20000860 <dcd_rp2040_irq+0x2b8>
20000604:	237c      	movs	r3, #124	@ 0x7c
20000606:	33ff      	adds	r3, #255	@ 0xff
20000608:	5ce3      	ldrb	r3, [r4, r3]
2000060a:	2b02      	cmp	r3, #2
2000060c:	d100      	bne.n	20000610 <dcd_rp2040_irq+0x68>
2000060e:	e10e      	b.n	2000082e <dcd_rp2040_irq+0x286>
20000610:	23bc      	movs	r3, #188	@ 0xbc
20000612:	33ff      	adds	r3, #255	@ 0xff
20000614:	5ce3      	ldrb	r3, [r4, r3]
20000616:	2b02      	cmp	r3, #2
20000618:	d100      	bne.n	2000061c <dcd_rp2040_irq+0x74>
2000061a:	e13f      	b.n	2000089c <dcd_rp2040_irq+0x2f4>
2000061c:	23fc      	movs	r3, #252	@ 0xfc
2000061e:	33ff      	adds	r3, #255	@ 0xff
20000620:	5ce3      	ldrb	r3, [r4, r3]
20000622:	2b02      	cmp	r3, #2
20000624:	d100      	bne.n	20000628 <dcd_rp2040_irq+0x80>
20000626:	e0f5      	b.n	20000814 <dcd_rp2040_irq+0x26c>
20000628:	4bad      	ldr	r3, [pc, #692]	@ (200008e0 <dcd_rp2040_irq+0x338>)
2000062a:	5ce3      	ldrb	r3, [r4, r3]
2000062c:	2b02      	cmp	r3, #2
2000062e:	d100      	bne.n	20000632 <dcd_rp2040_irq+0x8a>
20000630:	e174      	b.n	2000091c <dcd_rp2040_irq+0x374>
20000632:	4bac      	ldr	r3, [pc, #688]	@ (200008e4 <dcd_rp2040_irq+0x33c>)
20000634:	5ce3      	ldrb	r3, [r4, r3]
20000636:	2b02      	cmp	r3, #2
20000638:	d100      	bne.n	2000063c <dcd_rp2040_irq+0x94>
2000063a:	e105      	b.n	20000848 <dcd_rp2040_irq+0x2a0>
2000063c:	4baa      	ldr	r3, [pc, #680]	@ (200008e8 <dcd_rp2040_irq+0x340>)
2000063e:	5ce3      	ldrb	r3, [r4, r3]
20000640:	2b02      	cmp	r3, #2
20000642:	d100      	bne.n	20000646 <dcd_rp2040_irq+0x9e>
20000644:	e175      	b.n	20000932 <dcd_rp2040_irq+0x38a>
20000646:	4ba9      	ldr	r3, [pc, #676]	@ (200008ec <dcd_rp2040_irq+0x344>)
20000648:	5ce3      	ldrb	r3, [r4, r3]
2000064a:	2b02      	cmp	r3, #2
2000064c:	d100      	bne.n	20000650 <dcd_rp2040_irq+0xa8>
2000064e:	e132      	b.n	200008b6 <dcd_rp2040_irq+0x30e>
20000650:	4ba7      	ldr	r3, [pc, #668]	@ (200008f0 <dcd_rp2040_irq+0x348>)
20000652:	5ce3      	ldrb	r3, [r4, r3]
20000654:	2b02      	cmp	r3, #2
20000656:	d100      	bne.n	2000065a <dcd_rp2040_irq+0xb2>
20000658:	e1a0      	b.n	2000099c <dcd_rp2040_irq+0x3f4>
2000065a:	4ba6      	ldr	r3, [pc, #664]	@ (200008f4 <dcd_rp2040_irq+0x34c>)
2000065c:	5ce3      	ldrb	r3, [r4, r3]
2000065e:	2b02      	cmp	r3, #2
20000660:	d100      	bne.n	20000664 <dcd_rp2040_irq+0xbc>
20000662:	e171      	b.n	20000948 <dcd_rp2040_irq+0x3a0>
20000664:	4ba4      	ldr	r3, [pc, #656]	@ (200008f8 <dcd_rp2040_irq+0x350>)
20000666:	5ce3      	ldrb	r3, [r4, r3]
20000668:	2b02      	cmp	r3, #2
2000066a:	d100      	bne.n	2000066e <dcd_rp2040_irq+0xc6>
2000066c:	e1a1      	b.n	200009b2 <dcd_rp2040_irq+0x40a>
2000066e:	4ba3      	ldr	r3, [pc, #652]	@ (200008fc <dcd_rp2040_irq+0x354>)
20000670:	5ce3      	ldrb	r3, [r4, r3]
20000672:	2b02      	cmp	r3, #2
20000674:	d100      	bne.n	20000678 <dcd_rp2040_irq+0xd0>
20000676:	e17f      	b.n	20000978 <dcd_rp2040_irq+0x3d0>
20000678:	2e00      	cmp	r6, #0
2000067a:	d108      	bne.n	2000068e <dcd_rp2040_irq+0xe6>
2000067c:	4ba0      	ldr	r3, [pc, #640]	@ (20000900 <dcd_rp2040_irq+0x358>)
2000067e:	781b      	ldrb	r3, [r3, #0]
20000680:	2b00      	cmp	r3, #0
20000682:	d104      	bne.n	2000068e <dcd_rp2040_irq+0xe6>
20000684:	2180      	movs	r1, #128	@ 0x80
20000686:	4a9f      	ldr	r2, [pc, #636]	@ (20000904 <dcd_rp2040_irq+0x35c>)
20000688:	3390      	adds	r3, #144	@ 0x90
2000068a:	0289      	lsls	r1, r1, #10
2000068c:	50d1      	str	r1, [r2, r3]
2000068e:	22c0      	movs	r2, #192	@ 0xc0
20000690:	4669      	mov	r1, sp
20000692:	4b8f      	ldr	r3, [pc, #572]	@ (200008d0 <dcd_rp2040_irq+0x328>)
20000694:	0092      	lsls	r2, r2, #2
20000696:	6c9b      	ldr	r3, [r3, #72]	@ 0x48
20000698:	2680      	movs	r6, #128	@ 0x80
2000069a:	055b      	lsls	r3, r3, #21
2000069c:	808a      	strh	r2, [r1, #4]
2000069e:	0d5b      	lsrs	r3, r3, #21
200006a0:	2101      	movs	r1, #1
200006a2:	a801      	add	r0, sp, #4
200006a4:	9302      	str	r3, [sp, #8]
200006a6:	f000 fb99 	bl	20000ddc <dcd_event_handler>
200006aa:	4c97      	ldr	r4, [pc, #604]	@ (20000908 <dcd_rp2040_irq+0x360>)
200006ac:	02b6      	lsls	r6, r6, #10
200006ae:	06eb      	lsls	r3, r5, #27
200006b0:	d500      	bpl.n	200006b4 <dcd_rp2040_irq+0x10c>
200006b2:	e07f      	b.n	200007b4 <dcd_rp2040_irq+0x20c>
200006b4:	2380      	movs	r3, #128	@ 0x80
200006b6:	025b      	lsls	r3, r3, #9
200006b8:	421d      	tst	r5, r3
200006ba:	d031      	beq.n	20000720 <dcd_rp2040_irq+0x178>
200006bc:	431e      	orrs	r6, r3
200006be:	2301      	movs	r3, #1
200006c0:	2402      	movs	r4, #2
200006c2:	4698      	mov	r8, r3
200006c4:	4f84      	ldr	r7, [pc, #528]	@ (200008d8 <dcd_rp2040_irq+0x330>)
200006c6:	7ebb      	ldrb	r3, [r7, #26]
200006c8:	2b00      	cmp	r3, #0
200006ca:	d014      	beq.n	200006f6 <dcd_rp2040_irq+0x14e>
200006cc:	f000 fc7c 	bl	20000fc8 <__rp2040_chip_version_veneer>
200006d0:	2801      	cmp	r0, #1
200006d2:	d900      	bls.n	200006d6 <dcd_rp2040_irq+0x12e>
200006d4:	e072      	b.n	200007bc <dcd_rp2040_irq+0x214>
200006d6:	22c0      	movs	r2, #192	@ 0xc0
200006d8:	2100      	movs	r1, #0
200006da:	0038      	movs	r0, r7
200006dc:	0192      	lsls	r2, r2, #6
200006de:	f000 fb01 	bl	20000ce4 <_hw_endpoint_buffer_control_update32>
200006e2:	0038      	movs	r0, r7
200006e4:	f000 faf8 	bl	20000cd8 <hw_endpoint_reset_transfer>
200006e8:	f000 fc6e 	bl	20000fc8 <__rp2040_chip_version_veneer>
200006ec:	2801      	cmp	r0, #1
200006ee:	d902      	bls.n	200006f6 <dcd_rp2040_irq+0x14e>
200006f0:	4b84      	ldr	r3, [pc, #528]	@ (20000904 <dcd_rp2040_irq+0x35c>)
200006f2:	665c      	str	r4, [r3, #100]	@ 0x64
200006f4:	661c      	str	r4, [r3, #96]	@ 0x60
200006f6:	4643      	mov	r3, r8
200006f8:	70fb      	strb	r3, [r7, #3]
200006fa:	3720      	adds	r7, #32
200006fc:	2c01      	cmp	r4, #1
200006fe:	d122      	bne.n	20000746 <dcd_rp2040_irq+0x19e>
20000700:	23c0      	movs	r3, #192	@ 0xc0
20000702:	466a      	mov	r2, sp
20000704:	00db      	lsls	r3, r3, #3
20000706:	8093      	strh	r3, [r2, #4]
20000708:	4a80      	ldr	r2, [pc, #512]	@ (2000090c <dcd_rp2040_irq+0x364>)
2000070a:	ab02      	add	r3, sp, #8
2000070c:	ca03      	ldmia	r2!, {r0, r1}
2000070e:	c303      	stmia	r3!, {r0, r1}
20000710:	2101      	movs	r1, #1
20000712:	a801      	add	r0, sp, #4
20000714:	f000 fb62 	bl	20000ddc <dcd_event_handler>
20000718:	2280      	movs	r2, #128	@ 0x80
2000071a:	4b7a      	ldr	r3, [pc, #488]	@ (20000904 <dcd_rp2040_irq+0x35c>)
2000071c:	0292      	lsls	r2, r2, #10
2000071e:	651a      	str	r2, [r3, #80]	@ 0x50
20000720:	2380      	movs	r3, #128	@ 0x80
20000722:	015b      	lsls	r3, r3, #5
20000724:	421d      	tst	r5, r3
20000726:	d110      	bne.n	2000074a <dcd_rp2040_irq+0x1a2>
20000728:	2380      	movs	r3, #128	@ 0x80
2000072a:	01db      	lsls	r3, r3, #7
2000072c:	421d      	tst	r5, r3
2000072e:	d123      	bne.n	20000778 <dcd_rp2040_irq+0x1d0>
20000730:	2380      	movs	r3, #128	@ 0x80
20000732:	021b      	lsls	r3, r3, #8
20000734:	421d      	tst	r5, r3
20000736:	d12f      	bne.n	20000798 <dcd_rp2040_irq+0x1f0>
20000738:	42ae      	cmp	r6, r5
2000073a:	d000      	beq.n	2000073e <dcd_rp2040_irq+0x196>
2000073c:	e1c0      	b.n	20000ac0 <dcd_rp2040_irq+0x518>
2000073e:	b004      	add	sp, #16
20000740:	bc80      	pop	{r7}
20000742:	46b8      	mov	r8, r7
20000744:	bdf0      	pop	{r4, r5, r6, r7, pc}
20000746:	2401      	movs	r4, #1
20000748:	e7bd      	b.n	200006c6 <dcd_rp2040_irq+0x11e>
2000074a:	2400      	movs	r4, #0
2000074c:	431e      	orrs	r6, r3
2000074e:	4b60      	ldr	r3, [pc, #384]	@ (200008d0 <dcd_rp2040_irq+0x328>)
20000750:	601c      	str	r4, [r3, #0]
20000752:	f7ff fea5 	bl	200004a0 <reset_non_control_endpoints>
20000756:	2380      	movs	r3, #128	@ 0x80
20000758:	466a      	mov	r2, sp
2000075a:	005b      	lsls	r3, r3, #1
2000075c:	8093      	strh	r3, [r2, #4]
2000075e:	7214      	strb	r4, [r2, #8]
20000760:	2101      	movs	r1, #1
20000762:	a801      	add	r0, sp, #4
20000764:	f000 fb3a 	bl	20000ddc <dcd_event_handler>
20000768:	2280      	movs	r2, #128	@ 0x80
2000076a:	4b66      	ldr	r3, [pc, #408]	@ (20000904 <dcd_rp2040_irq+0x35c>)
2000076c:	0312      	lsls	r2, r2, #12
2000076e:	651a      	str	r2, [r3, #80]	@ 0x50
20000770:	2380      	movs	r3, #128	@ 0x80
20000772:	01db      	lsls	r3, r3, #7
20000774:	421d      	tst	r5, r3
20000776:	d0db      	beq.n	20000730 <dcd_rp2040_irq+0x188>
20000778:	431e      	orrs	r6, r3
2000077a:	2380      	movs	r3, #128	@ 0x80
2000077c:	466a      	mov	r2, sp
2000077e:	00db      	lsls	r3, r3, #3
20000780:	8093      	strh	r3, [r2, #4]
20000782:	2101      	movs	r1, #1
20000784:	a801      	add	r0, sp, #4
20000786:	f000 fb29 	bl	20000ddc <dcd_event_handler>
2000078a:	2210      	movs	r2, #16
2000078c:	4b5d      	ldr	r3, [pc, #372]	@ (20000904 <dcd_rp2040_irq+0x35c>)
2000078e:	651a      	str	r2, [r3, #80]	@ 0x50
20000790:	2380      	movs	r3, #128	@ 0x80
20000792:	021b      	lsls	r3, r3, #8
20000794:	421d      	tst	r5, r3
20000796:	d0cf      	beq.n	20000738 <dcd_rp2040_irq+0x190>
20000798:	431e      	orrs	r6, r3
2000079a:	23a0      	movs	r3, #160	@ 0xa0
2000079c:	466a      	mov	r2, sp
2000079e:	00db      	lsls	r3, r3, #3
200007a0:	8093      	strh	r3, [r2, #4]
200007a2:	2101      	movs	r1, #1
200007a4:	a801      	add	r0, sp, #4
200007a6:	f000 fb19 	bl	20000ddc <dcd_event_handler>
200007aa:	2280      	movs	r2, #128	@ 0x80
200007ac:	4b55      	ldr	r3, [pc, #340]	@ (20000904 <dcd_rp2040_irq+0x35c>)
200007ae:	0112      	lsls	r2, r2, #4
200007b0:	651a      	str	r2, [r3, #80]	@ 0x50
200007b2:	e7c1      	b.n	20000738 <dcd_rp2040_irq+0x190>
200007b4:	f7ff fea8 	bl	20000508 <hw_handle_buff_status>
200007b8:	0026      	movs	r6, r4
200007ba:	e77b      	b.n	200006b4 <dcd_rp2040_irq+0x10c>
200007bc:	4b54      	ldr	r3, [pc, #336]	@ (20000910 <dcd_rp2040_irq+0x368>)
200007be:	4a44      	ldr	r2, [pc, #272]	@ (200008d0 <dcd_rp2040_irq+0x328>)
200007c0:	661c      	str	r4, [r3, #96]	@ 0x60
200007c2:	6e53      	ldr	r3, [r2, #100]	@ 0x64
200007c4:	4023      	ands	r3, r4
200007c6:	42a3      	cmp	r3, r4
200007c8:	d1fb      	bne.n	200007c2 <dcd_rp2040_irq+0x21a>
200007ca:	e784      	b.n	200006d6 <dcd_rp2040_irq+0x12e>
200007cc:	3378      	adds	r3, #120	@ 0x78
200007ce:	5ce7      	ldrb	r7, [r4, r3]
200007d0:	2f00      	cmp	r7, #0
200007d2:	d100      	bne.n	200007d6 <dcd_rp2040_irq+0x22e>
200007d4:	e706      	b.n	200005e4 <dcd_rp2040_irq+0x3c>
200007d6:	3302      	adds	r3, #2
200007d8:	5ce2      	ldrb	r2, [r4, r3]
200007da:	2a00      	cmp	r2, #0
200007dc:	d000      	beq.n	200007e0 <dcd_rp2040_irq+0x238>
200007de:	e10d      	b.n	200009fc <dcd_rp2040_irq+0x454>
200007e0:	003e      	movs	r6, r7
200007e2:	e6ff      	b.n	200005e4 <dcd_rp2040_irq+0x3c>
200007e4:	33b8      	adds	r3, #184	@ 0xb8
200007e6:	5ce7      	ldrb	r7, [r4, r3]
200007e8:	2f00      	cmp	r7, #0
200007ea:	d100      	bne.n	200007ee <dcd_rp2040_irq+0x246>
200007ec:	e6ff      	b.n	200005ee <dcd_rp2040_irq+0x46>
200007ee:	3302      	adds	r3, #2
200007f0:	5ce2      	ldrb	r2, [r4, r3]
200007f2:	2a00      	cmp	r2, #0
200007f4:	d000      	beq.n	200007f8 <dcd_rp2040_irq+0x250>
200007f6:	e0f9      	b.n	200009ec <dcd_rp2040_irq+0x444>
200007f8:	003e      	movs	r6, r7
200007fa:	e6f8      	b.n	200005ee <dcd_rp2040_irq+0x46>
200007fc:	33f8      	adds	r3, #248	@ 0xf8
200007fe:	5ce7      	ldrb	r7, [r4, r3]
20000800:	2f00      	cmp	r7, #0
20000802:	d100      	bne.n	20000806 <dcd_rp2040_irq+0x25e>
20000804:	e6f8      	b.n	200005f8 <dcd_rp2040_irq+0x50>
20000806:	3302      	adds	r3, #2
20000808:	5ce2      	ldrb	r2, [r4, r3]
2000080a:	2a00      	cmp	r2, #0
2000080c:	d000      	beq.n	20000810 <dcd_rp2040_irq+0x268>
2000080e:	e141      	b.n	20000a94 <dcd_rp2040_irq+0x4ec>
20000810:	003e      	movs	r6, r7
20000812:	e6f1      	b.n	200005f8 <dcd_rp2040_irq+0x50>
20000814:	33f9      	adds	r3, #249	@ 0xf9
20000816:	33ff      	adds	r3, #255	@ 0xff
20000818:	5ce7      	ldrb	r7, [r4, r3]
2000081a:	2f00      	cmp	r7, #0
2000081c:	d100      	bne.n	20000820 <dcd_rp2040_irq+0x278>
2000081e:	e703      	b.n	20000628 <dcd_rp2040_irq+0x80>
20000820:	3302      	adds	r3, #2
20000822:	5ce2      	ldrb	r2, [r4, r3]
20000824:	2a00      	cmp	r2, #0
20000826:	d000      	beq.n	2000082a <dcd_rp2040_irq+0x282>
20000828:	e12b      	b.n	20000a82 <dcd_rp2040_irq+0x4da>
2000082a:	003e      	movs	r6, r7
2000082c:	e6fc      	b.n	20000628 <dcd_rp2040_irq+0x80>
2000082e:	3379      	adds	r3, #121	@ 0x79
20000830:	33ff      	adds	r3, #255	@ 0xff
20000832:	5ce7      	ldrb	r7, [r4, r3]
20000834:	2f00      	cmp	r7, #0
20000836:	d100      	bne.n	2000083a <dcd_rp2040_irq+0x292>
20000838:	e6ea      	b.n	20000610 <dcd_rp2040_irq+0x68>
2000083a:	3302      	adds	r3, #2
2000083c:	5ce2      	ldrb	r2, [r4, r3]
2000083e:	2a00      	cmp	r2, #0
20000840:	d000      	beq.n	20000844 <dcd_rp2040_irq+0x29c>
20000842:	e115      	b.n	20000a70 <dcd_rp2040_irq+0x4c8>
20000844:	003e      	movs	r6, r7
20000846:	e6e3      	b.n	20000610 <dcd_rp2040_irq+0x68>
20000848:	4b32      	ldr	r3, [pc, #200]	@ (20000914 <dcd_rp2040_irq+0x36c>)
2000084a:	5ce7      	ldrb	r7, [r4, r3]
2000084c:	2f00      	cmp	r7, #0
2000084e:	d100      	bne.n	20000852 <dcd_rp2040_irq+0x2aa>
20000850:	e6f4      	b.n	2000063c <dcd_rp2040_irq+0x94>
20000852:	3302      	adds	r3, #2
20000854:	5ce2      	ldrb	r2, [r4, r3]
20000856:	2a00      	cmp	r2, #0
20000858:	d000      	beq.n	2000085c <dcd_rp2040_irq+0x2b4>
2000085a:	e101      	b.n	20000a60 <dcd_rp2040_irq+0x4b8>
2000085c:	003e      	movs	r6, r7
2000085e:	e6ed      	b.n	2000063c <dcd_rp2040_irq+0x94>
20000860:	3339      	adds	r3, #57	@ 0x39
20000862:	33ff      	adds	r3, #255	@ 0xff
20000864:	5ce7      	ldrb	r7, [r4, r3]
20000866:	2f00      	cmp	r7, #0
20000868:	d100      	bne.n	2000086c <dcd_rp2040_irq+0x2c4>
2000086a:	e6cb      	b.n	20000604 <dcd_rp2040_irq+0x5c>
2000086c:	3302      	adds	r3, #2
2000086e:	5ce2      	ldrb	r2, [r4, r3]
20000870:	2a00      	cmp	r2, #0
20000872:	d000      	beq.n	20000876 <dcd_rp2040_irq+0x2ce>
20000874:	e0eb      	b.n	20000a4e <dcd_rp2040_irq+0x4a6>
20000876:	003e      	movs	r6, r7
20000878:	e6c4      	b.n	20000604 <dcd_rp2040_irq+0x5c>
2000087a:	3338      	adds	r3, #56	@ 0x38
2000087c:	5ce6      	ldrb	r6, [r4, r3]
2000087e:	2e00      	cmp	r6, #0
20000880:	d100      	bne.n	20000884 <dcd_rp2040_irq+0x2dc>
20000882:	e6aa      	b.n	200005da <dcd_rp2040_irq+0x32>
20000884:	3302      	adds	r3, #2
20000886:	5ce2      	ldrb	r2, [r4, r3]
20000888:	2a00      	cmp	r2, #0
2000088a:	d100      	bne.n	2000088e <dcd_rp2040_irq+0x2e6>
2000088c:	e6a5      	b.n	200005da <dcd_rp2040_irq+0x32>
2000088e:	0020      	movs	r0, r4
20000890:	2200      	movs	r2, #0
20000892:	3020      	adds	r0, #32
20000894:	54e2      	strb	r2, [r4, r3]
20000896:	f000 fa4d 	bl	20000d34 <hw_endpoint_start_next_buffer>
2000089a:	e69e      	b.n	200005da <dcd_rp2040_irq+0x32>
2000089c:	33b9      	adds	r3, #185	@ 0xb9
2000089e:	33ff      	adds	r3, #255	@ 0xff
200008a0:	5ce7      	ldrb	r7, [r4, r3]
200008a2:	2f00      	cmp	r7, #0
200008a4:	d100      	bne.n	200008a8 <dcd_rp2040_irq+0x300>
200008a6:	e6b9      	b.n	2000061c <dcd_rp2040_irq+0x74>
200008a8:	3302      	adds	r3, #2
200008aa:	5ce2      	ldrb	r2, [r4, r3]
200008ac:	2a00      	cmp	r2, #0
200008ae:	d000      	beq.n	200008b2 <dcd_rp2040_irq+0x30a>
200008b0:	e0c4      	b.n	20000a3c <dcd_rp2040_irq+0x494>
200008b2:	003e      	movs	r6, r7
200008b4:	e6b2      	b.n	2000061c <dcd_rp2040_irq+0x74>
200008b6:	4b18      	ldr	r3, [pc, #96]	@ (20000918 <dcd_rp2040_irq+0x370>)
200008b8:	5ce7      	ldrb	r7, [r4, r3]
200008ba:	2f00      	cmp	r7, #0
200008bc:	d100      	bne.n	200008c0 <dcd_rp2040_irq+0x318>
200008be:	e6c7      	b.n	20000650 <dcd_rp2040_irq+0xa8>
200008c0:	3302      	adds	r3, #2
200008c2:	5ce2      	ldrb	r2, [r4, r3]
200008c4:	2a00      	cmp	r2, #0
200008c6:	d000      	beq.n	200008ca <dcd_rp2040_irq+0x322>
200008c8:	e0b0      	b.n	20000a2c <dcd_rp2040_irq+0x484>
200008ca:	003e      	movs	r6, r7
200008cc:	e6c0      	b.n	20000650 <dcd_rp2040_irq+0xa8>
200008ce:	46c0      	nop			@ (mov r8, r8)
200008d0:	50110000 	.word	0x50110000
200008d4:	40054000 	.word	0x40054000
200008d8:	20001da4 	.word	0x20001da4
200008dc:	20001d9c 	.word	0x20001d9c
200008e0:	0000023b 	.word	0x0000023b
200008e4:	0000027b 	.word	0x0000027b
200008e8:	000002bb 	.word	0x000002bb
200008ec:	000002fb 	.word	0x000002fb
200008f0:	0000033b 	.word	0x0000033b
200008f4:	0000037b 	.word	0x0000037b
200008f8:	000003bb 	.word	0x000003bb
200008fc:	000003fb 	.word	0x000003fb
20000900:	20002211 	.word	0x20002211
20000904:	50113000 	.word	0x50113000
20000908:	00020010 	.word	0x00020010
2000090c:	50100000 	.word	0x50100000
20000910:	50112000 	.word	0x50112000
20000914:	0000027a 	.word	0x0000027a
20000918:	000002fa 	.word	0x000002fa
2000091c:	4b6b      	ldr	r3, [pc, #428]	@ (20000acc <dcd_rp2040_irq+0x524>)
2000091e:	5ce7      	ldrb	r7, [r4, r3]
20000920:	2f00      	cmp	r7, #0
20000922:	d100      	bne.n	20000926 <dcd_rp2040_irq+0x37e>
20000924:	e685      	b.n	20000632 <dcd_rp2040_irq+0x8a>
20000926:	3302      	adds	r3, #2
20000928:	5ce2      	ldrb	r2, [r4, r3]
2000092a:	2a00      	cmp	r2, #0
2000092c:	d176      	bne.n	20000a1c <dcd_rp2040_irq+0x474>
2000092e:	003e      	movs	r6, r7
20000930:	e67f      	b.n	20000632 <dcd_rp2040_irq+0x8a>
20000932:	4b67      	ldr	r3, [pc, #412]	@ (20000ad0 <dcd_rp2040_irq+0x528>)
20000934:	5ce7      	ldrb	r7, [r4, r3]
20000936:	2f00      	cmp	r7, #0
20000938:	d100      	bne.n	2000093c <dcd_rp2040_irq+0x394>
2000093a:	e684      	b.n	20000646 <dcd_rp2040_irq+0x9e>
2000093c:	3302      	adds	r3, #2
2000093e:	5ce2      	ldrb	r2, [r4, r3]
20000940:	2a00      	cmp	r2, #0
20000942:	d163      	bne.n	20000a0c <dcd_rp2040_irq+0x464>
20000944:	003e      	movs	r6, r7
20000946:	e67e      	b.n	20000646 <dcd_rp2040_irq+0x9e>
20000948:	4b62      	ldr	r3, [pc, #392]	@ (20000ad4 <dcd_rp2040_irq+0x52c>)
2000094a:	5ce7      	ldrb	r7, [r4, r3]
2000094c:	2f00      	cmp	r7, #0
2000094e:	d100      	bne.n	20000952 <dcd_rp2040_irq+0x3aa>
20000950:	e688      	b.n	20000664 <dcd_rp2040_irq+0xbc>
20000952:	3302      	adds	r3, #2
20000954:	5ce2      	ldrb	r2, [r4, r3]
20000956:	2a00      	cmp	r2, #0
20000958:	d000      	beq.n	2000095c <dcd_rp2040_irq+0x3b4>
2000095a:	e0a3      	b.n	20000aa4 <dcd_rp2040_irq+0x4fc>
2000095c:	4b5e      	ldr	r3, [pc, #376]	@ (20000ad8 <dcd_rp2040_irq+0x530>)
2000095e:	5ce3      	ldrb	r3, [r4, r3]
20000960:	2b02      	cmp	r3, #2
20000962:	d130      	bne.n	200009c6 <dcd_rp2040_irq+0x41e>
20000964:	4b5d      	ldr	r3, [pc, #372]	@ (20000adc <dcd_rp2040_irq+0x534>)
20000966:	5ce3      	ldrb	r3, [r4, r3]
20000968:	2b00      	cmp	r3, #0
2000096a:	d127      	bne.n	200009bc <dcd_rp2040_irq+0x414>
2000096c:	4b5c      	ldr	r3, [pc, #368]	@ (20000ae0 <dcd_rp2040_irq+0x538>)
2000096e:	5ce3      	ldrb	r3, [r4, r3]
20000970:	2b02      	cmp	r3, #2
20000972:	d000      	beq.n	20000976 <dcd_rp2040_irq+0x3ce>
20000974:	e68b      	b.n	2000068e <dcd_rp2040_irq+0xe6>
20000976:	003e      	movs	r6, r7
20000978:	4b5a      	ldr	r3, [pc, #360]	@ (20000ae4 <dcd_rp2040_irq+0x53c>)
2000097a:	5ce3      	ldrb	r3, [r4, r3]
2000097c:	2b00      	cmp	r3, #0
2000097e:	d100      	bne.n	20000982 <dcd_rp2040_irq+0x3da>
20000980:	e67a      	b.n	20000678 <dcd_rp2040_irq+0xd0>
20000982:	23ff      	movs	r3, #255	@ 0xff
20000984:	009b      	lsls	r3, r3, #2
20000986:	5ce2      	ldrb	r2, [r4, r3]
20000988:	2a00      	cmp	r2, #0
2000098a:	d100      	bne.n	2000098e <dcd_rp2040_irq+0x3e6>
2000098c:	e67f      	b.n	2000068e <dcd_rp2040_irq+0xe6>
2000098e:	2200      	movs	r2, #0
20000990:	54e2      	strb	r2, [r4, r3]
20000992:	3b1c      	subs	r3, #28
20000994:	18e0      	adds	r0, r4, r3
20000996:	f000 f9cd 	bl	20000d34 <hw_endpoint_start_next_buffer>
2000099a:	e678      	b.n	2000068e <dcd_rp2040_irq+0xe6>
2000099c:	4b52      	ldr	r3, [pc, #328]	@ (20000ae8 <dcd_rp2040_irq+0x540>)
2000099e:	5ce7      	ldrb	r7, [r4, r3]
200009a0:	2f00      	cmp	r7, #0
200009a2:	d100      	bne.n	200009a6 <dcd_rp2040_irq+0x3fe>
200009a4:	e659      	b.n	2000065a <dcd_rp2040_irq+0xb2>
200009a6:	3302      	adds	r3, #2
200009a8:	5ce2      	ldrb	r2, [r4, r3]
200009aa:	2a00      	cmp	r2, #0
200009ac:	d116      	bne.n	200009dc <dcd_rp2040_irq+0x434>
200009ae:	003e      	movs	r6, r7
200009b0:	e653      	b.n	2000065a <dcd_rp2040_irq+0xb2>
200009b2:	4b4a      	ldr	r3, [pc, #296]	@ (20000adc <dcd_rp2040_irq+0x534>)
200009b4:	5ce3      	ldrb	r3, [r4, r3]
200009b6:	2b00      	cmp	r3, #0
200009b8:	d100      	bne.n	200009bc <dcd_rp2040_irq+0x414>
200009ba:	e658      	b.n	2000066e <dcd_rp2040_irq+0xc6>
200009bc:	23ef      	movs	r3, #239	@ 0xef
200009be:	009b      	lsls	r3, r3, #2
200009c0:	5ce2      	ldrb	r2, [r4, r3]
200009c2:	2a00      	cmp	r2, #0
200009c4:	d175      	bne.n	20000ab2 <dcd_rp2040_irq+0x50a>
200009c6:	4b46      	ldr	r3, [pc, #280]	@ (20000ae0 <dcd_rp2040_irq+0x538>)
200009c8:	5ce3      	ldrb	r3, [r4, r3]
200009ca:	2b02      	cmp	r3, #2
200009cc:	d000      	beq.n	200009d0 <dcd_rp2040_irq+0x428>
200009ce:	e65e      	b.n	2000068e <dcd_rp2040_irq+0xe6>
200009d0:	4b44      	ldr	r3, [pc, #272]	@ (20000ae4 <dcd_rp2040_irq+0x53c>)
200009d2:	5ce3      	ldrb	r3, [r4, r3]
200009d4:	2b00      	cmp	r3, #0
200009d6:	d100      	bne.n	200009da <dcd_rp2040_irq+0x432>
200009d8:	e659      	b.n	2000068e <dcd_rp2040_irq+0xe6>
200009da:	e7d2      	b.n	20000982 <dcd_rp2040_irq+0x3da>
200009dc:	2200      	movs	r2, #0
200009de:	54e2      	strb	r2, [r4, r3]
200009e0:	3b1c      	subs	r3, #28
200009e2:	18e0      	adds	r0, r4, r3
200009e4:	f000 f9a6 	bl	20000d34 <hw_endpoint_start_next_buffer>
200009e8:	003e      	movs	r6, r7
200009ea:	e636      	b.n	2000065a <dcd_rp2040_irq+0xb2>
200009ec:	0020      	movs	r0, r4
200009ee:	2200      	movs	r2, #0
200009f0:	30a0      	adds	r0, #160	@ 0xa0
200009f2:	54e2      	strb	r2, [r4, r3]
200009f4:	003e      	movs	r6, r7
200009f6:	f000 f99d 	bl	20000d34 <hw_endpoint_start_next_buffer>
200009fa:	e5f8      	b.n	200005ee <dcd_rp2040_irq+0x46>
200009fc:	0020      	movs	r0, r4
200009fe:	2200      	movs	r2, #0
20000a00:	3060      	adds	r0, #96	@ 0x60
20000a02:	54e2      	strb	r2, [r4, r3]
20000a04:	003e      	movs	r6, r7
20000a06:	f000 f995 	bl	20000d34 <hw_endpoint_start_next_buffer>
20000a0a:	e5eb      	b.n	200005e4 <dcd_rp2040_irq+0x3c>
20000a0c:	2200      	movs	r2, #0
20000a0e:	54e2      	strb	r2, [r4, r3]
20000a10:	3b1c      	subs	r3, #28
20000a12:	18e0      	adds	r0, r4, r3
20000a14:	f000 f98e 	bl	20000d34 <hw_endpoint_start_next_buffer>
20000a18:	003e      	movs	r6, r7
20000a1a:	e614      	b.n	20000646 <dcd_rp2040_irq+0x9e>
20000a1c:	2200      	movs	r2, #0
20000a1e:	54e2      	strb	r2, [r4, r3]
20000a20:	3b1c      	subs	r3, #28
20000a22:	18e0      	adds	r0, r4, r3
20000a24:	f000 f986 	bl	20000d34 <hw_endpoint_start_next_buffer>
20000a28:	003e      	movs	r6, r7
20000a2a:	e602      	b.n	20000632 <dcd_rp2040_irq+0x8a>
20000a2c:	2200      	movs	r2, #0
20000a2e:	54e2      	strb	r2, [r4, r3]
20000a30:	3b1c      	subs	r3, #28
20000a32:	18e0      	adds	r0, r4, r3
20000a34:	f000 f97e 	bl	20000d34 <hw_endpoint_start_next_buffer>
20000a38:	003e      	movs	r6, r7
20000a3a:	e609      	b.n	20000650 <dcd_rp2040_irq+0xa8>
20000a3c:	0020      	movs	r0, r4
20000a3e:	2200      	movs	r2, #0
20000a40:	30a1      	adds	r0, #161	@ 0xa1
20000a42:	30ff      	adds	r0, #255	@ 0xff
20000a44:	54e2      	strb	r2, [r4, r3]
20000a46:	003e      	movs	r6, r7
20000a48:	f000 f974 	bl	20000d34 <hw_endpoint_start_next_buffer>
20000a4c:	e5e6      	b.n	2000061c <dcd_rp2040_irq+0x74>
20000a4e:	0020      	movs	r0, r4
20000a50:	2200      	movs	r2, #0
20000a52:	3021      	adds	r0, #33	@ 0x21
20000a54:	30ff      	adds	r0, #255	@ 0xff
20000a56:	54e2      	strb	r2, [r4, r3]
20000a58:	003e      	movs	r6, r7
20000a5a:	f000 f96b 	bl	20000d34 <hw_endpoint_start_next_buffer>
20000a5e:	e5d1      	b.n	20000604 <dcd_rp2040_irq+0x5c>
20000a60:	2200      	movs	r2, #0
20000a62:	54e2      	strb	r2, [r4, r3]
20000a64:	3b1c      	subs	r3, #28
20000a66:	18e0      	adds	r0, r4, r3
20000a68:	f000 f964 	bl	20000d34 <hw_endpoint_start_next_buffer>
20000a6c:	003e      	movs	r6, r7
20000a6e:	e5e5      	b.n	2000063c <dcd_rp2040_irq+0x94>
20000a70:	0020      	movs	r0, r4
20000a72:	2200      	movs	r2, #0
20000a74:	3061      	adds	r0, #97	@ 0x61
20000a76:	30ff      	adds	r0, #255	@ 0xff
20000a78:	54e2      	strb	r2, [r4, r3]
20000a7a:	003e      	movs	r6, r7
20000a7c:	f000 f95a 	bl	20000d34 <hw_endpoint_start_next_buffer>
20000a80:	e5c6      	b.n	20000610 <dcd_rp2040_irq+0x68>
20000a82:	0020      	movs	r0, r4
20000a84:	2200      	movs	r2, #0
20000a86:	30e1      	adds	r0, #225	@ 0xe1
20000a88:	30ff      	adds	r0, #255	@ 0xff
20000a8a:	54e2      	strb	r2, [r4, r3]
20000a8c:	003e      	movs	r6, r7
20000a8e:	f000 f951 	bl	20000d34 <hw_endpoint_start_next_buffer>
20000a92:	e5c9      	b.n	20000628 <dcd_rp2040_irq+0x80>
20000a94:	0020      	movs	r0, r4
20000a96:	2200      	movs	r2, #0
20000a98:	30e0      	adds	r0, #224	@ 0xe0
20000a9a:	54e2      	strb	r2, [r4, r3]
20000a9c:	003e      	movs	r6, r7
20000a9e:	f000 f949 	bl	20000d34 <hw_endpoint_start_next_buffer>
20000aa2:	e5a9      	b.n	200005f8 <dcd_rp2040_irq+0x50>
20000aa4:	2200      	movs	r2, #0
20000aa6:	54e2      	strb	r2, [r4, r3]
20000aa8:	3b1c      	subs	r3, #28
20000aaa:	18e0      	adds	r0, r4, r3
20000aac:	f000 f942 	bl	20000d34 <hw_endpoint_start_next_buffer>
20000ab0:	e754      	b.n	2000095c <dcd_rp2040_irq+0x3b4>
20000ab2:	2200      	movs	r2, #0
20000ab4:	54e2      	strb	r2, [r4, r3]
20000ab6:	3b1c      	subs	r3, #28
20000ab8:	18e0      	adds	r0, r4, r3
20000aba:	f000 f93b 	bl	20000d34 <hw_endpoint_start_next_buffer>
20000abe:	e782      	b.n	200009c6 <dcd_rp2040_irq+0x41e>
20000ac0:	0031      	movs	r1, r6
20000ac2:	480a      	ldr	r0, [pc, #40]	@ (20000aec <dcd_rp2040_irq+0x544>)
20000ac4:	4069      	eors	r1, r5
20000ac6:	f000 fa87 	bl	20000fd8 <__panic_veneer>
20000aca:	46c0      	nop			@ (mov r8, r8)
20000acc:	0000023a 	.word	0x0000023a
20000ad0:	000002ba 	.word	0x000002ba
20000ad4:	0000037a 	.word	0x0000037a
20000ad8:	000003bb 	.word	0x000003bb
20000adc:	000003ba 	.word	0x000003ba
20000ae0:	000003fb 	.word	0x000003fb
20000ae4:	000003fa 	.word	0x000003fa
20000ae8:	0000033a 	.word	0x0000033a
20000aec:	10007a8c 	.word	0x10007a8c

20000af0 <prepare_ep_buffer>:
20000af0:	b5f0      	push	{r4, r5, r6, r7, lr}
20000af2:	46c6      	mov	lr, r8
20000af4:	b500      	push	{lr}
20000af6:	0002      	movs	r2, r0
20000af8:	8a83      	ldrh	r3, [r0, #20]
20000afa:	8b00      	ldrh	r0, [r0, #24]
20000afc:	468c      	mov	ip, r1
20000afe:	1c01      	adds	r1, r0, #0
20000b00:	4298      	cmp	r0, r3
20000b02:	d900      	bls.n	20000b06 <prepare_ep_buffer+0x16>
20000b04:	1c19      	adds	r1, r3, #0
20000b06:	78d4      	ldrb	r4, [r2, #3]
20000b08:	2580      	movs	r5, #128	@ 0x80
20000b0a:	0020      	movs	r0, r4
20000b0c:	1e46      	subs	r6, r0, #1
20000b0e:	41b0      	sbcs	r0, r6
20000b10:	b289      	uxth	r1, r1
20000b12:	00ed      	lsls	r5, r5, #3
20000b14:	430d      	orrs	r5, r1
20000b16:	0340      	lsls	r0, r0, #13
20000b18:	4328      	orrs	r0, r5
20000b1a:	2501      	movs	r5, #1
20000b1c:	406c      	eors	r4, r5
20000b1e:	1a5b      	subs	r3, r3, r1
20000b20:	70d4      	strb	r4, [r2, #3]
20000b22:	7854      	ldrb	r4, [r2, #1]
20000b24:	b29b      	uxth	r3, r3
20000b26:	8293      	strh	r3, [r2, #20]
20000b28:	2c00      	cmp	r4, #0
20000b2a:	d131      	bne.n	20000b90 <prepare_ep_buffer+0xa0>
20000b2c:	4664      	mov	r4, ip
20000b2e:	68d5      	ldr	r5, [r2, #12]
20000b30:	01a4      	lsls	r4, r4, #6
20000b32:	1e4e      	subs	r6, r1, #1
20000b34:	192d      	adds	r5, r5, r4
20000b36:	46b0      	mov	r8, r6
20000b38:	6914      	ldr	r4, [r2, #16]
20000b3a:	2900      	cmp	r1, #0
20000b3c:	d023      	beq.n	20000b86 <prepare_ep_buffer+0x96>
20000b3e:	2e06      	cmp	r6, #6
20000b40:	d932      	bls.n	20000ba8 <prepare_ep_buffer+0xb8>
20000b42:	002b      	movs	r3, r5
20000b44:	4323      	orrs	r3, r4
20000b46:	079b      	lsls	r3, r3, #30
20000b48:	d12e      	bne.n	20000ba8 <prepare_ep_buffer+0xb8>
20000b4a:	1c63      	adds	r3, r4, #1
20000b4c:	1aeb      	subs	r3, r5, r3
20000b4e:	2b02      	cmp	r3, #2
20000b50:	d92a      	bls.n	20000ba8 <prepare_ep_buffer+0xb8>
20000b52:	2300      	movs	r3, #0
20000b54:	088f      	lsrs	r7, r1, #2
20000b56:	00bf      	lsls	r7, r7, #2
20000b58:	58e6      	ldr	r6, [r4, r3]
20000b5a:	50ee      	str	r6, [r5, r3]
20000b5c:	3304      	adds	r3, #4
20000b5e:	429f      	cmp	r7, r3
20000b60:	d1fa      	bne.n	20000b58 <prepare_ep_buffer+0x68>
20000b62:	4643      	mov	r3, r8
20000b64:	19ed      	adds	r5, r5, r7
20000b66:	1bdb      	subs	r3, r3, r7
20000b68:	19e4      	adds	r4, r4, r7
20000b6a:	42b9      	cmp	r1, r7
20000b6c:	d009      	beq.n	20000b82 <prepare_ep_buffer+0x92>
20000b6e:	7826      	ldrb	r6, [r4, #0]
20000b70:	702e      	strb	r6, [r5, #0]
20000b72:	2b00      	cmp	r3, #0
20000b74:	d005      	beq.n	20000b82 <prepare_ep_buffer+0x92>
20000b76:	7866      	ldrb	r6, [r4, #1]
20000b78:	706e      	strb	r6, [r5, #1]
20000b7a:	2b01      	cmp	r3, #1
20000b7c:	d001      	beq.n	20000b82 <prepare_ep_buffer+0x92>
20000b7e:	78a3      	ldrb	r3, [r4, #2]
20000b80:	70ab      	strb	r3, [r5, #2]
20000b82:	6914      	ldr	r4, [r2, #16]
20000b84:	8a93      	ldrh	r3, [r2, #20]
20000b86:	1864      	adds	r4, r4, r1
20000b88:	6114      	str	r4, [r2, #16]
20000b8a:	2280      	movs	r2, #128	@ 0x80
20000b8c:	0212      	lsls	r2, r2, #8
20000b8e:	4310      	orrs	r0, r2
20000b90:	2b00      	cmp	r3, #0
20000b92:	d102      	bne.n	20000b9a <prepare_ep_buffer+0xaa>
20000b94:	2380      	movs	r3, #128	@ 0x80
20000b96:	01db      	lsls	r3, r3, #7
20000b98:	4318      	orrs	r0, r3
20000b9a:	4663      	mov	r3, ip
20000b9c:	2b00      	cmp	r3, #0
20000b9e:	d000      	beq.n	20000ba2 <prepare_ep_buffer+0xb2>
20000ba0:	0400      	lsls	r0, r0, #16
20000ba2:	bc80      	pop	{r7}
20000ba4:	46b8      	mov	r8, r7
20000ba6:	bdf0      	pop	{r4, r5, r6, r7, pc}
20000ba8:	2300      	movs	r3, #0
20000baa:	5ce6      	ldrb	r6, [r4, r3]
20000bac:	54ee      	strb	r6, [r5, r3]
20000bae:	3301      	adds	r3, #1
20000bb0:	4299      	cmp	r1, r3
20000bb2:	d1fa      	bne.n	20000baa <prepare_ep_buffer+0xba>
20000bb4:	e7e5      	b.n	20000b82 <prepare_ep_buffer+0x92>
20000bb6:	46c0      	nop			@ (mov r8, r8)

20000bb8 <sync_ep_buffer>:
20000bb8:	6883      	ldr	r3, [r0, #8]
20000bba:	b5f0      	push	{r4, r5, r6, r7, lr}
20000bbc:	681a      	ldr	r2, [r3, #0]
20000bbe:	0004      	movs	r4, r0
20000bc0:	2900      	cmp	r1, #0
20000bc2:	d000      	beq.n	20000bc6 <sync_ep_buffer+0xe>
20000bc4:	0c12      	lsrs	r2, r2, #16
20000bc6:	7863      	ldrb	r3, [r4, #1]
20000bc8:	0592      	lsls	r2, r2, #22
20000bca:	0d90      	lsrs	r0, r2, #22
20000bcc:	2b00      	cmp	r3, #0
20000bce:	d108      	bne.n	20000be2 <sync_ep_buffer+0x2a>
20000bd0:	8ae3      	ldrh	r3, [r4, #22]
20000bd2:	18c3      	adds	r3, r0, r3
20000bd4:	82e3      	strh	r3, [r4, #22]
20000bd6:	8b23      	ldrh	r3, [r4, #24]
20000bd8:	4283      	cmp	r3, r0
20000bda:	d901      	bls.n	20000be0 <sync_ep_buffer+0x28>
20000bdc:	2300      	movs	r3, #0
20000bde:	82a3      	strh	r3, [r4, #20]
20000be0:	bdf0      	pop	{r4, r5, r6, r7, pc}
20000be2:	68e3      	ldr	r3, [r4, #12]
20000be4:	0189      	lsls	r1, r1, #6
20000be6:	6925      	ldr	r5, [r4, #16]
20000be8:	185e      	adds	r6, r3, r1
20000bea:	1e47      	subs	r7, r0, #1
20000bec:	2800      	cmp	r0, #0
20000bee:	d022      	beq.n	20000c36 <sync_ep_buffer+0x7e>
20000bf0:	2f06      	cmp	r7, #6
20000bf2:	d926      	bls.n	20000c42 <sync_ep_buffer+0x8a>
20000bf4:	3101      	adds	r1, #1
20000bf6:	185b      	adds	r3, r3, r1
20000bf8:	1aeb      	subs	r3, r5, r3
20000bfa:	2b02      	cmp	r3, #2
20000bfc:	d921      	bls.n	20000c42 <sync_ep_buffer+0x8a>
20000bfe:	002b      	movs	r3, r5
20000c00:	4333      	orrs	r3, r6
20000c02:	079b      	lsls	r3, r3, #30
20000c04:	d11d      	bne.n	20000c42 <sync_ep_buffer+0x8a>
20000c06:	2300      	movs	r3, #0
20000c08:	0e12      	lsrs	r2, r2, #24
20000c0a:	0092      	lsls	r2, r2, #2
20000c0c:	58f1      	ldr	r1, [r6, r3]
20000c0e:	50e9      	str	r1, [r5, r3]
20000c10:	3304      	adds	r3, #4
20000c12:	429a      	cmp	r2, r3
20000c14:	d1fa      	bne.n	20000c0c <sync_ep_buffer+0x54>
20000c16:	1abf      	subs	r7, r7, r2
20000c18:	18ad      	adds	r5, r5, r2
20000c1a:	18b6      	adds	r6, r6, r2
20000c1c:	4290      	cmp	r0, r2
20000c1e:	d009      	beq.n	20000c34 <sync_ep_buffer+0x7c>
20000c20:	7832      	ldrb	r2, [r6, #0]
20000c22:	702a      	strb	r2, [r5, #0]
20000c24:	2f00      	cmp	r7, #0
20000c26:	d005      	beq.n	20000c34 <sync_ep_buffer+0x7c>
20000c28:	7872      	ldrb	r2, [r6, #1]
20000c2a:	706a      	strb	r2, [r5, #1]
20000c2c:	2f01      	cmp	r7, #1
20000c2e:	d001      	beq.n	20000c34 <sync_ep_buffer+0x7c>
20000c30:	78b2      	ldrb	r2, [r6, #2]
20000c32:	70aa      	strb	r2, [r5, #2]
20000c34:	6925      	ldr	r5, [r4, #16]
20000c36:	8ae3      	ldrh	r3, [r4, #22]
20000c38:	182d      	adds	r5, r5, r0
20000c3a:	18c3      	adds	r3, r0, r3
20000c3c:	82e3      	strh	r3, [r4, #22]
20000c3e:	6125      	str	r5, [r4, #16]
20000c40:	e7c9      	b.n	20000bd6 <sync_ep_buffer+0x1e>
20000c42:	2200      	movs	r2, #0
20000c44:	5cb3      	ldrb	r3, [r6, r2]
20000c46:	54ab      	strb	r3, [r5, r2]
20000c48:	3201      	adds	r2, #1
20000c4a:	4290      	cmp	r0, r2
20000c4c:	d1fa      	bne.n	20000c44 <sync_ep_buffer+0x8c>
20000c4e:	6925      	ldr	r5, [r4, #16]
20000c50:	e7f1      	b.n	20000c36 <sync_ep_buffer+0x7e>
20000c52:	46c0      	nop			@ (mov r8, r8)

20000c54 <_hw_endpoint_xfer_sync>:
20000c54:	b510      	push	{r4, lr}
20000c56:	0004      	movs	r4, r0
20000c58:	6883      	ldr	r3, [r0, #8]
20000c5a:	2100      	movs	r1, #0
20000c5c:	681b      	ldr	r3, [r3, #0]
20000c5e:	f7ff ffab 	bl	20000bb8 <sync_ep_buffer>
20000c62:	6863      	ldr	r3, [r4, #4]
20000c64:	681b      	ldr	r3, [r3, #0]
20000c66:	005b      	lsls	r3, r3, #1
20000c68:	d502      	bpl.n	20000c70 <_hw_endpoint_xfer_sync+0x1c>
20000c6a:	8b23      	ldrh	r3, [r4, #24]
20000c6c:	4283      	cmp	r3, r0
20000c6e:	d000      	beq.n	20000c72 <_hw_endpoint_xfer_sync+0x1e>
20000c70:	bd10      	pop	{r4, pc}
20000c72:	2101      	movs	r1, #1
20000c74:	0020      	movs	r0, r4
20000c76:	f7ff ff9f 	bl	20000bb8 <sync_ep_buffer>
20000c7a:	e7f9      	b.n	20000c70 <_hw_endpoint_xfer_sync+0x1c>

20000c7c <e15_is_bulkin_ep>:
20000c7c:	4a08      	ldr	r2, [pc, #32]	@ (20000ca0 <e15_is_bulkin_ep+0x24>)
20000c7e:	0003      	movs	r3, r0
20000c80:	6c12      	ldr	r2, [r2, #64]	@ 0x40
20000c82:	2000      	movs	r0, #0
20000c84:	0792      	lsls	r2, r2, #30
20000c86:	d403      	bmi.n	20000c90 <e15_is_bulkin_ep+0x14>
20000c88:	789a      	ldrb	r2, [r3, #2]
20000c8a:	09d2      	lsrs	r2, r2, #7
20000c8c:	2a01      	cmp	r2, #1
20000c8e:	d000      	beq.n	20000c92 <e15_is_bulkin_ep+0x16>
20000c90:	4770      	bx	lr
20000c92:	7ed8      	ldrb	r0, [r3, #27]
20000c94:	3802      	subs	r0, #2
20000c96:	4243      	negs	r3, r0
20000c98:	4158      	adcs	r0, r3
20000c9a:	b2c0      	uxtb	r0, r0
20000c9c:	e7f8      	b.n	20000c90 <e15_is_bulkin_ep+0x14>
20000c9e:	46c0      	nop			@ (mov r8, r8)
20000ca0:	50110000 	.word	0x50110000

20000ca4 <e15_is_critical_frame_period>:
20000ca4:	b510      	push	{r4, lr}
20000ca6:	f7ff ffe9 	bl	20000c7c <e15_is_bulkin_ep>
20000caa:	2800      	cmp	r0, #0
20000cac:	d00c      	beq.n	20000cc8 <e15_is_critical_frame_period+0x24>
20000cae:	4907      	ldr	r1, [pc, #28]	@ (20000ccc <e15_is_critical_frame_period+0x28>)
20000cb0:	4b07      	ldr	r3, [pc, #28]	@ (20000cd0 <e15_is_critical_frame_period+0x2c>)
20000cb2:	468c      	mov	ip, r1
20000cb4:	4a07      	ldr	r2, [pc, #28]	@ (20000cd4 <e15_is_critical_frame_period+0x30>)
20000cb6:	6a9b      	ldr	r3, [r3, #40]	@ 0x28
20000cb8:	6812      	ldr	r2, [r2, #0]
20000cba:	4463      	add	r3, ip
20000cbc:	1a9b      	subs	r3, r3, r2
20000cbe:	2000      	movs	r0, #0
20000cc0:	22c6      	movs	r2, #198	@ 0xc6
20000cc2:	429a      	cmp	r2, r3
20000cc4:	4140      	adcs	r0, r0
20000cc6:	b2c0      	uxtb	r0, r0
20000cc8:	bd10      	pop	{r4, pc}
20000cca:	46c0      	nop			@ (mov r8, r8)
20000ccc:	fffffce0 	.word	0xfffffce0
20000cd0:	40054000 	.word	0x40054000
20000cd4:	20001d9c 	.word	0x20001d9c

20000cd8 <hw_endpoint_reset_transfer>:
20000cd8:	2300      	movs	r3, #0
20000cda:	7683      	strb	r3, [r0, #26]
20000cdc:	6143      	str	r3, [r0, #20]
20000cde:	6103      	str	r3, [r0, #16]
20000ce0:	4770      	bx	lr
20000ce2:	46c0      	nop			@ (mov r8, r8)

20000ce4 <_hw_endpoint_buffer_control_update32>:
20000ce4:	b510      	push	{r4, lr}
20000ce6:	6883      	ldr	r3, [r0, #8]
20000ce8:	2900      	cmp	r1, #0
20000cea:	d001      	beq.n	20000cf0 <_hw_endpoint_buffer_control_update32+0xc>
20000cec:	681c      	ldr	r4, [r3, #0]
20000cee:	4021      	ands	r1, r4
20000cf0:	2a00      	cmp	r2, #0
20000cf2:	d012      	beq.n	20000d1a <_hw_endpoint_buffer_control_update32+0x36>
20000cf4:	2480      	movs	r4, #128	@ 0x80
20000cf6:	00e4      	lsls	r4, r4, #3
20000cf8:	4311      	orrs	r1, r2
20000cfa:	4222      	tst	r2, r4
20000cfc:	d00d      	beq.n	20000d1a <_hw_endpoint_buffer_control_update32+0x36>
20000cfe:	681a      	ldr	r2, [r3, #0]
20000d00:	4222      	tst	r2, r4
20000d02:	d10c      	bne.n	20000d1e <_hw_endpoint_buffer_control_update32+0x3a>
20000d04:	4a08      	ldr	r2, [pc, #32]	@ (20000d28 <_hw_endpoint_buffer_control_update32+0x44>)
20000d06:	400a      	ands	r2, r1
20000d08:	601a      	str	r2, [r3, #0]
20000d0a:	4a08      	ldr	r2, [pc, #32]	@ (20000d2c <_hw_endpoint_buffer_control_update32+0x48>)
20000d0c:	6c12      	ldr	r2, [r2, #64]	@ 0x40
20000d0e:	0792      	lsls	r2, r2, #30
20000d10:	d403      	bmi.n	20000d1a <_hw_endpoint_buffer_control_update32+0x36>
20000d12:	230c      	movs	r3, #12
20000d14:	3b03      	subs	r3, #3
20000d16:	d2fd      	bcs.n	20000d14 <_hw_endpoint_buffer_control_update32+0x30>
20000d18:	6883      	ldr	r3, [r0, #8]
20000d1a:	6019      	str	r1, [r3, #0]
20000d1c:	bd10      	pop	{r4, pc}
20000d1e:	7881      	ldrb	r1, [r0, #2]
20000d20:	4803      	ldr	r0, [pc, #12]	@ (20000d30 <_hw_endpoint_buffer_control_update32+0x4c>)
20000d22:	f000 f959 	bl	20000fd8 <__panic_veneer>
20000d26:	46c0      	nop			@ (mov r8, r8)
20000d28:	fffffbff 	.word	0xfffffbff
20000d2c:	50110000 	.word	0x50110000
20000d30:	10007aa0 	.word	0x10007aa0

20000d34 <hw_endpoint_start_next_buffer>:
20000d34:	6843      	ldr	r3, [r0, #4]
20000d36:	b570      	push	{r4, r5, r6, lr}
20000d38:	2100      	movs	r1, #0
20000d3a:	2580      	movs	r5, #128	@ 0x80
20000d3c:	0004      	movs	r4, r0
20000d3e:	681e      	ldr	r6, [r3, #0]
20000d40:	f7ff fed6 	bl	20000af0 <prepare_ep_buffer>
20000d44:	4b12      	ldr	r3, [pc, #72]	@ (20000d90 <hw_endpoint_start_next_buffer+0x5c>)
20000d46:	016d      	lsls	r5, r5, #5
20000d48:	6c1a      	ldr	r2, [r3, #64]	@ 0x40
20000d4a:	4305      	orrs	r5, r0
20000d4c:	78a3      	ldrb	r3, [r4, #2]
20000d4e:	0792      	lsls	r2, r2, #30
20000d50:	d50e      	bpl.n	20000d70 <hw_endpoint_start_next_buffer+0x3c>
20000d52:	065b      	lsls	r3, r3, #25
20000d54:	d00e      	beq.n	20000d74 <hw_endpoint_start_next_buffer+0x40>
20000d56:	4b0f      	ldr	r3, [pc, #60]	@ (20000d94 <hw_endpoint_start_next_buffer+0x60>)
20000d58:	401e      	ands	r6, r3
20000d5a:	2380      	movs	r3, #128	@ 0x80
20000d5c:	059b      	lsls	r3, r3, #22
20000d5e:	4333      	orrs	r3, r6
20000d60:	6862      	ldr	r2, [r4, #4]
20000d62:	2100      	movs	r1, #0
20000d64:	6013      	str	r3, [r2, #0]
20000d66:	0020      	movs	r0, r4
20000d68:	002a      	movs	r2, r5
20000d6a:	f7ff ffbb 	bl	20000ce4 <_hw_endpoint_buffer_control_update32>
20000d6e:	bd70      	pop	{r4, r5, r6, pc}
20000d70:	09db      	lsrs	r3, r3, #7
20000d72:	d0f0      	beq.n	20000d56 <hw_endpoint_start_next_buffer+0x22>
20000d74:	8aa3      	ldrh	r3, [r4, #20]
20000d76:	2b00      	cmp	r3, #0
20000d78:	d0ed      	beq.n	20000d56 <hw_endpoint_start_next_buffer+0x22>
20000d7a:	2101      	movs	r1, #1
20000d7c:	0020      	movs	r0, r4
20000d7e:	f7ff feb7 	bl	20000af0 <prepare_ep_buffer>
20000d82:	23a0      	movs	r3, #160	@ 0xa0
20000d84:	4a04      	ldr	r2, [pc, #16]	@ (20000d98 <hw_endpoint_start_next_buffer+0x64>)
20000d86:	05db      	lsls	r3, r3, #23
20000d88:	4032      	ands	r2, r6
20000d8a:	4305      	orrs	r5, r0
20000d8c:	4313      	orrs	r3, r2
20000d8e:	e7e7      	b.n	20000d60 <hw_endpoint_start_next_buffer+0x2c>
20000d90:	50110000 	.word	0x50110000
20000d94:	afffffff 	.word	0xafffffff
20000d98:	dfffffff 	.word	0xdfffffff

20000d9c <hw_endpoint_xfer_continue>:
20000d9c:	b570      	push	{r4, r5, r6, lr}
20000d9e:	7e85      	ldrb	r5, [r0, #26]
20000da0:	0004      	movs	r4, r0
20000da2:	2d00      	cmp	r5, #0
20000da4:	d014      	beq.n	20000dd0 <hw_endpoint_xfer_continue+0x34>
20000da6:	f7ff ff55 	bl	20000c54 <_hw_endpoint_xfer_sync>
20000daa:	8aa3      	ldrh	r3, [r4, #20]
20000dac:	2b00      	cmp	r3, #0
20000dae:	d101      	bne.n	20000db4 <hw_endpoint_xfer_continue+0x18>
20000db0:	0028      	movs	r0, r5
20000db2:	bd70      	pop	{r4, r5, r6, pc}
20000db4:	0020      	movs	r0, r4
20000db6:	f7ff ff75 	bl	20000ca4 <e15_is_critical_frame_period>
20000dba:	2800      	cmp	r0, #0
20000dbc:	d003      	beq.n	20000dc6 <hw_endpoint_xfer_continue+0x2a>
20000dbe:	2301      	movs	r3, #1
20000dc0:	2500      	movs	r5, #0
20000dc2:	7723      	strb	r3, [r4, #28]
20000dc4:	e7f4      	b.n	20000db0 <hw_endpoint_xfer_continue+0x14>
20000dc6:	0020      	movs	r0, r4
20000dc8:	f7ff ffb4 	bl	20000d34 <hw_endpoint_start_next_buffer>
20000dcc:	2500      	movs	r5, #0
20000dce:	e7ef      	b.n	20000db0 <hw_endpoint_xfer_continue+0x14>
20000dd0:	7881      	ldrb	r1, [r0, #2]
20000dd2:	4801      	ldr	r0, [pc, #4]	@ (20000dd8 <hw_endpoint_xfer_continue+0x3c>)
20000dd4:	f000 f900 	bl	20000fd8 <__panic_veneer>
20000dd8:	10007ac0 	.word	0x10007ac0

20000ddc <dcd_event_handler>:
20000ddc:	b5f0      	push	{r4, r5, r6, r7, lr}
20000dde:	46ce      	mov	lr, r9
20000de0:	4647      	mov	r7, r8
20000de2:	b580      	push	{r7, lr}
20000de4:	7843      	ldrb	r3, [r0, #1]
20000de6:	0005      	movs	r5, r0
20000de8:	000e      	movs	r6, r1
20000dea:	b085      	sub	sp, #20
20000dec:	2b06      	cmp	r3, #6
20000dee:	d808      	bhi.n	20000e02 <dcd_event_handler+0x26>
20000df0:	4a6c      	ldr	r2, [pc, #432]	@ (20000fa4 <dcd_event_handler+0x1c8>)
20000df2:	009b      	lsls	r3, r3, #2
20000df4:	58d3      	ldr	r3, [r2, r3]
20000df6:	469f      	mov	pc, r3
20000df8:	4a6b      	ldr	r2, [pc, #428]	@ (20000fa8 <dcd_event_handler+0x1cc>)
20000dfa:	7813      	ldrb	r3, [r2, #0]
20000dfc:	3301      	adds	r3, #1
20000dfe:	b2db      	uxtb	r3, r3
20000e00:	7013      	strb	r3, [r2, #0]
20000e02:	4b6a      	ldr	r3, [pc, #424]	@ (20000fac <dcd_event_handler+0x1d0>)
20000e04:	681c      	ldr	r4, [r3, #0]
20000e06:	6962      	ldr	r2, [r4, #20]
20000e08:	f3ef 8110 	mrs	r1, PRIMASK
20000e0c:	b672      	cpsid	i
20000e0e:	6813      	ldr	r3, [r2, #0]
20000e10:	2b00      	cmp	r3, #0
20000e12:	d0fc      	beq.n	20000e0e <dcd_event_handler+0x32>
20000e14:	f3bf 8f5f 	dmb	sy
20000e18:	61a1      	str	r1, [r4, #24]
20000e1a:	0020      	movs	r0, r4
20000e1c:	0029      	movs	r1, r5
20000e1e:	f000 f8e3 	bl	20000fe8 <__tu_fifo_write_veneer>
20000e22:	6962      	ldr	r2, [r4, #20]
20000e24:	69a3      	ldr	r3, [r4, #24]
20000e26:	f3bf 8f5f 	dmb	sy
20000e2a:	2100      	movs	r1, #0
20000e2c:	6011      	str	r1, [r2, #0]
20000e2e:	f383 8810 	msr	PRIMASK, r3
20000e32:	2800      	cmp	r0, #0
20000e34:	d104      	bne.n	20000e40 <dcd_event_handler+0x64>
20000e36:	b005      	add	sp, #20
20000e38:	bcc0      	pop	{r6, r7}
20000e3a:	46b9      	mov	r9, r7
20000e3c:	46b0      	mov	r8, r6
20000e3e:	bdf0      	pop	{r4, r5, r6, r7, pc}
20000e40:	0032      	movs	r2, r6
20000e42:	7869      	ldrb	r1, [r5, #1]
20000e44:	7828      	ldrb	r0, [r5, #0]
20000e46:	f000 f8e7 	bl	20001018 <__tud_event_hook_cb_veneer>
20000e4a:	e7f4      	b.n	20000e36 <dcd_event_handler+0x5a>
20000e4c:	2101      	movs	r1, #1
20000e4e:	4b58      	ldr	r3, [pc, #352]	@ (20000fb0 <dcd_event_handler+0x1d4>)
20000e50:	781a      	ldrb	r2, [r3, #0]
20000e52:	438a      	bics	r2, r1
20000e54:	701a      	strb	r2, [r3, #0]
20000e56:	781a      	ldrb	r2, [r3, #0]
20000e58:	3101      	adds	r1, #1
20000e5a:	438a      	bics	r2, r1
20000e5c:	701a      	strb	r2, [r3, #0]
20000e5e:	2200      	movs	r2, #0
20000e60:	705a      	strb	r2, [r3, #1]
20000e62:	781a      	ldrb	r2, [r3, #0]
20000e64:	3102      	adds	r1, #2
20000e66:	438a      	bics	r2, r1
20000e68:	701a      	strb	r2, [r3, #0]
20000e6a:	e7ca      	b.n	20000e02 <dcd_event_handler+0x26>
20000e6c:	4951      	ldr	r1, [pc, #324]	@ (20000fb4 <dcd_event_handler+0x1d8>)
20000e6e:	4f52      	ldr	r7, [pc, #328]	@ (20000fb8 <dcd_event_handler+0x1dc>)
20000e70:	4689      	mov	r9, r1
20000e72:	4952      	ldr	r1, [pc, #328]	@ (20000fbc <dcd_event_handler+0x1e0>)
20000e74:	2400      	movs	r4, #0
20000e76:	2300      	movs	r3, #0
20000e78:	4688      	mov	r8, r1
20000e7a:	783a      	ldrb	r2, [r7, #0]
20000e7c:	e012      	b.n	20000ea4 <dcd_event_handler+0xc8>
20000e7e:	4643      	mov	r3, r8
20000e80:	681b      	ldr	r3, [r3, #0]
20000e82:	0161      	lsls	r1, r4, #5
20000e84:	185b      	adds	r3, r3, r1
20000e86:	2b00      	cmp	r3, #0
20000e88:	d006      	beq.n	20000e98 <dcd_event_handler+0xbc>
20000e8a:	69db      	ldr	r3, [r3, #28]
20000e8c:	2b00      	cmp	r3, #0
20000e8e:	d003      	beq.n	20000e98 <dcd_event_handler+0xbc>
20000e90:	6869      	ldr	r1, [r5, #4]
20000e92:	7828      	ldrb	r0, [r5, #0]
20000e94:	4798      	blx	r3
20000e96:	783a      	ldrb	r2, [r7, #0]
20000e98:	3401      	adds	r4, #1
20000e9a:	b2e4      	uxtb	r4, r4
20000e9c:	1c51      	adds	r1, r2, #1
20000e9e:	0023      	movs	r3, r4
20000ea0:	42a1      	cmp	r1, r4
20000ea2:	db17      	blt.n	20000ed4 <dcd_event_handler+0xf8>
20000ea4:	42a2      	cmp	r2, r4
20000ea6:	d8ea      	bhi.n	20000e7e <dcd_event_handler+0xa2>
20000ea8:	1a9b      	subs	r3, r3, r2
20000eaa:	015b      	lsls	r3, r3, #5
20000eac:	444b      	add	r3, r9
20000eae:	e7ec      	b.n	20000e8a <dcd_event_handler+0xae>
20000eb0:	4b3f      	ldr	r3, [pc, #252]	@ (20000fb0 <dcd_event_handler+0x1d4>)
20000eb2:	781a      	ldrb	r2, [r3, #0]
20000eb4:	07d2      	lsls	r2, r2, #31
20000eb6:	d5be      	bpl.n	20000e36 <dcd_event_handler+0x5a>
20000eb8:	2104      	movs	r1, #4
20000eba:	781a      	ldrb	r2, [r3, #0]
20000ebc:	430a      	orrs	r2, r1
20000ebe:	701a      	strb	r2, [r3, #0]
20000ec0:	e79f      	b.n	20000e02 <dcd_event_handler+0x26>
20000ec2:	4b3b      	ldr	r3, [pc, #236]	@ (20000fb0 <dcd_event_handler+0x1d4>)
20000ec4:	781a      	ldrb	r2, [r3, #0]
20000ec6:	07d2      	lsls	r2, r2, #31
20000ec8:	d5b5      	bpl.n	20000e36 <dcd_event_handler+0x5a>
20000eca:	2104      	movs	r1, #4
20000ecc:	781a      	ldrb	r2, [r3, #0]
20000ece:	438a      	bics	r2, r1
20000ed0:	701a      	strb	r2, [r3, #0]
20000ed2:	e796      	b.n	20000e02 <dcd_event_handler+0x26>
20000ed4:	4f36      	ldr	r7, [pc, #216]	@ (20000fb0 <dcd_event_handler+0x1d4>)
20000ed6:	783b      	ldrb	r3, [r7, #0]
20000ed8:	075b      	lsls	r3, r3, #29
20000eda:	d52b      	bpl.n	20000f34 <dcd_event_handler+0x158>
20000edc:	2204      	movs	r2, #4
20000ede:	783b      	ldrb	r3, [r7, #0]
20000ee0:	2100      	movs	r1, #0
20000ee2:	4393      	bics	r3, r2
20000ee4:	703b      	strb	r3, [r7, #0]
20000ee6:	466b      	mov	r3, sp
20000ee8:	3206      	adds	r2, #6
20000eea:	1d98      	adds	r0, r3, #6
20000eec:	f000 f884 	bl	20000ff8 <____wrap_memset_veneer>
20000ef0:	782b      	ldrb	r3, [r5, #0]
20000ef2:	ac01      	add	r4, sp, #4
20000ef4:	7023      	strb	r3, [r4, #0]
20000ef6:	2305      	movs	r3, #5
20000ef8:	7063      	strb	r3, [r4, #1]
20000efa:	4b2c      	ldr	r3, [pc, #176]	@ (20000fac <dcd_event_handler+0x1d0>)
20000efc:	681b      	ldr	r3, [r3, #0]
20000efe:	4698      	mov	r8, r3
20000f00:	695a      	ldr	r2, [r3, #20]
20000f02:	f3ef 8110 	mrs	r1, PRIMASK
20000f06:	b672      	cpsid	i
20000f08:	6813      	ldr	r3, [r2, #0]
20000f0a:	2b00      	cmp	r3, #0
20000f0c:	d0fc      	beq.n	20000f08 <dcd_event_handler+0x12c>
20000f0e:	f3bf 8f5f 	dmb	sy
20000f12:	4643      	mov	r3, r8
20000f14:	4640      	mov	r0, r8
20000f16:	6199      	str	r1, [r3, #24]
20000f18:	0021      	movs	r1, r4
20000f1a:	f000 f865 	bl	20000fe8 <__tu_fifo_write_veneer>
20000f1e:	4643      	mov	r3, r8
20000f20:	695a      	ldr	r2, [r3, #20]
20000f22:	699b      	ldr	r3, [r3, #24]
20000f24:	f3bf 8f5f 	dmb	sy
20000f28:	2100      	movs	r1, #0
20000f2a:	6011      	str	r1, [r2, #0]
20000f2c:	f383 8810 	msr	PRIMASK, r3
20000f30:	2800      	cmp	r0, #0
20000f32:	d131      	bne.n	20000f98 <dcd_event_handler+0x1bc>
20000f34:	78fb      	ldrb	r3, [r7, #3]
20000f36:	07db      	lsls	r3, r3, #31
20000f38:	d400      	bmi.n	20000f3c <dcd_event_handler+0x160>
20000f3a:	e77c      	b.n	20000e36 <dcd_event_handler+0x5a>
20000f3c:	466b      	mov	r3, sp
20000f3e:	220a      	movs	r2, #10
20000f40:	2100      	movs	r1, #0
20000f42:	1d98      	adds	r0, r3, #6
20000f44:	f000 f858 	bl	20000ff8 <____wrap_memset_veneer>
20000f48:	782b      	ldrb	r3, [r5, #0]
20000f4a:	ac01      	add	r4, sp, #4
20000f4c:	7023      	strb	r3, [r4, #0]
20000f4e:	2303      	movs	r3, #3
20000f50:	7063      	strb	r3, [r4, #1]
20000f52:	686b      	ldr	r3, [r5, #4]
20000f54:	6063      	str	r3, [r4, #4]
20000f56:	4b15      	ldr	r3, [pc, #84]	@ (20000fac <dcd_event_handler+0x1d0>)
20000f58:	681d      	ldr	r5, [r3, #0]
20000f5a:	696a      	ldr	r2, [r5, #20]
20000f5c:	f3ef 8110 	mrs	r1, PRIMASK
20000f60:	b672      	cpsid	i
20000f62:	6813      	ldr	r3, [r2, #0]
20000f64:	2b00      	cmp	r3, #0
20000f66:	d0fc      	beq.n	20000f62 <dcd_event_handler+0x186>
20000f68:	f3bf 8f5f 	dmb	sy
20000f6c:	61a9      	str	r1, [r5, #24]
20000f6e:	0028      	movs	r0, r5
20000f70:	0021      	movs	r1, r4
20000f72:	f000 f839 	bl	20000fe8 <__tu_fifo_write_veneer>
20000f76:	696a      	ldr	r2, [r5, #20]
20000f78:	69ab      	ldr	r3, [r5, #24]
20000f7a:	f3bf 8f5f 	dmb	sy
20000f7e:	2100      	movs	r1, #0
20000f80:	6011      	str	r1, [r2, #0]
20000f82:	f383 8810 	msr	PRIMASK, r3
20000f86:	2800      	cmp	r0, #0
20000f88:	d100      	bne.n	20000f8c <dcd_event_handler+0x1b0>
20000f8a:	e754      	b.n	20000e36 <dcd_event_handler+0x5a>
20000f8c:	0032      	movs	r2, r6
20000f8e:	7861      	ldrb	r1, [r4, #1]
20000f90:	7820      	ldrb	r0, [r4, #0]
20000f92:	f000 f841 	bl	20001018 <__tud_event_hook_cb_veneer>
20000f96:	e74e      	b.n	20000e36 <dcd_event_handler+0x5a>
20000f98:	0032      	movs	r2, r6
20000f9a:	7861      	ldrb	r1, [r4, #1]
20000f9c:	7820      	ldrb	r0, [r4, #0]
20000f9e:	f000 f83b 	bl	20001018 <__tud_event_hook_cb_veneer>
20000fa2:	e7c7      	b.n	20000f34 <dcd_event_handler+0x158>
20000fa4:	10007f40 	.word	0x10007f40
20000fa8:	20002212 	.word	0x20002212
20000fac:	200016a0 	.word	0x200016a0
20000fb0:	20001648 	.word	0x20001648
20000fb4:	10007f5c 	.word	0x10007f5c
20000fb8:	20002210 	.word	0x20002210
20000fbc:	20001498 	.word	0x20001498

20000fc0 <__aeabi_idiv0>:
20000fc0:	4770      	bx	lr
20000fc2:	46c0      	nop			@ (mov r8, r8)
20000fc4:	0000      	movs	r0, r0
	...

20000fc8 <__rp2040_chip_version_veneer>:
20000fc8:	b401      	push	{r0}
20000fca:	4802      	ldr	r0, [pc, #8]	@ (20000fd4 <__rp2040_chip_version_veneer+0xc>)
20000fcc:	4684      	mov	ip, r0
20000fce:	bc01      	pop	{r0}
20000fd0:	4760      	bx	ip
20000fd2:	bf00      	nop
20000fd4:	1000096d 	.word	0x1000096d

20000fd8 <__panic_veneer>:
20000fd8:	b401      	push	{r0}
20000fda:	4802      	ldr	r0, [pc, #8]	@ (20000fe4 <__panic_veneer+0xc>)
20000fdc:	4684      	mov	ip, r0
20000fde:	bc01      	pop	{r0}
20000fe0:	4760      	bx	ip
20000fe2:	bf00      	nop
20000fe4:	10000979 	.word	0x10000979

20000fe8 <__tu_fifo_write_veneer>:
20000fe8:	b401      	push	{r0}
20000fea:	4802      	ldr	r0, [pc, #8]	@ (20000ff4 <__tu_fifo_write_veneer+0xc>)
20000fec:	4684      	mov	ip, r0
20000fee:	bc01      	pop	{r0}
20000ff0:	4760      	bx	ip
20000ff2:	bf00      	nop
20000ff4:	100070f5 	.word	0x100070f5

20000ff8 <____wrap_memset_veneer>:
20000ff8:	b401      	push	{r0}
20000ffa:	4802      	ldr	r0, [pc, #8]	@ (20001004 <____wrap_memset_veneer+0xc>)
20000ffc:	4684      	mov	ip, r0
20000ffe:	bc01      	pop	{r0}
20001000:	4760      	bx	ip
20001002:	bf00      	nop
20001004:	10002e75 	.word	0x10002e75

20001008 <__time_us_64_veneer>:
20001008:	b401      	push	{r0}
2000100a:	4802      	ldr	r0, [pc, #8]	@ (20001014 <__time_us_64_veneer+0xc>)
2000100c:	4684      	mov	ip, r0
2000100e:	bc01      	pop	{r0}
20001010:	4760      	bx	ip
20001012:	bf00      	nop
20001014:	10001799 	.word	0x10001799

20001018 <__tud_event_hook_cb_veneer>:
20001018:	b401      	push	{r0}
2000101a:	4802      	ldr	r0, [pc, #8]	@ (20001024 <__tud_event_hook_cb_veneer+0xc>)
2000101c:	4684      	mov	ip, r0
2000101e:	bc01      	pop	{r0}
20001020:	4760      	bx	ip
20001022:	bf00      	nop
20001024:	10005669 	.word	0x10005669

20001028 <____wrap___aeabi_lmul_veneer>:
20001028:	b401      	push	{r0}
2000102a:	4802      	ldr	r0, [pc, #8]	@ (20001034 <____wrap___aeabi_lmul_veneer+0xc>)
2000102c:	4684      	mov	ip, r0
2000102e:	bc01      	pop	{r0}
20001030:	4760      	bx	ip
20001032:	bf00      	nop
20001034:	10002cfd 	.word	0x10002cfd

20001038 <__best_effort_wfe_or_timeout_veneer>:
20001038:	b401      	push	{r0}
2000103a:	4802      	ldr	r0, [pc, #8]	@ (20001044 <__best_effort_wfe_or_timeout_veneer+0xc>)
2000103c:	4684      	mov	ip, r0
2000103e:	bc01      	pop	{r0}
20001040:	4760      	bx	ip
20001042:	bf00      	nop
20001044:	10001669 	.word	0x10001669

20001048 <striped_spin_lock_num>:
20001048:	00000010                                ....

2000104c <irq_handler_chain_slots>:
2000104c:	00000000 	.word	0x00000000
20001050:	00010000 	.word	0x00010000
	...
2000105c:	00020000 	.word	0x00020000
	...
20001068:	00030000 	.word	0x00030000
	...
20001074:	00ff0000 	.word	0x00ff0000
20001078:	00000000 	.word	0x00000000

2000107c <irq_handler_chain_first_slot>:
2000107c:	b501      	push	{r0, lr}
2000107e:	6848      	ldr	r0, [r1, #4]
20001080:	3101      	adds	r1, #1
20001082:	468e      	mov	lr, r1
20001084:	4700      	bx	r0

20001086 <irq_handler_chain_remove_tail>:
20001086:	4670      	mov	r0, lr
20001088:	3809      	subs	r0, #9
2000108a:	4901      	ldr	r1, [pc, #4]	@ (20001090 <irq_handler_chain_remove_tail+0xa>)
2000108c:	4788      	blx	r1
2000108e:	bd01      	pop	{r0, pc}
20001090:	10000dd5 	.word	0x10000dd5

20001094 <default_alarm_pool>:
	...
200010a8:	20001110 00000000                       ... ....

200010b0 <aeabi_bits_funcs>:
200010b0:	00003350 	.word	0x00003350
200010b4:	0000334c 	.word	0x0000334c
200010b8:	00003354 	.word	0x00003354
200010bc:	00003352 	.word	0x00003352

200010c0 <aeabi_bits_funcs_end>:
200010c0:	0000534d 	.word	0x0000534d
200010c4:	0000434d 	.word	0x0000434d
200010c8:	00003453 	.word	0x00003453
200010cc:	00003443 	.word	0x00003443

200010d0 <stdio_usb>:
200010d0:	10004e29 10004ddd 10004d51 10004cc9     )N...M..QM...L..
200010e0:	00000000 00000100                       ........

200010e8 <_usbd_qdef>:
200010e8:	200016a4 000c0010 00000000 00000000     ... ............
	...

20001104 <_usbd_rhport>:
20001104:	000000ff                                ....

20001108 <print_mutex>:
	...
